[    8878ms] [ERROR] Failed to load resource: the server responded with a status of 500 (Internal Server Error) @ http://localhost:3000/blogs:0
[    9711ms] [INFO] %cDownload the React DevTools for a better development experience: https://react.dev/link/react-devtools font-weight:bold @ http://localhost:3000/_next/static/chunks/node_modules_react-dom_0bruynb._.js:15305
[   10081ms] Error: ./src/app/globals.css:2486:8
Parsing CSS source code failed
  2484 |   }
  2485 | }
> 2486 | @import url('https://fonts.googleapis.com/css2?family=Playfair+Display:ital,wght@0,400;0...
       |        ^
  2487 | :root {
  2488 |   --background: #F5F0E8;
  2489 |   --background-dark: #0D1B2A;

@import rules must precede all rules aside from @charset and @layer statements

Generated code of PostCSS transform of file content of src/app/globals.css:
./src/app/globals.css:2486:8
  2484 |   }
  2485 | }
> 2486 | @import url('https://fonts.googleapis.com/css2?family=Playfair+Display:ital,wght@0,400;0...
       |        ^
  2487 | :root {
  2488 |   --background: #F5F0E8;
  2489 |   --background-dark: #0D1B2A;

Import trace:
  Client Component Browser:
    ./src/app/globals.css [Client Component Browser]
    ./src/app/(public)/layout.tsx [Server Component]


    at <unknown> (Error: ./src/app/globals.css:2486:8)
    at <unknown> (./src/app/globals.css:2486:8)
    at Object.getCompilationErrors (file:///Users/nikhilshekhawat/Desktop/whitecollarblogs/node_modules/next/dist/server/dev/hot-reloader-turbopack.js:1186:59)
    at DevBundlerService.getCompilationError (file:///Users/nikhilshekhawat/Desktop/whitecollarblogs/node_modules/next/dist/server/lib/dev-bundler-service.js:44:55)
    at DevServer.getCompilationError (file:///Users/nikhilshekhawat/Desktop/whitecollarblogs/node_modules/next/dist/server/dev/next-dev-server.js:720:42)
    at DevServer.findPageComponents (file:///Users/nikhilshekhawat/Desktop/whitecollarblogs/node_modules/next/dist/server/dev/next-dev-server.js:690:43)
    at async DevServer.renderErrorToResponseImpl (file:///Users/nikhilshekhawat/Desktop/whitecollarblogs/node_modules/next/dist/server/base-server.js:1753:26)
[   10104ms] [LOG] [HMR] connected @ http://localhost:3000/_next/static/chunks/node_modules_next_dist_0u_w_5s._.js:1226
[   10604ms] [ERROR] ./src/app/globals.css:2486:8
Parsing CSS source code failed
  2484 |   }
  2485 | }
> 2486 | @import url('https://fonts.googleapis.com/css2?family=Playfair+Display:ital,wght@0,400;0...
       |        ^
  2487 | :root {
  2488 |   --background: #F5F0E8;
  2489 |   --background-dark: #0D1B2A;

@import rules must precede all rules aside from @charset and @layer statements

Generated code of PostCSS transform of file content of src/app/globals.css:
./src/app/globals.css:2486:8
  2484 |   }
  2485 | }
> 2486 | @import url('https://fonts.googleapis.com/css2?family=Playfair+Display:ital,wght@0,400;0...
       |        ^
  2487 | :root {
  2488 |   --background: #F5F0E8;
  2489 |   --background-dark: #0D1B2A;

Import trace:
  Client Component Browser:
    ./src/app/globals.css [Client Component Browser]
    ./src/app/(public)/layout.tsx [Server Component] @ http://localhost:3000/_next/static/chunks/node_modules_next_dist_0u_w_5s._.js:1945
[   10608ms] [ERROR] ./src/app/globals.css:2486:8
Parsing CSS source code failed
  2484 |   }
  2485 | }
> 2486 | @import url('https://fonts.googleapis.com/css2?family=Playfair+Display:ital,wght@0,400;0...
       |        ^
  2487 | :root {
  2488 |   --background: #F5F0E8;
  2489 |   --background-dark: #0D1B2A;

@import rules must precede all rules aside from @charset and @layer statements

Generated code of PostCSS transform of file content of src/app/globals.css:
./src/app/globals.css:2486:8
  2484 |   }
  2485 | }
> 2486 | @import url('https://fonts.googleapis.com/css2?family=Playfair+Display:ital,wght@0,400;0...
       |        ^
  2487 | :root {
  2488 |   --background: #F5F0E8;
  2489 |   --background-dark: #0D1B2A;

Import trace:
  Client Component Browser:
    ./src/app/globals.css [Client Component Browser]
    ./src/app/(public)/layout.tsx [Server Component] @ http://localhost:3000/_next/static/chunks/node_modules_next_dist_0u_w_5s._.js:1945
[   10610ms] [ERROR] ./src/app/globals.css:2486:8
Parsing CSS source code failed
  2484 |   }
  2485 | }
> 2486 | @import url('https://fonts.googleapis.com/css2?family=Playfair+Display:ital,wght@0,400;0...
       |        ^
  2487 | :root {
  2488 |   --background: #F5F0E8;
  2489 |   --background-dark: #0D1B2A;

@import rules must precede all rules aside from @charset and @layer statements

Generated code of PostCSS transform of file content of src/app/globals.css:
./src/app/globals.css:2486:8
  2484 |   }
  2485 | }
> 2486 | @import url('https://fonts.googleapis.com/css2?family=Playfair+Display:ital,wght@0,400;0...
       |        ^
  2487 | :root {
  2488 |   --background: #F5F0E8;
  2489 |   --background-dark: #0D1B2A;

Import trace:
  Client Component Browser:
    ./src/app/globals.css [Client Component Browser]
    ./src/app/(public)/layout.tsx [Server Component] @ http://localhost:3000/_next/static/chunks/node_modules_next_dist_0u_w_5s._.js:1945
[   10802ms] [LOG] [Fast Refresh] rebuilding @ http://localhost:3000/_next/static/chunks/node_modules_next_dist_0u_w_5s._.js:1226
[   10807ms] [ERROR] ./src/app/globals.css:2486:8
Parsing CSS source code failed
  2484 |   }
  2485 | }
> 2486 | @import url('https://fonts.googleapis.com/css2?family=Playfair+Display:ital,wght@0,400;0...
       |        ^
  2487 | :root {
  2488 |   --background: #F5F0E8;
  2489 |   --background-dark: #0D1B2A;

@import rules must precede all rules aside from @charset and @layer statements

Generated code of PostCSS transform of file content of src/app/globals.css:
./src/app/globals.css:2486:8
  2484 |   }
  2485 | }
> 2486 | @import url('https://fonts.googleapis.com/css2?family=Playfair+Display:ital,wght@0,400;0...
       |        ^
  2487 | :root {
  2488 |   --background: #F5F0E8;
  2489 |   --background-dark: #0D1B2A;

Import trace:
  Client Component Browser:
    ./src/app/globals.css [Client Component Browser]
    ./src/app/(public)/layout.tsx [Server Component] @ http://localhost:3000/_next/static/chunks/node_modules_next_dist_0u_w_5s._.js:1945
[   10809ms] [ERROR] ./src/app/globals.css:2486:8
Parsing CSS source code failed
  2484 |   }
  2485 | }
> 2486 | @import url('https://fonts.googleapis.com/css2?family=Playfair+Display:ital,wght@0,400;0...
       |        ^
  2487 | :root {
  2488 |   --background: #F5F0E8;
  2489 |   --background-dark: #0D1B2A;

@import rules must precede all rules aside from @charset and @layer statements

Generated code of PostCSS transform of file content of src/app/globals.css:
./src/app/globals.css:2486:8
  2484 |   }
  2485 | }
> 2486 | @import url('https://fonts.googleapis.com/css2?family=Playfair+Display:ital,wght@0,400;0...
       |        ^
  2487 | :root {
  2488 |   --background: #F5F0E8;
  2489 |   --background-dark: #0D1B2A;

Import trace:
  Client Component Browser:
    ./src/app/globals.css [Client Component Browser]
    ./src/app/(public)/layout.tsx [Server Component] @ http://localhost:3000/_next/static/chunks/node_modules_next_dist_0u_w_5s._.js:1945
[   10867ms] [ERROR] ./src/app/globals.css:2486:8
Parsing CSS source code failed
  2484 |   }
  2485 | }
> 2486 | @import url('https://fonts.googleapis.com/css2?family=Playfair+Display:ital,wght@0,400;0...
       |        ^
  2487 | :root {
  2488 |   --background: #F5F0E8;
  2489 |   --background-dark: #0D1B2A;

@import rules must precede all rules aside from @charset and @layer statements

Generated code of PostCSS transform of file content of src/app/globals.css:
./src/app/globals.css:2486:8
  2484 |   }
  2485 | }
> 2486 | @import url('https://fonts.googleapis.com/css2?family=Playfair+Display:ital,wght@0,400;0...
       |        ^
  2487 | :root {
  2488 |   --background: #F5F0E8;
  2489 |   --background-dark: #0D1B2A;

Import trace:
  Client Component Browser:
    ./src/app/globals.css [Client Component Browser]
    ./src/app/(public)/layout.tsx [Server Component] @ http://localhost:3000/_next/static/chunks/node_modules_next_dist_0u_w_5s._.js:1945
[   11100ms] [LOG] [Fast Refresh] rebuilding @ http://localhost:3000/_next/static/chunks/node_modules_next_dist_0u_w_5s._.js:1226
[   11292ms] [ERROR] ./src/app/globals.css:2486:8
Parsing CSS source code failed
  2484 |   }
  2485 | }
> 2486 | @import url('https://fonts.googleapis.com/css2?family=Playfair+Display:ital,wght@0,400;0...
       |        ^
  2487 | :root {
  2488 |   --background: #F5F0E8;
  2489 |   --background-dark: #0D1B2A;

@import rules must precede all rules aside from @charset and @layer statements

Generated code of PostCSS transform of file content of src/app/globals.css:
./src/app/globals.css:2486:8
  2484 |   }
  2485 | }
> 2486 | @import url('https://fonts.googleapis.com/css2?family=Playfair+Display:ital,wght@0,400;0...
       |        ^
  2487 | :root {
  2488 |   --background: #F5F0E8;
  2489 |   --background-dark: #0D1B2A;

Import trace:
  Client Component Browser:
    ./src/app/globals.css [Client Component Browser]
    ./src/app/(public)/layout.tsx [Server Component] @ http://localhost:3000/_next/static/chunks/node_modules_next_dist_0u_w_5s._.js:1945
[   11299ms] [ERROR] ./src/app/globals.css:2486:8
Parsing CSS source code failed
  2484 |   }
  2485 | }
> 2486 | @import url('https://fonts.googleapis.com/css2?family=Playfair+Display:ital,wght@0,400;0...
       |        ^
  2487 | :root {
  2488 |   --background: #F5F0E8;
  2489 |   --background-dark: #0D1B2A;

@import rules must precede all rules aside from @charset and @layer statements

Generated code of PostCSS transform of file content of src/app/globals.css:
./src/app/globals.css:2486:8
  2484 |   }
  2485 | }
> 2486 | @import url('https://fonts.googleapis.com/css2?family=Playfair+Display:ital,wght@0,400;0...
       |        ^
  2487 | :root {
  2488 |   --background: #F5F0E8;
  2489 |   --background-dark: #0D1B2A;

Import trace:
  Client Component Browser:
    ./src/app/globals.css [Client Component Browser]
    ./src/app/(public)/layout.tsx [Server Component] @ http://localhost:3000/_next/static/chunks/node_modules_next_dist_0u_w_5s._.js:1945
[   11306ms] [ERROR] ./src/app/globals.css:2486:8
Parsing CSS source code failed
  2484 |   }
  2485 | }
> 2486 | @import url('https://fonts.googleapis.com/css2?family=Playfair+Display:ital,wght@0,400;0...
       |        ^
  2487 | :root {
  2488 |   --background: #F5F0E8;
  2489 |   --background-dark: #0D1B2A;

@import rules must precede all rules aside from @charset and @layer statements

Generated code of PostCSS transform of file content of src/app/globals.css:
./src/app/globals.css:2486:8
  2484 |   }
  2485 | }
> 2486 | @import url('https://fonts.googleapis.com/css2?family=Playfair+Display:ital,wght@0,400;0...
       |        ^
  2487 | :root {
  2488 |   --background: #F5F0E8;
  2489 |   --background-dark: #0D1B2A;

Import trace:
  Client Component Browser:
    ./src/app/globals.css [Client Component Browser]
    ./src/app/(public)/layout.tsx [Server Component] @ http://localhost:3000/_next/static/chunks/node_modules_next_dist_0u_w_5s._.js:1945
[   11402ms] [ERROR] ./src/app/globals.css:2486:8
Parsing CSS source code failed
  2484 |   }
  2485 | }
> 2486 | @import url('https://fonts.googleapis.com/css2?family=Playfair+Display:ital,wght@0,400;0...
       |        ^
  2487 | :root {
  2488 |   --background: #F5F0E8;
  2489 |   --background-dark: #0D1B2A;

@import rules must precede all rules aside from @charset and @layer statements

Generated code of PostCSS transform of file content of src/app/globals.css:
./src/app/globals.css:2486:8
  2484 |   }
  2485 | }
> 2486 | @import url('https://fonts.googleapis.com/css2?family=Playfair+Display:ital,wght@0,400;0...
       |        ^
  2487 | :root {
  2488 |   --background: #F5F0E8;
  2489 |   --background-dark: #0D1B2A;

Import trace:
  Client Component Browser:
    ./src/app/globals.css [Client Component Browser]
    ./src/app/(public)/layout.tsx [Server Component] @ http://localhost:3000/_next/static/chunks/node_modules_next_dist_0u_w_5s._.js:1945
[   11455ms] [ERROR] ./src/app/globals.css:2486:8
Parsing CSS source code failed
  2484 |   }
  2485 | }
> 2486 | @import url('https://fonts.googleapis.com/css2?family=Playfair+Display:ital,wght@0,400;0...
       |        ^
  2487 | :root {
  2488 |   --background: #F5F0E8;
  2489 |   --background-dark: #0D1B2A;

@import rules must precede all rules aside from @charset and @layer statements

Generated code of PostCSS transform of file content of src/app/globals.css:
./src/app/globals.css:2486:8
  2484 |   }
  2485 | }
> 2486 | @import url('https://fonts.googleapis.com/css2?family=Playfair+Display:ital,wght@0,400;0...
       |        ^
  2487 | :root {
  2488 |   --background: #F5F0E8;
  2489 |   --background-dark: #0D1B2A;

Import trace:
  Client Component Browser:
    ./src/app/globals.css [Client Component Browser]
    ./src/app/(public)/layout.tsx [Server Component] @ http://localhost:3000/_next/static/chunks/node_modules_next_dist_0u_w_5s._.js:1945
[   11501ms] [ERROR] ./src/app/globals.css:2486:8
Parsing CSS source code failed
  2484 |   }
  2485 | }
> 2486 | @import url('https://fonts.googleapis.com/css2?family=Playfair+Display:ital,wght@0,400;0...
       |        ^
  2487 | :root {
  2488 |   --background: #F5F0E8;
  2489 |   --background-dark: #0D1B2A;

@import rules must precede all rules aside from @charset and @layer statements

Generated code of PostCSS transform of file content of src/app/globals.css:
./src/app/globals.css:2486:8
  2484 |   }
  2485 | }
> 2486 | @import url('https://fonts.googleapis.com/css2?family=Playfair+Display:ital,wght@0,400;0...
       |        ^
  2487 | :root {
  2488 |   --background: #F5F0E8;
  2489 |   --background-dark: #0D1B2A;

Import trace:
  Client Component Browser:
    ./src/app/globals.css [Client Component Browser]
    ./src/app/(public)/layout.tsx [Server Component] @ http://localhost:3000/_next/static/chunks/node_modules_next_dist_0u_w_5s._.js:1945
[   11549ms] [ERROR] ./src/app/globals.css:2486:8
Parsing CSS source code failed
  2484 |   }
  2485 | }
> 2486 | @import url('https://fonts.googleapis.com/css2?family=Playfair+Display:ital,wght@0,400;0...
       |        ^
  2487 | :root {
  2488 |   --background: #F5F0E8;
  2489 |   --background-dark: #0D1B2A;

@import rules must precede all rules aside from @charset and @layer statements

Generated code of PostCSS transform of file content of src/app/globals.css:
./src/app/globals.css:2486:8
  2484 |   }
  2485 | }
> 2486 | @import url('https://fonts.googleapis.com/css2?family=Playfair+Display:ital,wght@0,400;0...
       |        ^
  2487 | :root {
  2488 |   --background: #F5F0E8;
  2489 |   --background-dark: #0D1B2A;

Import trace:
  Client Component Browser:
    ./src/app/globals.css [Client Component Browser]
    ./src/app/(public)/layout.tsx [Server Component] @ http://localhost:3000/_next/static/chunks/node_modules_next_dist_0u_w_5s._.js:1945
[   11603ms] [ERROR] ./src/app/globals.css:2486:8
Parsing CSS source code failed
  2484 |   }
  2485 | }
> 2486 | @import url('https://fonts.googleapis.com/css2?family=Playfair+Display:ital,wght@0,400;0...
       |        ^
  2487 | :root {
  2488 |   --background: #F5F0E8;
  2489 |   --background-dark: #0D1B2A;

@import rules must precede all rules aside from @charset and @layer statements

Generated code of PostCSS transform of file content of src/app/globals.css:
./src/app/globals.css:2486:8
  2484 |   }
  2485 | }
> 2486 | @import url('https://fonts.googleapis.com/css2?family=Playfair+Display:ital,wght@0,400;0...
       |        ^
  2487 | :root {
  2488 |   --background: #F5F0E8;
  2489 |   --background-dark: #0D1B2A;

Import trace:
  Client Component Browser:
    ./src/app/globals.css [Client Component Browser]
    ./src/app/(public)/layout.tsx [Server Component] @ http://localhost:3000/_next/static/chunks/node_modules_next_dist_0u_w_5s._.js:1945
[   11653ms] [ERROR] ./src/app/globals.css:2486:8
Parsing CSS source code failed
  2484 |   }
  2485 | }
> 2486 | @import url('https://fonts.googleapis.com/css2?family=Playfair+Display:ital,wght@0,400;0...
       |        ^
  2487 | :root {
  2488 |   --background: #F5F0E8;
  2489 |   --background-dark: #0D1B2A;

@import rules must precede all rules aside from @charset and @layer statements

Generated code of PostCSS transform of file content of src/app/globals.css:
./src/app/globals.css:2486:8
  2484 |   }
  2485 | }
> 2486 | @import url('https://fonts.googleapis.com/css2?family=Playfair+Display:ital,wght@0,400;0...
       |        ^
  2487 | :root {
  2488 |   --background: #F5F0E8;
  2489 |   --background-dark: #0D1B2A;

Import trace:
  Client Component Browser:
    ./src/app/globals.css [Client Component Browser]
    ./src/app/(public)/layout.tsx [Server Component] @ http://localhost:3000/_next/static/chunks/node_modules_next_dist_0u_w_5s._.js:1945
[   11699ms] [ERROR] ./src/app/globals.css:2486:8
Parsing CSS source code failed
  2484 |   }
  2485 | }
> 2486 | @import url('https://fonts.googleapis.com/css2?family=Playfair+Display:ital,wght@0,400;0...
       |        ^
  2487 | :root {
  2488 |   --background: #F5F0E8;
  2489 |   --background-dark: #0D1B2A;

@import rules must precede all rules aside from @charset and @layer statements

Generated code of PostCSS transform of file content of src/app/globals.css:
./src/app/globals.css:2486:8
  2484 |   }
  2485 | }
> 2486 | @import url('https://fonts.googleapis.com/css2?family=Playfair+Display:ital,wght@0,400;0...
       |        ^
  2487 | :root {
  2488 |   --background: #F5F0E8;
  2489 |   --background-dark: #0D1B2A;

Import trace:
  Client Component Browser:
    ./src/app/globals.css [Client Component Browser]
    ./src/app/(public)/layout.tsx [Server Component] @ http://localhost:3000/_next/static/chunks/node_modules_next_dist_0u_w_5s._.js:1945
[   11753ms] [ERROR] ./src/app/globals.css:2486:8
Parsing CSS source code failed
  2484 |   }
  2485 | }
> 2486 | @import url('https://fonts.googleapis.com/css2?family=Playfair+Display:ital,wght@0,400;0...
       |        ^
  2487 | :root {
  2488 |   --background: #F5F0E8;
  2489 |   --background-dark: #0D1B2A;

@import rules must precede all rules aside from @charset and @layer statements

Generated code of PostCSS transform of file content of src/app/globals.css:
./src/app/globals.css:2486:8
  2484 |   }
  2485 | }
> 2486 | @import url('https://fonts.googleapis.com/css2?family=Playfair+Display:ital,wght@0,400;0...
       |        ^
  2487 | :root {
  2488 |   --background: #F5F0E8;
  2489 |   --background-dark: #0D1B2A;

Import trace:
  Client Component Browser:
    ./src/app/globals.css [Client Component Browser]
    ./src/app/(public)/layout.tsx [Server Component] @ http://localhost:3000/_next/static/chunks/node_modules_next_dist_0u_w_5s._.js:1945
[   11805ms] [ERROR] ./src/app/globals.css:2486:8
Parsing CSS source code failed
  2484 |   }
  2485 | }
> 2486 | @import url('https://fonts.googleapis.com/css2?family=Playfair+Display:ital,wght@0,400;0...
       |        ^
  2487 | :root {
  2488 |   --background: #F5F0E8;
  2489 |   --background-dark: #0D1B2A;

@import rules must precede all rules aside from @charset and @layer statements

Generated code of PostCSS transform of file content of src/app/globals.css:
./src/app/globals.css:2486:8
  2484 |   }
  2485 | }
> 2486 | @import url('https://fonts.googleapis.com/css2?family=Playfair+Display:ital,wght@0,400;0...
       |        ^
  2487 | :root {
  2488 |   --background: #F5F0E8;
  2489 |   --background-dark: #0D1B2A;

Import trace:
  Client Component Browser:
    ./src/app/globals.css [Client Component Browser]
    ./src/app/(public)/layout.tsx [Server Component] @ http://localhost:3000/_next/static/chunks/node_modules_next_dist_0u_w_5s._.js:1945
[   11854ms] [ERROR] ./src/app/globals.css:2486:8
Parsing CSS source code failed
  2484 |   }
  2485 | }
> 2486 | @import url('https://fonts.googleapis.com/css2?family=Playfair+Display:ital,wght@0,400;0...
       |        ^
  2487 | :root {
  2488 |   --background: #F5F0E8;
  2489 |   --background-dark: #0D1B2A;

@import rules must precede all rules aside from @charset and @layer statements

Generated code of PostCSS transform of file content of src/app/globals.css:
./src/app/globals.css:2486:8
  2484 |   }
  2485 | }
> 2486 | @import url('https://fonts.googleapis.com/css2?family=Playfair+Display:ital,wght@0,400;0...
       |        ^
  2487 | :root {
  2488 |   --background: #F5F0E8;
  2489 |   --background-dark: #0D1B2A;

Import trace:
  Client Component Browser:
    ./src/app/globals.css [Client Component Browser]
    ./src/app/(public)/layout.tsx [Server Component] @ http://localhost:3000/_next/static/chunks/node_modules_next_dist_0u_w_5s._.js:1945
[   11905ms] [ERROR] ./src/app/globals.css:2486:8
Parsing CSS source code failed
  2484 |   }
  2485 | }
> 2486 | @import url('https://fonts.googleapis.com/css2?family=Playfair+Display:ital,wght@0,400;0...
       |        ^
  2487 | :root {
  2488 |   --background: #F5F0E8;
  2489 |   --background-dark: #0D1B2A;

@import rules must precede all rules aside from @charset and @layer statements

Generated code of PostCSS transform of file content of src/app/globals.css:
./src/app/globals.css:2486:8
  2484 |   }
  2485 | }
> 2486 | @import url('https://fonts.googleapis.com/css2?family=Playfair+Display:ital,wght@0,400;0...
       |        ^
  2487 | :root {
  2488 |   --background: #F5F0E8;
  2489 |   --background-dark: #0D1B2A;

Import trace:
  Client Component Browser:
    ./src/app/globals.css [Client Component Browser]
    ./src/app/(public)/layout.tsx [Server Component] @ http://localhost:3000/_next/static/chunks/node_modules_next_dist_0u_w_5s._.js:1945
[   11960ms] [ERROR] ./src/app/globals.css:2486:8
Parsing CSS source code failed
  2484 |   }
  2485 | }
> 2486 | @import url('https://fonts.googleapis.com/css2?family=Playfair+Display:ital,wght@0,400;0...
       |        ^
  2487 | :root {
  2488 |   --background: #F5F0E8;
  2489 |   --background-dark: #0D1B2A;

@import rules must precede all rules aside from @charset and @layer statements

Generated code of PostCSS transform of file content of src/app/globals.css:
./src/app/globals.css:2486:8
  2484 |   }
  2485 | }
> 2486 | @import url('https://fonts.googleapis.com/css2?family=Playfair+Display:ital,wght@0,400;0...
       |        ^
  2487 | :root {
  2488 |   --background: #F5F0E8;
  2489 |   --background-dark: #0D1B2A;

Import trace:
  Client Component Browser:
    ./src/app/globals.css [Client Component Browser]
    ./src/app/(public)/layout.tsx [Server Component] @ http://localhost:3000/_next/static/chunks/node_modules_next_dist_0u_w_5s._.js:1945
[   12007ms] [ERROR] ./src/app/globals.css:2486:8
Parsing CSS source code failed
  2484 |   }
  2485 | }
> 2486 | @import url('https://fonts.googleapis.com/css2?family=Playfair+Display:ital,wght@0,400;0...
       |        ^
  2487 | :root {
  2488 |   --background: #F5F0E8;
  2489 |   --background-dark: #0D1B2A;

@import rules must precede all rules aside from @charset and @layer statements

Generated code of PostCSS transform of file content of src/app/globals.css:
./src/app/globals.css:2486:8
  2484 |   }
  2485 | }
> 2486 | @import url('https://fonts.googleapis.com/css2?family=Playfair+Display:ital,wght@0,400;0...
       |        ^
  2487 | :root {
  2488 |   --background: #F5F0E8;
  2489 |   --background-dark: #0D1B2A;

Import trace:
  Client Component Browser:
    ./src/app/globals.css [Client Component Browser]
    ./src/app/(public)/layout.tsx [Server Component] @ http://localhost:3000/_next/static/chunks/node_modules_next_dist_0u_w_5s._.js:1945
[   12061ms] [ERROR] ./src/app/globals.css:2486:8
Parsing CSS source code failed
  2484 |   }
  2485 | }
> 2486 | @import url('https://fonts.googleapis.com/css2?family=Playfair+Display:ital,wght@0,400;0...
       |        ^
  2487 | :root {
  2488 |   --background: #F5F0E8;
  2489 |   --background-dark: #0D1B2A;

@import rules must precede all rules aside from @charset and @layer statements

Generated code of PostCSS transform of file content of src/app/globals.css:
./src/app/globals.css:2486:8
  2484 |   }
  2485 | }
> 2486 | @import url('https://fonts.googleapis.com/css2?family=Playfair+Display:ital,wght@0,400;0...
       |        ^
  2487 | :root {
  2488 |   --background: #F5F0E8;
  2489 |   --background-dark: #0D1B2A;

Import trace:
  Client Component Browser:
    ./src/app/globals.css [Client Component Browser]
    ./src/app/(public)/layout.tsx [Server Component] @ http://localhost:3000/_next/static/chunks/node_modules_next_dist_0u_w_5s._.js:1945
[   12110ms] [ERROR] ./src/app/globals.css:2486:8
Parsing CSS source code failed
  2484 |   }
  2485 | }
> 2486 | @import url('https://fonts.googleapis.com/css2?family=Playfair+Display:ital,wght@0,400;0...
       |        ^
  2487 | :root {
  2488 |   --background: #F5F0E8;
  2489 |   --background-dark: #0D1B2A;

@import rules must precede all rules aside from @charset and @layer statements

Generated code of PostCSS transform of file content of src/app/globals.css:
./src/app/globals.css:2486:8
  2484 |   }
  2485 | }
> 2486 | @import url('https://fonts.googleapis.com/css2?family=Playfair+Display:ital,wght@0,400;0...
       |        ^
  2487 | :root {
  2488 |   --background: #F5F0E8;
  2489 |   --background-dark: #0D1B2A;

Import trace:
  Client Component Browser:
    ./src/app/globals.css [Client Component Browser]
    ./src/app/(public)/layout.tsx [Server Component] @ http://localhost:3000/_next/static/chunks/node_modules_next_dist_0u_w_5s._.js:1945
[   12161ms] [ERROR] ./src/app/globals.css:2486:8
Parsing CSS source code failed
  2484 |   }
  2485 | }
> 2486 | @import url('https://fonts.googleapis.com/css2?family=Playfair+Display:ital,wght@0,400;0...
       |        ^
  2487 | :root {
  2488 |   --background: #F5F0E8;
  2489 |   --background-dark: #0D1B2A;

@import rules must precede all rules aside from @charset and @layer statements

Generated code of PostCSS transform of file content of src/app/globals.css:
./src/app/globals.css:2486:8
  2484 |   }
  2485 | }
> 2486 | @import url('https://fonts.googleapis.com/css2?family=Playfair+Display:ital,wght@0,400;0...
       |        ^
  2487 | :root {
  2488 |   --background: #F5F0E8;
  2489 |   --background-dark: #0D1B2A;

Import trace:
  Client Component Browser:
    ./src/app/globals.css [Client Component Browser]
    ./src/app/(public)/layout.tsx [Server Component] @ http://localhost:3000/_next/static/chunks/node_modules_next_dist_0u_w_5s._.js:1945
[   12211ms] [ERROR] ./src/app/globals.css:2486:8
Parsing CSS source code failed
  2484 |   }
  2485 | }
> 2486 | @import url('https://fonts.googleapis.com/css2?family=Playfair+Display:ital,wght@0,400;0...
       |        ^
  2487 | :root {
  2488 |   --background: #F5F0E8;
  2489 |   --background-dark: #0D1B2A;

@import rules must precede all rules aside from @charset and @layer statements

Generated code of PostCSS transform of file content of src/app/globals.css:
./src/app/globals.css:2486:8
  2484 |   }
  2485 | }
> 2486 | @import url('https://fonts.googleapis.com/css2?family=Playfair+Display:ital,wght@0,400;0...
       |        ^
  2487 | :root {
  2488 |   --background: #F5F0E8;
  2489 |   --background-dark: #0D1B2A;

Import trace:
  Client Component Browser:
    ./src/app/globals.css [Client Component Browser]
    ./src/app/(public)/layout.tsx [Server Component] @ http://localhost:3000/_next/static/chunks/node_modules_next_dist_0u_w_5s._.js:1945
[   12261ms] [ERROR] ./src/app/globals.css:2486:8
Parsing CSS source code failed
  2484 |   }
  2485 | }
> 2486 | @import url('https://fonts.googleapis.com/css2?family=Playfair+Display:ital,wght@0,400;0...
       |        ^
  2487 | :root {
  2488 |   --background: #F5F0E8;
  2489 |   --background-dark: #0D1B2A;

@import rules must precede all rules aside from @charset and @layer statements

Generated code of PostCSS transform of file content of src/app/globals.css:
./src/app/globals.css:2486:8
  2484 |   }
  2485 | }
> 2486 | @import url('https://fonts.googleapis.com/css2?family=Playfair+Display:ital,wght@0,400;0...
       |        ^
  2487 | :root {
  2488 |   --background: #F5F0E8;
  2489 |   --background-dark: #0D1B2A;

Import trace:
  Client Component Browser:
    ./src/app/globals.css [Client Component Browser]
    ./src/app/(public)/layout.tsx [Server Component] @ http://localhost:3000/_next/static/chunks/node_modules_next_dist_0u_w_5s._.js:1945
[   12311ms] [ERROR] ./src/app/globals.css:2486:8
Parsing CSS source code failed
  2484 |   }
  2485 | }
> 2486 | @import url('https://fonts.googleapis.com/css2?family=Playfair+Display:ital,wght@0,400;0...
       |        ^
  2487 | :root {
  2488 |   --background: #F5F0E8;
  2489 |   --background-dark: #0D1B2A;

@import rules must precede all rules aside from @charset and @layer statements

Generated code of PostCSS transform of file content of src/app/globals.css:
./src/app/globals.css:2486:8
  2484 |   }
  2485 | }
> 2486 | @import url('https://fonts.googleapis.com/css2?family=Playfair+Display:ital,wght@0,400;0...
       |        ^
  2487 | :root {
  2488 |   --background: #F5F0E8;
  2489 |   --background-dark: #0D1B2A;

Import trace:
  Client Component Browser:
    ./src/app/globals.css [Client Component Browser]
    ./src/app/(public)/layout.tsx [Server Component] @ http://localhost:3000/_next/static/chunks/node_modules_next_dist_0u_w_5s._.js:1945
[   12361ms] [ERROR] ./src/app/globals.css:2486:8
Parsing CSS source code failed
  2484 |   }
  2485 | }
> 2486 | @import url('https://fonts.googleapis.com/css2?family=Playfair+Display:ital,wght@0,400;0...
       |        ^
  2487 | :root {
  2488 |   --background: #F5F0E8;
  2489 |   --background-dark: #0D1B2A;

@import rules must precede all rules aside from @charset and @layer statements

Generated code of PostCSS transform of file content of src/app/globals.css:
./src/app/globals.css:2486:8
  2484 |   }
  2485 | }
> 2486 | @import url('https://fonts.googleapis.com/css2?family=Playfair+Display:ital,wght@0,400;0...
       |        ^
  2487 | :root {
  2488 |   --background: #F5F0E8;
  2489 |   --background-dark: #0D1B2A;

Import trace:
  Client Component Browser:
    ./src/app/globals.css [Client Component Browser]
    ./src/app/(public)/layout.tsx [Server Component] @ http://localhost:3000/_next/static/chunks/node_modules_next_dist_0u_w_5s._.js:1945
[   12411ms] [ERROR] ./src/app/globals.css:2486:8
Parsing CSS source code failed
  2484 |   }
  2485 | }
> 2486 | @import url('https://fonts.googleapis.com/css2?family=Playfair+Display:ital,wght@0,400;0...
       |        ^
  2487 | :root {
  2488 |   --background: #F5F0E8;
  2489 |   --background-dark: #0D1B2A;

@import rules must precede all rules aside from @charset and @layer statements

Generated code of PostCSS transform of file content of src/app/globals.css:
./src/app/globals.css:2486:8
  2484 |   }
  2485 | }
> 2486 | @import url('https://fonts.googleapis.com/css2?family=Playfair+Display:ital,wght@0,400;0...
       |        ^
  2487 | :root {
  2488 |   --background: #F5F0E8;
  2489 |   --background-dark: #0D1B2A;

Import trace:
  Client Component Browser:
    ./src/app/globals.css [Client Component Browser]
    ./src/app/(public)/layout.tsx [Server Component] @ http://localhost:3000/_next/static/chunks/node_modules_next_dist_0u_w_5s._.js:1945
[   12473ms] [ERROR] ./src/app/globals.css:2486:8
Parsing CSS source code failed
  2484 |   }
  2485 | }
> 2486 | @import url('https://fonts.googleapis.com/css2?family=Playfair+Display:ital,wght@0,400;0...
       |        ^
  2487 | :root {
  2488 |   --background: #F5F0E8;
  2489 |   --background-dark: #0D1B2A;

@import rules must precede all rules aside from @charset and @layer statements

Generated code of PostCSS transform of file content of src/app/globals.css:
./src/app/globals.css:2486:8
  2484 |   }
  2485 | }
> 2486 | @import url('https://fonts.googleapis.com/css2?family=Playfair+Display:ital,wght@0,400;0...
       |        ^
  2487 | :root {
  2488 |   --background: #F5F0E8;
  2489 |   --background-dark: #0D1B2A;

Import trace:
  Client Component Browser:
    ./src/app/globals.css [Client Component Browser]
    ./src/app/(public)/layout.tsx [Server Component] @ http://localhost:3000/_next/static/chunks/node_modules_next_dist_0u_w_5s._.js:1945
[   12539ms] [ERROR] ./src/app/globals.css:2486:8
Parsing CSS source code failed
  2484 |   }
  2485 | }
> 2486 | @import url('https://fonts.googleapis.com/css2?family=Playfair+Display:ital,wght@0,400;0...
       |        ^
  2487 | :root {
  2488 |   --background: #F5F0E8;
  2489 |   --background-dark: #0D1B2A;

@import rules must precede all rules aside from @charset and @layer statements

Generated code of PostCSS transform of file content of src/app/globals.css:
./src/app/globals.css:2486:8
  2484 |   }
  2485 | }
> 2486 | @import url('https://fonts.googleapis.com/css2?family=Playfair+Display:ital,wght@0,400;0...
       |        ^
  2487 | :root {
  2488 |   --background: #F5F0E8;
  2489 |   --background-dark: #0D1B2A;

Import trace:
  Client Component Browser:
    ./src/app/globals.css [Client Component Browser]
    ./src/app/(public)/layout.tsx [Server Component] @ http://localhost:3000/_next/static/chunks/node_modules_next_dist_0u_w_5s._.js:1945
[   12595ms] [ERROR] ./src/app/globals.css:2486:8
Parsing CSS source code failed
  2484 |   }
  2485 | }
> 2486 | @import url('https://fonts.googleapis.com/css2?family=Playfair+Display:ital,wght@0,400;0...
       |        ^
  2487 | :root {
  2488 |   --background: #F5F0E8;
  2489 |   --background-dark: #0D1B2A;

@import rules must precede all rules aside from @charset and @layer statements

Generated code of PostCSS transform of file content of src/app/globals.css:
./src/app/globals.css:2486:8
  2484 |   }
  2485 | }
> 2486 | @import url('https://fonts.googleapis.com/css2?family=Playfair+Display:ital,wght@0,400;0...
       |        ^
  2487 | :root {
  2488 |   --background: #F5F0E8;
  2489 |   --background-dark: #0D1B2A;

Import trace:
  Client Component Browser:
    ./src/app/globals.css [Client Component Browser]
    ./src/app/(public)/layout.tsx [Server Component] @ http://localhost:3000/_next/static/chunks/node_modules_next_dist_0u_w_5s._.js:1945
[   12647ms] [ERROR] ./src/app/globals.css:2486:8
Parsing CSS source code failed
  2484 |   }
  2485 | }
> 2486 | @import url('https://fonts.googleapis.com/css2?family=Playfair+Display:ital,wght@0,400;0...
       |        ^
  2487 | :root {
  2488 |   --background: #F5F0E8;
  2489 |   --background-dark: #0D1B2A;

@import rules must precede all rules aside from @charset and @layer statements

Generated code of PostCSS transform of file content of src/app/globals.css:
./src/app/globals.css:2486:8
  2484 |   }
  2485 | }
> 2486 | @import url('https://fonts.googleapis.com/css2?family=Playfair+Display:ital,wght@0,400;0...
       |        ^
  2487 | :root {
  2488 |   --background: #F5F0E8;
  2489 |   --background-dark: #0D1B2A;

Import trace:
  Client Component Browser:
    ./src/app/globals.css [Client Component Browser]
    ./src/app/(public)/layout.tsx [Server Component] @ http://localhost:3000/_next/static/chunks/node_modules_next_dist_0u_w_5s._.js:1945
[   12694ms] [ERROR] ./src/app/globals.css:2486:8
Parsing CSS source code failed
  2484 |   }
  2485 | }
> 2486 | @import url('https://fonts.googleapis.com/css2?family=Playfair+Display:ital,wght@0,400;0...
       |        ^
  2487 | :root {
  2488 |   --background: #F5F0E8;
  2489 |   --background-dark: #0D1B2A;

@import rules must precede all rules aside from @charset and @layer statements

Generated code of PostCSS transform of file content of src/app/globals.css:
./src/app/globals.css:2486:8
  2484 |   }
  2485 | }
> 2486 | @import url('https://fonts.googleapis.com/css2?family=Playfair+Display:ital,wght@0,400;0...
       |        ^
  2487 | :root {
  2488 |   --background: #F5F0E8;
  2489 |   --background-dark: #0D1B2A;

Import trace:
  Client Component Browser:
    ./src/app/globals.css [Client Component Browser]
    ./src/app/(public)/layout.tsx [Server Component] @ http://localhost:3000/_next/static/chunks/node_modules_next_dist_0u_w_5s._.js:1945
[   12743ms] [ERROR] ./src/app/globals.css:2486:8
Parsing CSS source code failed
  2484 |   }
  2485 | }
> 2486 | @import url('https://fonts.googleapis.com/css2?family=Playfair+Display:ital,wght@0,400;0...
       |        ^
  2487 | :root {
  2488 |   --background: #F5F0E8;
  2489 |   --background-dark: #0D1B2A;

@import rules must precede all rules aside from @charset and @layer statements

Generated code of PostCSS transform of file content of src/app/globals.css:
./src/app/globals.css:2486:8
  2484 |   }
  2485 | }
> 2486 | @import url('https://fonts.googleapis.com/css2?family=Playfair+Display:ital,wght@0,400;0...
       |        ^
  2487 | :root {
  2488 |   --background: #F5F0E8;
  2489 |   --background-dark: #0D1B2A;

Import trace:
  Client Component Browser:
    ./src/app/globals.css [Client Component Browser]
    ./src/app/(public)/layout.tsx [Server Component] @ http://localhost:3000/_next/static/chunks/node_modules_next_dist_0u_w_5s._.js:1945
[   12792ms] [ERROR] ./src/app/globals.css:2486:8
Parsing CSS source code failed
  2484 |   }
  2485 | }
> 2486 | @import url('https://fonts.googleapis.com/css2?family=Playfair+Display:ital,wght@0,400;0...
       |        ^
  2487 | :root {
  2488 |   --background: #F5F0E8;
  2489 |   --background-dark: #0D1B2A;

@import rules must precede all rules aside from @charset and @layer statements

Generated code of PostCSS transform of file content of src/app/globals.css:
./src/app/globals.css:2486:8
  2484 |   }
  2485 | }
> 2486 | @import url('https://fonts.googleapis.com/css2?family=Playfair+Display:ital,wght@0,400;0...
       |        ^
  2487 | :root {
  2488 |   --background: #F5F0E8;
  2489 |   --background-dark: #0D1B2A;

Import trace:
  Client Component Browser:
    ./src/app/globals.css [Client Component Browser]
    ./src/app/(public)/layout.tsx [Server Component] @ http://localhost:3000/_next/static/chunks/node_modules_next_dist_0u_w_5s._.js:1945
[   12845ms] [ERROR] ./src/app/globals.css:2486:8
Parsing CSS source code failed
  2484 |   }
  2485 | }
> 2486 | @import url('https://fonts.googleapis.com/css2?family=Playfair+Display:ital,wght@0,400;0...
       |        ^
  2487 | :root {
  2488 |   --background: #F5F0E8;
  2489 |   --background-dark: #0D1B2A;

@import rules must precede all rules aside from @charset and @layer statements

Generated code of PostCSS transform of file content of src/app/globals.css:
./src/app/globals.css:2486:8
  2484 |   }
  2485 | }
> 2486 | @import url('https://fonts.googleapis.com/css2?family=Playfair+Display:ital,wght@0,400;0...
       |        ^
  2487 | :root {
  2488 |   --background: #F5F0E8;
  2489 |   --background-dark: #0D1B2A;

Import trace:
  Client Component Browser:
    ./src/app/globals.css [Client Component Browser]
    ./src/app/(public)/layout.tsx [Server Component] @ http://localhost:3000/_next/static/chunks/node_modules_next_dist_0u_w_5s._.js:1945
[   12893ms] [ERROR] ./src/app/globals.css:2486:8
Parsing CSS source code failed
  2484 |   }
  2485 | }
> 2486 | @import url('https://fonts.googleapis.com/css2?family=Playfair+Display:ital,wght@0,400;0...
       |        ^
  2487 | :root {
  2488 |   --background: #F5F0E8;
  2489 |   --background-dark: #0D1B2A;

@import rules must precede all rules aside from @charset and @layer statements

Generated code of PostCSS transform of file content of src/app/globals.css:
./src/app/globals.css:2486:8
  2484 |   }
  2485 | }
> 2486 | @import url('https://fonts.googleapis.com/css2?family=Playfair+Display:ital,wght@0,400;0...
       |        ^
  2487 | :root {
  2488 |   --background: #F5F0E8;
  2489 |   --background-dark: #0D1B2A;

Import trace:
  Client Component Browser:
    ./src/app/globals.css [Client Component Browser]
    ./src/app/(public)/layout.tsx [Server Component] @ http://localhost:3000/_next/static/chunks/node_modules_next_dist_0u_w_5s._.js:1945
[   12940ms] [ERROR] ./src/app/globals.css:2486:8
Parsing CSS source code failed
  2484 |   }
  2485 | }
> 2486 | @import url('https://fonts.googleapis.com/css2?family=Playfair+Display:ital,wght@0,400;0...
       |        ^
  2487 | :root {
  2488 |   --background: #F5F0E8;
  2489 |   --background-dark: #0D1B2A;

@import rules must precede all rules aside from @charset and @layer statements

Generated code of PostCSS transform of file content of src/app/globals.css:
./src/app/globals.css:2486:8
  2484 |   }
  2485 | }
> 2486 | @import url('https://fonts.googleapis.com/css2?family=Playfair+Display:ital,wght@0,400;0...
       |        ^
  2487 | :root {
  2488 |   --background: #F5F0E8;
  2489 |   --background-dark: #0D1B2A;

Import trace:
  Client Component Browser:
    ./src/app/globals.css [Client Component Browser]
    ./src/app/(public)/layout.tsx [Server Component] @ http://localhost:3000/_next/static/chunks/node_modules_next_dist_0u_w_5s._.js:1945
[   13062ms] [ERROR] ./src/app/globals.css:2486:8
Parsing CSS source code failed
  2484 |   }
  2485 | }
> 2486 | @import url('https://fonts.googleapis.com/css2?family=Playfair+Display:ital,wght@0,400;0...
       |        ^
  2487 | :root {
  2488 |   --background: #F5F0E8;
  2489 |   --background-dark: #0D1B2A;

@import rules must precede all rules aside from @charset and @layer statements

Generated code of PostCSS transform of file content of src/app/globals.css:
./src/app/globals.css:2486:8
  2484 |   }
  2485 | }
> 2486 | @import url('https://fonts.googleapis.com/css2?family=Playfair+Display:ital,wght@0,400;0...
       |        ^
  2487 | :root {
  2488 |   --background: #F5F0E8;
  2489 |   --background-dark: #0D1B2A;

Import trace:
  Client Component Browser:
    ./src/app/globals.css [Client Component Browser]
    ./src/app/(public)/layout.tsx [Server Component] @ http://localhost:3000/_next/static/chunks/node_modules_next_dist_0u_w_5s._.js:1945
[   13064ms] [LOG] [Fast Refresh] rebuilding @ http://localhost:3000/_next/static/chunks/node_modules_next_dist_0u_w_5s._.js:1226
[   13125ms] [ERROR] ./src/app/globals.css:2486:8
Parsing CSS source code failed
  2484 |   }
  2485 | }
> 2486 | @import url('https://fonts.googleapis.com/css2?family=Playfair+Display:ital,wght@0,400;0...
       |        ^
  2487 | :root {
  2488 |   --background: #F5F0E8;
  2489 |   --background-dark: #0D1B2A;

@import rules must precede all rules aside from @charset and @layer statements

Generated code of PostCSS transform of file content of src/app/globals.css:
./src/app/globals.css:2486:8
  2484 |   }
  2485 | }
> 2486 | @import url('https://fonts.googleapis.com/css2?family=Playfair+Display:ital,wght@0,400;0...
       |        ^
  2487 | :root {
  2488 |   --background: #F5F0E8;
  2489 |   --background-dark: #0D1B2A;

Import trace:
  Client Component Browser:
    ./src/app/globals.css [Client Component Browser]
    ./src/app/(public)/layout.tsx [Server Component] @ http://localhost:3000/_next/static/chunks/node_modules_next_dist_0u_w_5s._.js:1945
[   13176ms] [ERROR] ./src/app/globals.css:2486:8
Parsing CSS source code failed
  2484 |   }
  2485 | }
> 2486 | @import url('https://fonts.googleapis.com/css2?family=Playfair+Display:ital,wght@0,400;0...
       |        ^
  2487 | :root {
  2488 |   --background: #F5F0E8;
  2489 |   --background-dark: #0D1B2A;

@import rules must precede all rules aside from @charset and @layer statements

Generated code of PostCSS transform of file content of src/app/globals.css:
./src/app/globals.css:2486:8
  2484 |   }
  2485 | }
> 2486 | @import url('https://fonts.googleapis.com/css2?family=Playfair+Display:ital,wght@0,400;0...
       |        ^
  2487 | :root {
  2488 |   --background: #F5F0E8;
  2489 |   --background-dark: #0D1B2A;

Import trace:
  Client Component Browser:
    ./src/app/globals.css [Client Component Browser]
    ./src/app/(public)/layout.tsx [Server Component] @ http://localhost:3000/_next/static/chunks/node_modules_next_dist_0u_w_5s._.js:1945
[   13231ms] [ERROR] ./src/app/globals.css:2486:8
Parsing CSS source code failed
  2484 |   }
  2485 | }
> 2486 | @import url('https://fonts.googleapis.com/css2?family=Playfair+Display:ital,wght@0,400;0...
       |        ^
  2487 | :root {
  2488 |   --background: #F5F0E8;
  2489 |   --background-dark: #0D1B2A;

@import rules must precede all rules aside from @charset and @layer statements

Generated code of PostCSS transform of file content of src/app/globals.css:
./src/app/globals.css:2486:8
  2484 |   }
  2485 | }
> 2486 | @import url('https://fonts.googleapis.com/css2?family=Playfair+Display:ital,wght@0,400;0...
       |        ^
  2487 | :root {
  2488 |   --background: #F5F0E8;
  2489 |   --background-dark: #0D1B2A;

Import trace:
  Client Component Browser:
    ./src/app/globals.css [Client Component Browser]
    ./src/app/(public)/layout.tsx [Server Component] @ http://localhost:3000/_next/static/chunks/node_modules_next_dist_0u_w_5s._.js:1945
[   13286ms] [ERROR] ./src/app/globals.css:2486:8
Parsing CSS source code failed
  2484 |   }
  2485 | }
> 2486 | @import url('https://fonts.googleapis.com/css2?family=Playfair+Display:ital,wght@0,400;0...
       |        ^
  2487 | :root {
  2488 |   --background: #F5F0E8;
  2489 |   --background-dark: #0D1B2A;

@import rules must precede all rules aside from @charset and @layer statements

Generated code of PostCSS transform of file content of src/app/globals.css:
./src/app/globals.css:2486:8
  2484 |   }
  2485 | }
> 2486 | @import url('https://fonts.googleapis.com/css2?family=Playfair+Display:ital,wght@0,400;0...
       |        ^
  2487 | :root {
  2488 |   --background: #F5F0E8;
  2489 |   --background-dark: #0D1B2A;

Import trace:
  Client Component Browser:
    ./src/app/globals.css [Client Component Browser]
    ./src/app/(public)/layout.tsx [Server Component] @ http://localhost:3000/_next/static/chunks/node_modules_next_dist_0u_w_5s._.js:1945
[   13340ms] [ERROR] ./src/app/globals.css:2486:8
Parsing CSS source code failed
  2484 |   }
  2485 | }
> 2486 | @import url('https://fonts.googleapis.com/css2?family=Playfair+Display:ital,wght@0,400;0...
       |        ^
  2487 | :root {
  2488 |   --background: #F5F0E8;
  2489 |   --background-dark: #0D1B2A;

@import rules must precede all rules aside from @charset and @layer statements

Generated code of PostCSS transform of file content of src/app/globals.css:
./src/app/globals.css:2486:8
  2484 |   }
  2485 | }
> 2486 | @import url('https://fonts.googleapis.com/css2?family=Playfair+Display:ital,wght@0,400;0...
       |        ^
  2487 | :root {
  2488 |   --background: #F5F0E8;
  2489 |   --background-dark: #0D1B2A;

Import trace:
  Client Component Browser:
    ./src/app/globals.css [Client Component Browser]
    ./src/app/(public)/layout.tsx [Server Component] @ http://localhost:3000/_next/static/chunks/node_modules_next_dist_0u_w_5s._.js:1945
[   13396ms] [ERROR] ./src/app/globals.css:2486:8
Parsing CSS source code failed
  2484 |   }
  2485 | }
> 2486 | @import url('https://fonts.googleapis.com/css2?family=Playfair+Display:ital,wght@0,400;0...
       |        ^
  2487 | :root {
  2488 |   --background: #F5F0E8;
  2489 |   --background-dark: #0D1B2A;

@import rules must precede all rules aside from @charset and @layer statements

Generated code of PostCSS transform of file content of src/app/globals.css:
./src/app/globals.css:2486:8
  2484 |   }
  2485 | }
> 2486 | @import url('https://fonts.googleapis.com/css2?family=Playfair+Display:ital,wght@0,400;0...
       |        ^
  2487 | :root {
  2488 |   --background: #F5F0E8;
  2489 |   --background-dark: #0D1B2A;

Import trace:
  Client Component Browser:
    ./src/app/globals.css [Client Component Browser]
    ./src/app/(public)/layout.tsx [Server Component] @ http://localhost:3000/_next/static/chunks/node_modules_next_dist_0u_w_5s._.js:1945
[   13455ms] [ERROR] ./src/app/globals.css:2486:8
Parsing CSS source code failed
  2484 |   }
  2485 | }
> 2486 | @import url('https://fonts.googleapis.com/css2?family=Playfair+Display:ital,wght@0,400;0...
       |        ^
  2487 | :root {
  2488 |   --background: #F5F0E8;
  2489 |   --background-dark: #0D1B2A;

@import rules must precede all rules aside from @charset and @layer statements

Generated code of PostCSS transform of file content of src/app/globals.css:
./src/app/globals.css:2486:8
  2484 |   }
  2485 | }
> 2486 | @import url('https://fonts.googleapis.com/css2?family=Playfair+Display:ital,wght@0,400;0...
       |        ^
  2487 | :root {
  2488 |   --background: #F5F0E8;
  2489 |   --background-dark: #0D1B2A;

Import trace:
  Client Component Browser:
    ./src/app/globals.css [Client Component Browser]
    ./src/app/(public)/layout.tsx [Server Component] @ http://localhost:3000/_next/static/chunks/node_modules_next_dist_0u_w_5s._.js:1945
[   13506ms] [ERROR] ./src/app/globals.css:2486:8
Parsing CSS source code failed
  2484 |   }
  2485 | }
> 2486 | @import url('https://fonts.googleapis.com/css2?family=Playfair+Display:ital,wght@0,400;0...
       |        ^
  2487 | :root {
  2488 |   --background: #F5F0E8;
  2489 |   --background-dark: #0D1B2A;

@import rules must precede all rules aside from @charset and @layer statements

Generated code of PostCSS transform of file content of src/app/globals.css:
./src/app/globals.css:2486:8
  2484 |   }
  2485 | }
> 2486 | @import url('https://fonts.googleapis.com/css2?family=Playfair+Display:ital,wght@0,400;0...
       |        ^
  2487 | :root {
  2488 |   --background: #F5F0E8;
  2489 |   --background-dark: #0D1B2A;

Import trace:
  Client Component Browser:
    ./src/app/globals.css [Client Component Browser]
    ./src/app/(public)/layout.tsx [Server Component] @ http://localhost:3000/_next/static/chunks/node_modules_next_dist_0u_w_5s._.js:1945
[   13556ms] [ERROR] ./src/app/globals.css:2486:8
Parsing CSS source code failed
  2484 |   }
  2485 | }
> 2486 | @import url('https://fonts.googleapis.com/css2?family=Playfair+Display:ital,wght@0,400;0...
       |        ^
  2487 | :root {
  2488 |   --background: #F5F0E8;
  2489 |   --background-dark: #0D1B2A;

@import rules must precede all rules aside from @charset and @layer statements

Generated code of PostCSS transform of file content of src/app/globals.css:
./src/app/globals.css:2486:8
  2484 |   }
  2485 | }
> 2486 | @import url('https://fonts.googleapis.com/css2?family=Playfair+Display:ital,wght@0,400;0...
       |        ^
  2487 | :root {
  2488 |   --background: #F5F0E8;
  2489 |   --background-dark: #0D1B2A;

Import trace:
  Client Component Browser:
    ./src/app/globals.css [Client Component Browser]
    ./src/app/(public)/layout.tsx [Server Component] @ http://localhost:3000/_next/static/chunks/node_modules_next_dist_0u_w_5s._.js:1945
[   13605ms] [ERROR] ./src/app/globals.css:2486:8
Parsing CSS source code failed
  2484 |   }
  2485 | }
> 2486 | @import url('https://fonts.googleapis.com/css2?family=Playfair+Display:ital,wght@0,400;0...
       |        ^
  2487 | :root {
  2488 |   --background: #F5F0E8;
  2489 |   --background-dark: #0D1B2A;

@import rules must precede all rules aside from @charset and @layer statements

Generated code of PostCSS transform of file content of src/app/globals.css:
./src/app/globals.css:2486:8
  2484 |   }
  2485 | }
> 2486 | @import url('https://fonts.googleapis.com/css2?family=Playfair+Display:ital,wght@0,400;0...
       |        ^
  2487 | :root {
  2488 |   --background: #F5F0E8;
  2489 |   --background-dark: #0D1B2A;

Import trace:
  Client Component Browser:
    ./src/app/globals.css [Client Component Browser]
    ./src/app/(public)/layout.tsx [Server Component] @ http://localhost:3000/_next/static/chunks/node_modules_next_dist_0u_w_5s._.js:1945
[   13658ms] [ERROR] ./src/app/globals.css:2486:8
Parsing CSS source code failed
  2484 |   }
  2485 | }
> 2486 | @import url('https://fonts.googleapis.com/css2?family=Playfair+Display:ital,wght@0,400;0...
       |        ^
  2487 | :root {
  2488 |   --background: #F5F0E8;
  2489 |   --background-dark: #0D1B2A;

@import rules must precede all rules aside from @charset and @layer statements

Generated code of PostCSS transform of file content of src/app/globals.css:
./src/app/globals.css:2486:8
  2484 |   }
  2485 | }
> 2486 | @import url('https://fonts.googleapis.com/css2?family=Playfair+Display:ital,wght@0,400;0...
       |        ^
  2487 | :root {
  2488 |   --background: #F5F0E8;
  2489 |   --background-dark: #0D1B2A;

Import trace:
  Client Component Browser:
    ./src/app/globals.css [Client Component Browser]
    ./src/app/(public)/layout.tsx [Server Component] @ http://localhost:3000/_next/static/chunks/node_modules_next_dist_0u_w_5s._.js:1945
[   13712ms] [ERROR] ./src/app/globals.css:2486:8
Parsing CSS source code failed
  2484 |   }
  2485 | }
> 2486 | @import url('https://fonts.googleapis.com/css2?family=Playfair+Display:ital,wght@0,400;0...
       |        ^
  2487 | :root {
  2488 |   --background: #F5F0E8;
  2489 |   --background-dark: #0D1B2A;

@import rules must precede all rules aside from @charset and @layer statements

Generated code of PostCSS transform of file content of src/app/globals.css:
./src/app/globals.css:2486:8
  2484 |   }
  2485 | }
> 2486 | @import url('https://fonts.googleapis.com/css2?family=Playfair+Display:ital,wght@0,400;0...
       |        ^
  2487 | :root {
  2488 |   --background: #F5F0E8;
  2489 |   --background-dark: #0D1B2A;

Import trace:
  Client Component Browser:
    ./src/app/globals.css [Client Component Browser]
    ./src/app/(public)/layout.tsx [Server Component] @ http://localhost:3000/_next/static/chunks/node_modules_next_dist_0u_w_5s._.js:1945
[   13761ms] [ERROR] ./src/app/globals.css:2486:8
Parsing CSS source code failed
  2484 |   }
  2485 | }
> 2486 | @import url('https://fonts.googleapis.com/css2?family=Playfair+Display:ital,wght@0,400;0...
       |        ^
  2487 | :root {
  2488 |   --background: #F5F0E8;
  2489 |   --background-dark: #0D1B2A;

@import rules must precede all rules aside from @charset and @layer statements

Generated code of PostCSS transform of file content of src/app/globals.css:
./src/app/globals.css:2486:8
  2484 |   }
  2485 | }
> 2486 | @import url('https://fonts.googleapis.com/css2?family=Playfair+Display:ital,wght@0,400;0...
       |        ^
  2487 | :root {
  2488 |   --background: #F5F0E8;
  2489 |   --background-dark: #0D1B2A;

Import trace:
  Client Component Browser:
    ./src/app/globals.css [Client Component Browser]
    ./src/app/(public)/layout.tsx [Server Component] @ http://localhost:3000/_next/static/chunks/node_modules_next_dist_0u_w_5s._.js:1945
[   13812ms] [ERROR] ./src/app/globals.css:2486:8
Parsing CSS source code failed
  2484 |   }
  2485 | }
> 2486 | @import url('https://fonts.googleapis.com/css2?family=Playfair+Display:ital,wght@0,400;0...
       |        ^
  2487 | :root {
  2488 |   --background: #F5F0E8;
  2489 |   --background-dark: #0D1B2A;

@import rules must precede all rules aside from @charset and @layer statements

Generated code of PostCSS transform of file content of src/app/globals.css:
./src/app/globals.css:2486:8
  2484 |   }
  2485 | }
> 2486 | @import url('https://fonts.googleapis.com/css2?family=Playfair+Display:ital,wght@0,400;0...
       |        ^
  2487 | :root {
  2488 |   --background: #F5F0E8;
  2489 |   --background-dark: #0D1B2A;

Import trace:
  Client Component Browser:
    ./src/app/globals.css [Client Component Browser]
    ./src/app/(public)/layout.tsx [Server Component] @ http://localhost:3000/_next/static/chunks/node_modules_next_dist_0u_w_5s._.js:1945
[   13862ms] [ERROR] ./src/app/globals.css:2486:8
Parsing CSS source code failed
  2484 |   }
  2485 | }
> 2486 | @import url('https://fonts.googleapis.com/css2?family=Playfair+Display:ital,wght@0,400;0...
       |        ^
  2487 | :root {
  2488 |   --background: #F5F0E8;
  2489 |   --background-dark: #0D1B2A;

@import rules must precede all rules aside from @charset and @layer statements

Generated code of PostCSS transform of file content of src/app/globals.css:
./src/app/globals.css:2486:8
  2484 |   }
  2485 | }
> 2486 | @import url('https://fonts.googleapis.com/css2?family=Playfair+Display:ital,wght@0,400;0...
       |        ^
  2487 | :root {
  2488 |   --background: #F5F0E8;
  2489 |   --background-dark: #0D1B2A;

Import trace:
  Client Component Browser:
    ./src/app/globals.css [Client Component Browser]
    ./src/app/(public)/layout.tsx [Server Component] @ http://localhost:3000/_next/static/chunks/node_modules_next_dist_0u_w_5s._.js:1945
[   13913ms] [ERROR] ./src/app/globals.css:2486:8
Parsing CSS source code failed
  2484 |   }
  2485 | }
> 2486 | @import url('https://fonts.googleapis.com/css2?family=Playfair+Display:ital,wght@0,400;0...
       |        ^
  2487 | :root {
  2488 |   --background: #F5F0E8;
  2489 |   --background-dark: #0D1B2A;

@import rules must precede all rules aside from @charset and @layer statements

Generated code of PostCSS transform of file content of src/app/globals.css:
./src/app/globals.css:2486:8
  2484 |   }
  2485 | }
> 2486 | @import url('https://fonts.googleapis.com/css2?family=Playfair+Display:ital,wght@0,400;0...
       |        ^
  2487 | :root {
  2488 |   --background: #F5F0E8;
  2489 |   --background-dark: #0D1B2A;

Import trace:
  Client Component Browser:
    ./src/app/globals.css [Client Component Browser]
    ./src/app/(public)/layout.tsx [Server Component] @ http://localhost:3000/_next/static/chunks/node_modules_next_dist_0u_w_5s._.js:1945
[   14031ms] [LOG] [Fast Refresh] rebuilding @ http://localhost:3000/_next/static/chunks/node_modules_next_dist_0u_w_5s._.js:1226
[   14083ms] [ERROR] ./src/app/globals.css:2486:8
Parsing CSS source code failed
  2484 |   }
  2485 | }
> 2486 | @import url('https://fonts.googleapis.com/css2?family=Playfair+Display:ital,wght@0,400;0...
       |        ^
  2487 | :root {
  2488 |   --background: #F5F0E8;
  2489 |   --background-dark: #0D1B2A;

@import rules must precede all rules aside from @charset and @layer statements

Generated code of PostCSS transform of file content of src/app/globals.css:
./src/app/globals.css:2486:8
  2484 |   }
  2485 | }
> 2486 | @import url('https://fonts.googleapis.com/css2?family=Playfair+Display:ital,wght@0,400;0...
       |        ^
  2487 | :root {
  2488 |   --background: #F5F0E8;
  2489 |   --background-dark: #0D1B2A;

Import trace:
  Client Component Browser:
    ./src/app/globals.css [Client Component Browser]
    ./src/app/(public)/layout.tsx [Server Component] @ http://localhost:3000/_next/static/chunks/node_modules_next_dist_0u_w_5s._.js:1945
[   14128ms] [ERROR] ./src/app/globals.css:2486:8
Parsing CSS source code failed
  2484 |   }
  2485 | }
> 2486 | @import url('https://fonts.googleapis.com/css2?family=Playfair+Display:ital,wght@0,400;0...
       |        ^
  2487 | :root {
  2488 |   --background: #F5F0E8;
  2489 |   --background-dark: #0D1B2A;

@import rules must precede all rules aside from @charset and @layer statements

Generated code of PostCSS transform of file content of src/app/globals.css:
./src/app/globals.css:2486:8
  2484 |   }
  2485 | }
> 2486 | @import url('https://fonts.googleapis.com/css2?family=Playfair+Display:ital,wght@0,400;0...
       |        ^
  2487 | :root {
  2488 |   --background: #F5F0E8;
  2489 |   --background-dark: #0D1B2A;

Import trace:
  Client Component Browser:
    ./src/app/globals.css [Client Component Browser]
    ./src/app/(public)/layout.tsx [Server Component] @ http://localhost:3000/_next/static/chunks/node_modules_next_dist_0u_w_5s._.js:1945
[   14176ms] [ERROR] ./src/app/globals.css:2486:8
Parsing CSS source code failed
  2484 |   }
  2485 | }
> 2486 | @import url('https://fonts.googleapis.com/css2?family=Playfair+Display:ital,wght@0,400;0...
       |        ^
  2487 | :root {
  2488 |   --background: #F5F0E8;
  2489 |   --background-dark: #0D1B2A;

@import rules must precede all rules aside from @charset and @layer statements

Generated code of PostCSS transform of file content of src/app/globals.css:
./src/app/globals.css:2486:8
  2484 |   }
  2485 | }
> 2486 | @import url('https://fonts.googleapis.com/css2?family=Playfair+Display:ital,wght@0,400;0...
       |        ^
  2487 | :root {
  2488 |   --background: #F5F0E8;
  2489 |   --background-dark: #0D1B2A;

Import trace:
  Client Component Browser:
    ./src/app/globals.css [Client Component Browser]
    ./src/app/(public)/layout.tsx [Server Component] @ http://localhost:3000/_next/static/chunks/node_modules_next_dist_0u_w_5s._.js:1945
[   14228ms] [ERROR] ./src/app/globals.css:2486:8
Parsing CSS source code failed
  2484 |   }
  2485 | }
> 2486 | @import url('https://fonts.googleapis.com/css2?family=Playfair+Display:ital,wght@0,400;0...
       |        ^
  2487 | :root {
  2488 |   --background: #F5F0E8;
  2489 |   --background-dark: #0D1B2A;

@import rules must precede all rules aside from @charset and @layer statements

Generated code of PostCSS transform of file content of src/app/globals.css:
./src/app/globals.css:2486:8
  2484 |   }
  2485 | }
> 2486 | @import url('https://fonts.googleapis.com/css2?family=Playfair+Display:ital,wght@0,400;0...
       |        ^
  2487 | :root {
  2488 |   --background: #F5F0E8;
  2489 |   --background-dark: #0D1B2A;

Import trace:
  Client Component Browser:
    ./src/app/globals.css [Client Component Browser]
    ./src/app/(public)/layout.tsx [Server Component] @ http://localhost:3000/_next/static/chunks/node_modules_next_dist_0u_w_5s._.js:1945
[   14287ms] [ERROR] ./src/app/globals.css:2486:8
Parsing CSS source code failed
  2484 |   }
  2485 | }
> 2486 | @import url('https://fonts.googleapis.com/css2?family=Playfair+Display:ital,wght@0,400;0...
       |        ^
  2487 | :root {
  2488 |   --background: #F5F0E8;
  2489 |   --background-dark: #0D1B2A;

@import rules must precede all rules aside from @charset and @layer statements

Generated code of PostCSS transform of file content of src/app/globals.css:
./src/app/globals.css:2486:8
  2484 |   }
  2485 | }
> 2486 | @import url('https://fonts.googleapis.com/css2?family=Playfair+Display:ital,wght@0,400;0...
       |        ^
  2487 | :root {
  2488 |   --background: #F5F0E8;
  2489 |   --background-dark: #0D1B2A;

Import trace:
  Client Component Browser:
    ./src/app/globals.css [Client Component Browser]
    ./src/app/(public)/layout.tsx [Server Component] @ http://localhost:3000/_next/static/chunks/node_modules_next_dist_0u_w_5s._.js:1945
[   14368ms] [ERROR] ./src/app/globals.css:2486:8
Parsing CSS source code failed
  2484 |   }
  2485 | }
> 2486 | @import url('https://fonts.googleapis.com/css2?family=Playfair+Display:ital,wght@0,400;0...
       |        ^
  2487 | :root {
  2488 |   --background: #F5F0E8;
  2489 |   --background-dark: #0D1B2A;

@import rules must precede all rules aside from @charset and @layer statements

Generated code of PostCSS transform of file content of src/app/globals.css:
./src/app/globals.css:2486:8
  2484 |   }
  2485 | }
> 2486 | @import url('https://fonts.googleapis.com/css2?family=Playfair+Display:ital,wght@0,400;0...
       |        ^
  2487 | :root {
  2488 |   --background: #F5F0E8;
  2489 |   --background-dark: #0D1B2A;

Import trace:
  Client Component Browser:
    ./src/app/globals.css [Client Component Browser]
    ./src/app/(public)/layout.tsx [Server Component] @ http://localhost:3000/_next/static/chunks/node_modules_next_dist_0u_w_5s._.js:1945
[   14418ms] [ERROR] ./src/app/globals.css:2486:8
Parsing CSS source code failed
  2484 |   }
  2485 | }
> 2486 | @import url('https://fonts.googleapis.com/css2?family=Playfair+Display:ital,wght@0,400;0...
       |        ^
  2487 | :root {
  2488 |   --background: #F5F0E8;
  2489 |   --background-dark: #0D1B2A;

@import rules must precede all rules aside from @charset and @layer statements

Generated code of PostCSS transform of file content of src/app/globals.css:
./src/app/globals.css:2486:8
  2484 |   }
  2485 | }
> 2486 | @import url('https://fonts.googleapis.com/css2?family=Playfair+Display:ital,wght@0,400;0...
       |        ^
  2487 | :root {
  2488 |   --background: #F5F0E8;
  2489 |   --background-dark: #0D1B2A;

Import trace:
  Client Component Browser:
    ./src/app/globals.css [Client Component Browser]
    ./src/app/(public)/layout.tsx [Server Component] @ http://localhost:3000/_next/static/chunks/node_modules_next_dist_0u_w_5s._.js:1945
[   14468ms] [ERROR] ./src/app/globals.css:2486:8
Parsing CSS source code failed
  2484 |   }
  2485 | }
> 2486 | @import url('https://fonts.googleapis.com/css2?family=Playfair+Display:ital,wght@0,400;0...
       |        ^
  2487 | :root {
  2488 |   --background: #F5F0E8;
  2489 |   --background-dark: #0D1B2A;

@import rules must precede all rules aside from @charset and @layer statements

Generated code of PostCSS transform of file content of src/app/globals.css:
./src/app/globals.css:2486:8
  2484 |   }
  2485 | }
> 2486 | @import url('https://fonts.googleapis.com/css2?family=Playfair+Display:ital,wght@0,400;0...
       |        ^
  2487 | :root {
  2488 |   --background: #F5F0E8;
  2489 |   --background-dark: #0D1B2A;

Import trace:
  Client Component Browser:
    ./src/app/globals.css [Client Component Browser]
    ./src/app/(public)/layout.tsx [Server Component] @ http://localhost:3000/_next/static/chunks/node_modules_next_dist_0u_w_5s._.js:1945
[   14520ms] [ERROR] ./src/app/globals.css:2486:8
Parsing CSS source code failed
  2484 |   }
  2485 | }
> 2486 | @import url('https://fonts.googleapis.com/css2?family=Playfair+Display:ital,wght@0,400;0...
       |        ^
  2487 | :root {
  2488 |   --background: #F5F0E8;
  2489 |   --background-dark: #0D1B2A;

@import rules must precede all rules aside from @charset and @layer statements

Generated code of PostCSS transform of file content of src/app/globals.css:
./src/app/globals.css:2486:8
  2484 |   }
  2485 | }
> 2486 | @import url('https://fonts.googleapis.com/css2?family=Playfair+Display:ital,wght@0,400;0...
       |        ^
  2487 | :root {
  2488 |   --background: #F5F0E8;
  2489 |   --background-dark: #0D1B2A;

Import trace:
  Client Component Browser:
    ./src/app/globals.css [Client Component Browser]
    ./src/app/(public)/layout.tsx [Server Component] @ http://localhost:3000/_next/static/chunks/node_modules_next_dist_0u_w_5s._.js:1945
[   14569ms] [ERROR] ./src/app/globals.css:2486:8
Parsing CSS source code failed
  2484 |   }
  2485 | }
> 2486 | @import url('https://fonts.googleapis.com/css2?family=Playfair+Display:ital,wght@0,400;0...
       |        ^
  2487 | :root {
  2488 |   --background: #F5F0E8;
  2489 |   --background-dark: #0D1B2A;

@import rules must precede all rules aside from @charset and @layer statements

Generated code of PostCSS transform of file content of src/app/globals.css:
./src/app/globals.css:2486:8
  2484 |   }
  2485 | }
> 2486 | @import url('https://fonts.googleapis.com/css2?family=Playfair+Display:ital,wght@0,400;0...
       |        ^
  2487 | :root {
  2488 |   --background: #F5F0E8;
  2489 |   --background-dark: #0D1B2A;

Import trace:
  Client Component Browser:
    ./src/app/globals.css [Client Component Browser]
    ./src/app/(public)/layout.tsx [Server Component] @ http://localhost:3000/_next/static/chunks/node_modules_next_dist_0u_w_5s._.js:1945
[   14620ms] [ERROR] ./src/app/globals.css:2486:8
Parsing CSS source code failed
  2484 |   }
  2485 | }
> 2486 | @import url('https://fonts.googleapis.com/css2?family=Playfair+Display:ital,wght@0,400;0...
       |        ^
  2487 | :root {
  2488 |   --background: #F5F0E8;
  2489 |   --background-dark: #0D1B2A;

@import rules must precede all rules aside from @charset and @layer statements

Generated code of PostCSS transform of file content of src/app/globals.css:
./src/app/globals.css:2486:8
  2484 |   }
  2485 | }
> 2486 | @import url('https://fonts.googleapis.com/css2?family=Playfair+Display:ital,wght@0,400;0...
       |        ^
  2487 | :root {
  2488 |   --background: #F5F0E8;
  2489 |   --background-dark: #0D1B2A;

Import trace:
  Client Component Browser:
    ./src/app/globals.css [Client Component Browser]
    ./src/app/(public)/layout.tsx [Server Component] @ http://localhost:3000/_next/static/chunks/node_modules_next_dist_0u_w_5s._.js:1945
[   14671ms] [ERROR] ./src/app/globals.css:2486:8
Parsing CSS source code failed
  2484 |   }
  2485 | }
> 2486 | @import url('https://fonts.googleapis.com/css2?family=Playfair+Display:ital,wght@0,400;0...
       |        ^
  2487 | :root {
  2488 |   --background: #F5F0E8;
  2489 |   --background-dark: #0D1B2A;

@import rules must precede all rules aside from @charset and @layer statements

Generated code of PostCSS transform of file content of src/app/globals.css:
./src/app/globals.css:2486:8
  2484 |   }
  2485 | }
> 2486 | @import url('https://fonts.googleapis.com/css2?family=Playfair+Display:ital,wght@0,400;0...
       |        ^
  2487 | :root {
  2488 |   --background: #F5F0E8;
  2489 |   --background-dark: #0D1B2A;

Import trace:
  Client Component Browser:
    ./src/app/globals.css [Client Component Browser]
    ./src/app/(public)/layout.tsx [Server Component] @ http://localhost:3000/_next/static/chunks/node_modules_next_dist_0u_w_5s._.js:1945
[   14722ms] [ERROR] ./src/app/globals.css:2486:8
Parsing CSS source code failed
  2484 |   }
  2485 | }
> 2486 | @import url('https://fonts.googleapis.com/css2?family=Playfair+Display:ital,wght@0,400;0...
       |        ^
  2487 | :root {
  2488 |   --background: #F5F0E8;
  2489 |   --background-dark: #0D1B2A;

@import rules must precede all rules aside from @charset and @layer statements

Generated code of PostCSS transform of file content of src/app/globals.css:
./src/app/globals.css:2486:8
  2484 |   }
  2485 | }
> 2486 | @import url('https://fonts.googleapis.com/css2?family=Playfair+Display:ital,wght@0,400;0...
       |        ^
  2487 | :root {
  2488 |   --background: #F5F0E8;
  2489 |   --background-dark: #0D1B2A;

Import trace:
  Client Component Browser:
    ./src/app/globals.css [Client Component Browser]
    ./src/app/(public)/layout.tsx [Server Component] @ http://localhost:3000/_next/static/chunks/node_modules_next_dist_0u_w_5s._.js:1945
[   14772ms] [ERROR] ./src/app/globals.css:2486:8
Parsing CSS source code failed
  2484 |   }
  2485 | }
> 2486 | @import url('https://fonts.googleapis.com/css2?family=Playfair+Display:ital,wght@0,400;0...
       |        ^
  2487 | :root {
  2488 |   --background: #F5F0E8;
  2489 |   --background-dark: #0D1B2A;

@import rules must precede all rules aside from @charset and @layer statements

Generated code of PostCSS transform of file content of src/app/globals.css:
./src/app/globals.css:2486:8
  2484 |   }
  2485 | }
> 2486 | @import url('https://fonts.googleapis.com/css2?family=Playfair+Display:ital,wght@0,400;0...
       |        ^
  2487 | :root {
  2488 |   --background: #F5F0E8;
  2489 |   --background-dark: #0D1B2A;

Import trace:
  Client Component Browser:
    ./src/app/globals.css [Client Component Browser]
    ./src/app/(public)/layout.tsx [Server Component] @ http://localhost:3000/_next/static/chunks/node_modules_next_dist_0u_w_5s._.js:1945
[   14843ms] [ERROR] ./src/app/globals.css:2486:8
Parsing CSS source code failed
  2484 |   }
  2485 | }
> 2486 | @import url('https://fonts.googleapis.com/css2?family=Playfair+Display:ital,wght@0,400;0...
       |        ^
  2487 | :root {
  2488 |   --background: #F5F0E8;
  2489 |   --background-dark: #0D1B2A;

@import rules must precede all rules aside from @charset and @layer statements

Generated code of PostCSS transform of file content of src/app/globals.css:
./src/app/globals.css:2486:8
  2484 |   }
  2485 | }
> 2486 | @import url('https://fonts.googleapis.com/css2?family=Playfair+Display:ital,wght@0,400;0...
       |        ^
  2487 | :root {
  2488 |   --background: #F5F0E8;
  2489 |   --background-dark: #0D1B2A;

Import trace:
  Client Component Browser:
    ./src/app/globals.css [Client Component Browser]
    ./src/app/(public)/layout.tsx [Server Component] @ http://localhost:3000/_next/static/chunks/node_modules_next_dist_0u_w_5s._.js:1945
[   14902ms] [ERROR] ./src/app/globals.css:2486:8
Parsing CSS source code failed
  2484 |   }
  2485 | }
> 2486 | @import url('https://fonts.googleapis.com/css2?family=Playfair+Display:ital,wght@0,400;0...
       |        ^
  2487 | :root {
  2488 |   --background: #F5F0E8;
  2489 |   --background-dark: #0D1B2A;

@import rules must precede all rules aside from @charset and @layer statements

Generated code of PostCSS transform of file content of src/app/globals.css:
./src/app/globals.css:2486:8
  2484 |   }
  2485 | }
> 2486 | @import url('https://fonts.googleapis.com/css2?family=Playfair+Display:ital,wght@0,400;0...
       |        ^
  2487 | :root {
  2488 |   --background: #F5F0E8;
  2489 |   --background-dark: #0D1B2A;

Import trace:
  Client Component Browser:
    ./src/app/globals.css [Client Component Browser]
    ./src/app/(public)/layout.tsx [Server Component] @ http://localhost:3000/_next/static/chunks/node_modules_next_dist_0u_w_5s._.js:1945
[   14954ms] [ERROR] ./src/app/globals.css:2486:8
Parsing CSS source code failed
  2484 |   }
  2485 | }
> 2486 | @import url('https://fonts.googleapis.com/css2?family=Playfair+Display:ital,wght@0,400;0...
       |        ^
  2487 | :root {
  2488 |   --background: #F5F0E8;
  2489 |   --background-dark: #0D1B2A;

@import rules must precede all rules aside from @charset and @layer statements

Generated code of PostCSS transform of file content of src/app/globals.css:
./src/app/globals.css:2486:8
  2484 |   }
  2485 | }
> 2486 | @import url('https://fonts.googleapis.com/css2?family=Playfair+Display:ital,wght@0,400;0...
       |        ^
  2487 | :root {
  2488 |   --background: #F5F0E8;
  2489 |   --background-dark: #0D1B2A;

Import trace:
  Client Component Browser:
    ./src/app/globals.css [Client Component Browser]
    ./src/app/(public)/layout.tsx [Server Component] @ http://localhost:3000/_next/static/chunks/node_modules_next_dist_0u_w_5s._.js:1945
[   15014ms] [ERROR] ./src/app/globals.css:2486:8
Parsing CSS source code failed
  2484 |   }
  2485 | }
> 2486 | @import url('https://fonts.googleapis.com/css2?family=Playfair+Display:ital,wght@0,400;0...
       |        ^
  2487 | :root {
  2488 |   --background: #F5F0E8;
  2489 |   --background-dark: #0D1B2A;

@import rules must precede all rules aside from @charset and @layer statements

Generated code of PostCSS transform of file content of src/app/globals.css:
./src/app/globals.css:2486:8
  2484 |   }
  2485 | }
> 2486 | @import url('https://fonts.googleapis.com/css2?family=Playfair+Display:ital,wght@0,400;0...
       |        ^
  2487 | :root {
  2488 |   --background: #F5F0E8;
  2489 |   --background-dark: #0D1B2A;

Import trace:
  Client Component Browser:
    ./src/app/globals.css [Client Component Browser]
    ./src/app/(public)/layout.tsx [Server Component] @ http://localhost:3000/_next/static/chunks/node_modules_next_dist_0u_w_5s._.js:1945
[   15060ms] [ERROR] ./src/app/globals.css:2486:8
Parsing CSS source code failed
  2484 |   }
  2485 | }
> 2486 | @import url('https://fonts.googleapis.com/css2?family=Playfair+Display:ital,wght@0,400;0...
       |        ^
  2487 | :root {
  2488 |   --background: #F5F0E8;
  2489 |   --background-dark: #0D1B2A;

@import rules must precede all rules aside from @charset and @layer statements

Generated code of PostCSS transform of file content of src/app/globals.css:
./src/app/globals.css:2486:8
  2484 |   }
  2485 | }
> 2486 | @import url('https://fonts.googleapis.com/css2?family=Playfair+Display:ital,wght@0,400;0...
       |        ^
  2487 | :root {
  2488 |   --background: #F5F0E8;
  2489 |   --background-dark: #0D1B2A;

Import trace:
  Client Component Browser:
    ./src/app/globals.css [Client Component Browser]
    ./src/app/(public)/layout.tsx [Server Component] @ http://localhost:3000/_next/static/chunks/node_modules_next_dist_0u_w_5s._.js:1945
[   15110ms] [ERROR] ./src/app/globals.css:2486:8
Parsing CSS source code failed
  2484 |   }
  2485 | }
> 2486 | @import url('https://fonts.googleapis.com/css2?family=Playfair+Display:ital,wght@0,400;0...
       |        ^
  2487 | :root {
  2488 |   --background: #F5F0E8;
  2489 |   --background-dark: #0D1B2A;

@import rules must precede all rules aside from @charset and @layer statements

Generated code of PostCSS transform of file content of src/app/globals.css:
./src/app/globals.css:2486:8
  2484 |   }
  2485 | }
> 2486 | @import url('https://fonts.googleapis.com/css2?family=Playfair+Display:ital,wght@0,400;0...
       |        ^
  2487 | :root {
  2488 |   --background: #F5F0E8;
  2489 |   --background-dark: #0D1B2A;

Import trace:
  Client Component Browser:
    ./src/app/globals.css [Client Component Browser]
    ./src/app/(public)/layout.tsx [Server Component] @ http://localhost:3000/_next/static/chunks/node_modules_next_dist_0u_w_5s._.js:1945
[   15159ms] [ERROR] ./src/app/globals.css:2486:8
Parsing CSS source code failed
  2484 |   }
  2485 | }
> 2486 | @import url('https://fonts.googleapis.com/css2?family=Playfair+Display:ital,wght@0,400;0...
       |        ^
  2487 | :root {
  2488 |   --background: #F5F0E8;
  2489 |   --background-dark: #0D1B2A;

@import rules must precede all rules aside from @charset and @layer statements

Generated code of PostCSS transform of file content of src/app/globals.css:
./src/app/globals.css:2486:8
  2484 |   }
  2485 | }
> 2486 | @import url('https://fonts.googleapis.com/css2?family=Playfair+Display:ital,wght@0,400;0...
       |        ^
  2487 | :root {
  2488 |   --background: #F5F0E8;
  2489 |   --background-dark: #0D1B2A;

Import trace:
  Client Component Browser:
    ./src/app/globals.css [Client Component Browser]
    ./src/app/(public)/layout.tsx [Server Component] @ http://localhost:3000/_next/static/chunks/node_modules_next_dist_0u_w_5s._.js:1945
[   15207ms] [ERROR] ./src/app/globals.css:2486:8
Parsing CSS source code failed
  2484 |   }
  2485 | }
> 2486 | @import url('https://fonts.googleapis.com/css2?family=Playfair+Display:ital,wght@0,400;0...
       |        ^
  2487 | :root {
  2488 |   --background: #F5F0E8;
  2489 |   --background-dark: #0D1B2A;

@import rules must precede all rules aside from @charset and @layer statements

Generated code of PostCSS transform of file content of src/app/globals.css:
./src/app/globals.css:2486:8
  2484 |   }
  2485 | }
> 2486 | @import url('https://fonts.googleapis.com/css2?family=Playfair+Display:ital,wght@0,400;0...
       |        ^
  2487 | :root {
  2488 |   --background: #F5F0E8;
  2489 |   --background-dark: #0D1B2A;

Import trace:
  Client Component Browser:
    ./src/app/globals.css [Client Component Browser]
    ./src/app/(public)/layout.tsx [Server Component] @ http://localhost:3000/_next/static/chunks/node_modules_next_dist_0u_w_5s._.js:1945
[   15259ms] [ERROR] ./src/app/globals.css:2486:8
Parsing CSS source code failed
  2484 |   }
  2485 | }
> 2486 | @import url('https://fonts.googleapis.com/css2?family=Playfair+Display:ital,wght@0,400;0...
       |        ^
  2487 | :root {
  2488 |   --background: #F5F0E8;
  2489 |   --background-dark: #0D1B2A;

@import rules must precede all rules aside from @charset and @layer statements

Generated code of PostCSS transform of file content of src/app/globals.css:
./src/app/globals.css:2486:8
  2484 |   }
  2485 | }
> 2486 | @import url('https://fonts.googleapis.com/css2?family=Playfair+Display:ital,wght@0,400;0...
       |        ^
  2487 | :root {
  2488 |   --background: #F5F0E8;
  2489 |   --background-dark: #0D1B2A;

Import trace:
  Client Component Browser:
    ./src/app/globals.css [Client Component Browser]
    ./src/app/(public)/layout.tsx [Server Component] @ http://localhost:3000/_next/static/chunks/node_modules_next_dist_0u_w_5s._.js:1945
[   15311ms] [ERROR] ./src/app/globals.css:2486:8
Parsing CSS source code failed
  2484 |   }
  2485 | }
> 2486 | @import url('https://fonts.googleapis.com/css2?family=Playfair+Display:ital,wght@0,400;0...
       |        ^
  2487 | :root {
  2488 |   --background: #F5F0E8;
  2489 |   --background-dark: #0D1B2A;

@import rules must precede all rules aside from @charset and @layer statements

Generated code of PostCSS transform of file content of src/app/globals.css:
./src/app/globals.css:2486:8
  2484 |   }
  2485 | }
> 2486 | @import url('https://fonts.googleapis.com/css2?family=Playfair+Display:ital,wght@0,400;0...
       |        ^
  2487 | :root {
  2488 |   --background: #F5F0E8;
  2489 |   --background-dark: #0D1B2A;

Import trace:
  Client Component Browser:
    ./src/app/globals.css [Client Component Browser]
    ./src/app/(public)/layout.tsx [Server Component] @ http://localhost:3000/_next/static/chunks/node_modules_next_dist_0u_w_5s._.js:1945
[   15361ms] [ERROR] ./src/app/globals.css:2486:8
Parsing CSS source code failed
  2484 |   }
  2485 | }
> 2486 | @import url('https://fonts.googleapis.com/css2?family=Playfair+Display:ital,wght@0,400;0...
       |        ^
  2487 | :root {
  2488 |   --background: #F5F0E8;
  2489 |   --background-dark: #0D1B2A;

@import rules must precede all rules aside from @charset and @layer statements

Generated code of PostCSS transform of file content of src/app/globals.css:
./src/app/globals.css:2486:8
  2484 |   }
  2485 | }
> 2486 | @import url('https://fonts.googleapis.com/css2?family=Playfair+Display:ital,wght@0,400;0...
       |        ^
  2487 | :root {
  2488 |   --background: #F5F0E8;
  2489 |   --background-dark: #0D1B2A;

Import trace:
  Client Component Browser:
    ./src/app/globals.css [Client Component Browser]
    ./src/app/(public)/layout.tsx [Server Component] @ http://localhost:3000/_next/static/chunks/node_modules_next_dist_0u_w_5s._.js:1945
[   15409ms] [ERROR] ./src/app/globals.css:2486:8
Parsing CSS source code failed
  2484 |   }
  2485 | }
> 2486 | @import url('https://fonts.googleapis.com/css2?family=Playfair+Display:ital,wght@0,400;0...
       |        ^
  2487 | :root {
  2488 |   --background: #F5F0E8;
  2489 |   --background-dark: #0D1B2A;

@import rules must precede all rules aside from @charset and @layer statements

Generated code of PostCSS transform of file content of src/app/globals.css:
./src/app/globals.css:2486:8
  2484 |   }
  2485 | }
> 2486 | @import url('https://fonts.googleapis.com/css2?family=Playfair+Display:ital,wght@0,400;0...
       |        ^
  2487 | :root {
  2488 |   --background: #F5F0E8;
  2489 |   --background-dark: #0D1B2A;

Import trace:
  Client Component Browser:
    ./src/app/globals.css [Client Component Browser]
    ./src/app/(public)/layout.tsx [Server Component] @ http://localhost:3000/_next/static/chunks/node_modules_next_dist_0u_w_5s._.js:1945
[   15482ms] [ERROR] ./src/app/globals.css:2486:8
Parsing CSS source code failed
  2484 |   }
  2485 | }
> 2486 | @import url('https://fonts.googleapis.com/css2?family=Playfair+Display:ital,wght@0,400;0...
       |        ^
  2487 | :root {
  2488 |   --background: #F5F0E8;
  2489 |   --background-dark: #0D1B2A;

@import rules must precede all rules aside from @charset and @layer statements

Generated code of PostCSS transform of file content of src/app/globals.css:
./src/app/globals.css:2486:8
  2484 |   }
  2485 | }
> 2486 | @import url('https://fonts.googleapis.com/css2?family=Playfair+Display:ital,wght@0,400;0...
       |        ^
  2487 | :root {
  2488 |   --background: #F5F0E8;
  2489 |   --background-dark: #0D1B2A;

Import trace:
  Client Component Browser:
    ./src/app/globals.css [Client Component Browser]
    ./src/app/(public)/layout.tsx [Server Component] @ http://localhost:3000/_next/static/chunks/node_modules_next_dist_0u_w_5s._.js:1945
[   15548ms] [LOG] [Fast Refresh] rebuilding @ http://localhost:3000/_next/static/chunks/node_modules_next_dist_0u_w_5s._.js:1226
[   15705ms] [ERROR] ./src/app/globals.css:2486:8
Parsing CSS source code failed
  2484 |   }
  2485 | }
> 2486 | @import url('https://fonts.googleapis.com/css2?family=Playfair+Display:ital,wght@0,400;0...
       |        ^
  2487 | :root {
  2488 |   --background: #F5F0E8;
  2489 |   --background-dark: #0D1B2A;

@import rules must precede all rules aside from @charset and @layer statements

Generated code of PostCSS transform of file content of src/app/globals.css:
./src/app/globals.css:2486:8
  2484 |   }
  2485 | }
> 2486 | @import url('https://fonts.googleapis.com/css2?family=Playfair+Display:ital,wght@0,400;0...
       |        ^
  2487 | :root {
  2488 |   --background: #F5F0E8;
  2489 |   --background-dark: #0D1B2A;

Import trace:
  Client Component Browser:
    ./src/app/globals.css [Client Component Browser]
    ./src/app/(public)/layout.tsx [Server Component] @ http://localhost:3000/_next/static/chunks/node_modules_next_dist_0u_w_5s._.js:1945
[   15716ms] [LOG] [Fast Refresh] rebuilding @ http://localhost:3000/_next/static/chunks/node_modules_next_dist_0u_w_5s._.js:1226
[   15940ms] [ERROR] ./src/app/globals.css:2486:8
Parsing CSS source code failed
  2484 |   }
  2485 | }
> 2486 | @import url('https://fonts.googleapis.com/css2?family=Playfair+Display:ital,wght@0,400;0...
       |        ^
  2487 | :root {
  2488 |   --background: #F5F0E8;
  2489 |   --background-dark: #0D1B2A;

@import rules must precede all rules aside from @charset and @layer statements

Generated code of PostCSS transform of file content of src/app/globals.css:
./src/app/globals.css:2486:8
  2484 |   }
  2485 | }
> 2486 | @import url('https://fonts.googleapis.com/css2?family=Playfair+Display:ital,wght@0,400;0...
       |        ^
  2487 | :root {
  2488 |   --background: #F5F0E8;
  2489 |   --background-dark: #0D1B2A;

Import trace:
  Client Component Browser:
    ./src/app/globals.css [Client Component Browser]
    ./src/app/(public)/layout.tsx [Server Component] @ http://localhost:3000/_next/static/chunks/node_modules_next_dist_0u_w_5s._.js:1945
[   15995ms] [ERROR] ./src/app/globals.css:2486:8
Parsing CSS source code failed
  2484 |   }
  2485 | }
> 2486 | @import url('https://fonts.googleapis.com/css2?family=Playfair+Display:ital,wght@0,400;0...
       |        ^
  2487 | :root {
  2488 |   --background: #F5F0E8;
  2489 |   --background-dark: #0D1B2A;

@import rules must precede all rules aside from @charset and @layer statements

Generated code of PostCSS transform of file content of src/app/globals.css:
./src/app/globals.css:2486:8
  2484 |   }
  2485 | }
> 2486 | @import url('https://fonts.googleapis.com/css2?family=Playfair+Display:ital,wght@0,400;0...
       |        ^
  2487 | :root {
  2488 |   --background: #F5F0E8;
  2489 |   --background-dark: #0D1B2A;

Import trace:
  Client Component Browser:
    ./src/app/globals.css [Client Component Browser]
    ./src/app/(public)/layout.tsx [Server Component] @ http://localhost:3000/_next/static/chunks/node_modules_next_dist_0u_w_5s._.js:1945
[   16068ms] [ERROR] ./src/app/globals.css:2486:8
Parsing CSS source code failed
  2484 |   }
  2485 | }
> 2486 | @import url('https://fonts.googleapis.com/css2?family=Playfair+Display:ital,wght@0,400;0...
       |        ^
  2487 | :root {
  2488 |   --background: #F5F0E8;
  2489 |   --background-dark: #0D1B2A;

@import rules must precede all rules aside from @charset and @layer statements

Generated code of PostCSS transform of file content of src/app/globals.css:
./src/app/globals.css:2486:8
  2484 |   }
  2485 | }
> 2486 | @import url('https://fonts.googleapis.com/css2?family=Playfair+Display:ital,wght@0,400;0...
       |        ^
  2487 | :root {
  2488 |   --background: #F5F0E8;
  2489 |   --background-dark: #0D1B2A;

Import trace:
  Client Component Browser:
    ./src/app/globals.css [Client Component Browser]
    ./src/app/(public)/layout.tsx [Server Component] @ http://localhost:3000/_next/static/chunks/node_modules_next_dist_0u_w_5s._.js:1945
[   16118ms] [ERROR] ./src/app/globals.css:2486:8
Parsing CSS source code failed
  2484 |   }
  2485 | }
> 2486 | @import url('https://fonts.googleapis.com/css2?family=Playfair+Display:ital,wght@0,400;0...
       |        ^
  2487 | :root {
  2488 |   --background: #F5F0E8;
  2489 |   --background-dark: #0D1B2A;

@import rules must precede all rules aside from @charset and @layer statements

Generated code of PostCSS transform of file content of src/app/globals.css:
./src/app/globals.css:2486:8
  2484 |   }
  2485 | }
> 2486 | @import url('https://fonts.googleapis.com/css2?family=Playfair+Display:ital,wght@0,400;0...
       |        ^
  2487 | :root {
  2488 |   --background: #F5F0E8;
  2489 |   --background-dark: #0D1B2A;

Import trace:
  Client Component Browser:
    ./src/app/globals.css [Client Component Browser]
    ./src/app/(public)/layout.tsx [Server Component] @ http://localhost:3000/_next/static/chunks/node_modules_next_dist_0u_w_5s._.js:1945
[   16169ms] [ERROR] ./src/app/globals.css:2486:8
Parsing CSS source code failed
  2484 |   }
  2485 | }
> 2486 | @import url('https://fonts.googleapis.com/css2?family=Playfair+Display:ital,wght@0,400;0...
       |        ^
  2487 | :root {
  2488 |   --background: #F5F0E8;
  2489 |   --background-dark: #0D1B2A;

@import rules must precede all rules aside from @charset and @layer statements

Generated code of PostCSS transform of file content of src/app/globals.css:
./src/app/globals.css:2486:8
  2484 |   }
  2485 | }
> 2486 | @import url('https://fonts.googleapis.com/css2?family=Playfair+Display:ital,wght@0,400;0...
       |        ^
  2487 | :root {
  2488 |   --background: #F5F0E8;
  2489 |   --background-dark: #0D1B2A;

Import trace:
  Client Component Browser:
    ./src/app/globals.css [Client Component Browser]
    ./src/app/(public)/layout.tsx [Server Component] @ http://localhost:3000/_next/static/chunks/node_modules_next_dist_0u_w_5s._.js:1945
[   16220ms] [ERROR] ./src/app/globals.css:2486:8
Parsing CSS source code failed
  2484 |   }
  2485 | }
> 2486 | @import url('https://fonts.googleapis.com/css2?family=Playfair+Display:ital,wght@0,400;0...
       |        ^
  2487 | :root {
  2488 |   --background: #F5F0E8;
  2489 |   --background-dark: #0D1B2A;

@import rules must precede all rules aside from @charset and @layer statements

Generated code of PostCSS transform of file content of src/app/globals.css:
./src/app/globals.css:2486:8
  2484 |   }
  2485 | }
> 2486 | @import url('https://fonts.googleapis.com/css2?family=Playfair+Display:ital,wght@0,400;0...
       |        ^
  2487 | :root {
  2488 |   --background: #F5F0E8;
  2489 |   --background-dark: #0D1B2A;

Import trace:
  Client Component Browser:
    ./src/app/globals.css [Client Component Browser]
    ./src/app/(public)/layout.tsx [Server Component] @ http://localhost:3000/_next/static/chunks/node_modules_next_dist_0u_w_5s._.js:1945
[   16272ms] [ERROR] ./src/app/globals.css:2486:8
Parsing CSS source code failed
  2484 |   }
  2485 | }
> 2486 | @import url('https://fonts.googleapis.com/css2?family=Playfair+Display:ital,wght@0,400;0...
       |        ^
  2487 | :root {
  2488 |   --background: #F5F0E8;
  2489 |   --background-dark: #0D1B2A;

@import rules must precede all rules aside from @charset and @layer statements

Generated code of PostCSS transform of file content of src/app/globals.css:
./src/app/globals.css:2486:8
  2484 |   }
  2485 | }
> 2486 | @import url('https://fonts.googleapis.com/css2?family=Playfair+Display:ital,wght@0,400;0...
       |        ^
  2487 | :root {
  2488 |   --background: #F5F0E8;
  2489 |   --background-dark: #0D1B2A;

Import trace:
  Client Component Browser:
    ./src/app/globals.css [Client Component Browser]
    ./src/app/(public)/layout.tsx [Server Component] @ http://localhost:3000/_next/static/chunks/node_modules_next_dist_0u_w_5s._.js:1945
[   16323ms] [ERROR] ./src/app/globals.css:2486:8
Parsing CSS source code failed
  2484 |   }
  2485 | }
> 2486 | @import url('https://fonts.googleapis.com/css2?family=Playfair+Display:ital,wght@0,400;0...
       |        ^
  2487 | :root {
  2488 |   --background: #F5F0E8;
  2489 |   --background-dark: #0D1B2A;

@import rules must precede all rules aside from @charset and @layer statements

Generated code of PostCSS transform of file content of src/app/globals.css:
./src/app/globals.css:2486:8
  2484 |   }
  2485 | }
> 2486 | @import url('https://fonts.googleapis.com/css2?family=Playfair+Display:ital,wght@0,400;0...
       |        ^
  2487 | :root {
  2488 |   --background: #F5F0E8;
  2489 |   --background-dark: #0D1B2A;

Import trace:
  Client Component Browser:
    ./src/app/globals.css [Client Component Browser]
    ./src/app/(public)/layout.tsx [Server Component] @ http://localhost:3000/_next/static/chunks/node_modules_next_dist_0u_w_5s._.js:1945
[   16375ms] [ERROR] ./src/app/globals.css:2486:8
Parsing CSS source code failed
  2484 |   }
  2485 | }
> 2486 | @import url('https://fonts.googleapis.com/css2?family=Playfair+Display:ital,wght@0,400;0...
       |        ^
  2487 | :root {
  2488 |   --background: #F5F0E8;
  2489 |   --background-dark: #0D1B2A;

@import rules must precede all rules aside from @charset and @layer statements

Generated code of PostCSS transform of file content of src/app/globals.css:
./src/app/globals.css:2486:8
  2484 |   }
  2485 | }
> 2486 | @import url('https://fonts.googleapis.com/css2?family=Playfair+Display:ital,wght@0,400;0...
       |        ^
  2487 | :root {
  2488 |   --background: #F5F0E8;
  2489 |   --background-dark: #0D1B2A;

Import trace:
  Client Component Browser:
    ./src/app/globals.css [Client Component Browser]
    ./src/app/(public)/layout.tsx [Server Component] @ http://localhost:3000/_next/static/chunks/node_modules_next_dist_0u_w_5s._.js:1945
[   16426ms] [ERROR] ./src/app/globals.css:2486:8
Parsing CSS source code failed
  2484 |   }
  2485 | }
> 2486 | @import url('https://fonts.googleapis.com/css2?family=Playfair+Display:ital,wght@0,400;0...
       |        ^
  2487 | :root {
  2488 |   --background: #F5F0E8;
  2489 |   --background-dark: #0D1B2A;

@import rules must precede all rules aside from @charset and @layer statements

Generated code of PostCSS transform of file content of src/app/globals.css:
./src/app/globals.css:2486:8
  2484 |   }
  2485 | }
> 2486 | @import url('https://fonts.googleapis.com/css2?family=Playfair+Display:ital,wght@0,400;0...
       |        ^
  2487 | :root {
  2488 |   --background: #F5F0E8;
  2489 |   --background-dark: #0D1B2A;

Import trace:
  Client Component Browser:
    ./src/app/globals.css [Client Component Browser]
    ./src/app/(public)/layout.tsx [Server Component] @ http://localhost:3000/_next/static/chunks/node_modules_next_dist_0u_w_5s._.js:1945
[   16478ms] [ERROR] ./src/app/globals.css:2486:8
Parsing CSS source code failed
  2484 |   }
  2485 | }
> 2486 | @import url('https://fonts.googleapis.com/css2?family=Playfair+Display:ital,wght@0,400;0...
       |        ^
  2487 | :root {
  2488 |   --background: #F5F0E8;
  2489 |   --background-dark: #0D1B2A;

@import rules must precede all rules aside from @charset and @layer statements

Generated code of PostCSS transform of file content of src/app/globals.css:
./src/app/globals.css:2486:8
  2484 |   }
  2485 | }
> 2486 | @import url('https://fonts.googleapis.com/css2?family=Playfair+Display:ital,wght@0,400;0...
       |        ^
  2487 | :root {
  2488 |   --background: #F5F0E8;
  2489 |   --background-dark: #0D1B2A;

Import trace:
  Client Component Browser:
    ./src/app/globals.css [Client Component Browser]
    ./src/app/(public)/layout.tsx [Server Component] @ http://localhost:3000/_next/static/chunks/node_modules_next_dist_0u_w_5s._.js:1945
[   16528ms] [ERROR] ./src/app/globals.css:2486:8
Parsing CSS source code failed
  2484 |   }
  2485 | }
> 2486 | @import url('https://fonts.googleapis.com/css2?family=Playfair+Display:ital,wght@0,400;0...
       |        ^
  2487 | :root {
  2488 |   --background: #F5F0E8;
  2489 |   --background-dark: #0D1B2A;

@import rules must precede all rules aside from @charset and @layer statements

Generated code of PostCSS transform of file content of src/app/globals.css:
./src/app/globals.css:2486:8
  2484 |   }
  2485 | }
> 2486 | @import url('https://fonts.googleapis.com/css2?family=Playfair+Display:ital,wght@0,400;0...
       |        ^
  2487 | :root {
  2488 |   --background: #F5F0E8;
  2489 |   --background-dark: #0D1B2A;

Import trace:
  Client Component Browser:
    ./src/app/globals.css [Client Component Browser]
    ./src/app/(public)/layout.tsx [Server Component] @ http://localhost:3000/_next/static/chunks/node_modules_next_dist_0u_w_5s._.js:1945
[   16578ms] [ERROR] ./src/app/globals.css:2486:8
Parsing CSS source code failed
  2484 |   }
  2485 | }
> 2486 | @import url('https://fonts.googleapis.com/css2?family=Playfair+Display:ital,wght@0,400;0...
       |        ^
  2487 | :root {
  2488 |   --background: #F5F0E8;
  2489 |   --background-dark: #0D1B2A;

@import rules must precede all rules aside from @charset and @layer statements

Generated code of PostCSS transform of file content of src/app/globals.css:
./src/app/globals.css:2486:8
  2484 |   }
  2485 | }
> 2486 | @import url('https://fonts.googleapis.com/css2?family=Playfair+Display:ital,wght@0,400;0...
       |        ^
  2487 | :root {
  2488 |   --background: #F5F0E8;
  2489 |   --background-dark: #0D1B2A;

Import trace:
  Client Component Browser:
    ./src/app/globals.css [Client Component Browser]
    ./src/app/(public)/layout.tsx [Server Component] @ http://localhost:3000/_next/static/chunks/node_modules_next_dist_0u_w_5s._.js:1945
[   16628ms] [ERROR] ./src/app/globals.css:2486:8
Parsing CSS source code failed
  2484 |   }
  2485 | }
> 2486 | @import url('https://fonts.googleapis.com/css2?family=Playfair+Display:ital,wght@0,400;0...
       |        ^
  2487 | :root {
  2488 |   --background: #F5F0E8;
  2489 |   --background-dark: #0D1B2A;

@import rules must precede all rules aside from @charset and @layer statements

Generated code of PostCSS transform of file content of src/app/globals.css:
./src/app/globals.css:2486:8
  2484 |   }
  2485 | }
> 2486 | @import url('https://fonts.googleapis.com/css2?family=Playfair+Display:ital,wght@0,400;0...
       |        ^
  2487 | :root {
  2488 |   --background: #F5F0E8;
  2489 |   --background-dark: #0D1B2A;

Import trace:
  Client Component Browser:
    ./src/app/globals.css [Client Component Browser]
    ./src/app/(public)/layout.tsx [Server Component] @ http://localhost:3000/_next/static/chunks/node_modules_next_dist_0u_w_5s._.js:1945
[   16682ms] [ERROR] ./src/app/globals.css:2486:8
Parsing CSS source code failed
  2484 |   }
  2485 | }
> 2486 | @import url('https://fonts.googleapis.com/css2?family=Playfair+Display:ital,wght@0,400;0...
       |        ^
  2487 | :root {
  2488 |   --background: #F5F0E8;
  2489 |   --background-dark: #0D1B2A;

@import rules must precede all rules aside from @charset and @layer statements

Generated code of PostCSS transform of file content of src/app/globals.css:
./src/app/globals.css:2486:8
  2484 |   }
  2485 | }
> 2486 | @import url('https://fonts.googleapis.com/css2?family=Playfair+Display:ital,wght@0,400;0...
       |        ^
  2487 | :root {
  2488 |   --background: #F5F0E8;
  2489 |   --background-dark: #0D1B2A;

Import trace:
  Client Component Browser:
    ./src/app/globals.css [Client Component Browser]
    ./src/app/(public)/layout.tsx [Server Component] @ http://localhost:3000/_next/static/chunks/node_modules_next_dist_0u_w_5s._.js:1945
[   16736ms] [ERROR] ./src/app/globals.css:2486:8
Parsing CSS source code failed
  2484 |   }
  2485 | }
> 2486 | @import url('https://fonts.googleapis.com/css2?family=Playfair+Display:ital,wght@0,400;0...
       |        ^
  2487 | :root {
  2488 |   --background: #F5F0E8;
  2489 |   --background-dark: #0D1B2A;

@import rules must precede all rules aside from @charset and @layer statements

Generated code of PostCSS transform of file content of src/app/globals.css:
./src/app/globals.css:2486:8
  2484 |   }
  2485 | }
> 2486 | @import url('https://fonts.googleapis.com/css2?family=Playfair+Display:ital,wght@0,400;0...
       |        ^
  2487 | :root {
  2488 |   --background: #F5F0E8;
  2489 |   --background-dark: #0D1B2A;

Import trace:
  Client Component Browser:
    ./src/app/globals.css [Client Component Browser]
    ./src/app/(public)/layout.tsx [Server Component] @ http://localhost:3000/_next/static/chunks/node_modules_next_dist_0u_w_5s._.js:1945
[   16786ms] [ERROR] ./src/app/globals.css:2486:8
Parsing CSS source code failed
  2484 |   }
  2485 | }
> 2486 | @import url('https://fonts.googleapis.com/css2?family=Playfair+Display:ital,wght@0,400;0...
       |        ^
  2487 | :root {
  2488 |   --background: #F5F0E8;
  2489 |   --background-dark: #0D1B2A;

@import rules must precede all rules aside from @charset and @layer statements

Generated code of PostCSS transform of file content of src/app/globals.css:
./src/app/globals.css:2486:8
  2484 |   }
  2485 | }
> 2486 | @import url('https://fonts.googleapis.com/css2?family=Playfair+Display:ital,wght@0,400;0...
       |        ^
  2487 | :root {
  2488 |   --background: #F5F0E8;
  2489 |   --background-dark: #0D1B2A;

Import trace:
  Client Component Browser:
    ./src/app/globals.css [Client Component Browser]
    ./src/app/(public)/layout.tsx [Server Component] @ http://localhost:3000/_next/static/chunks/node_modules_next_dist_0u_w_5s._.js:1945
[   16839ms] [ERROR] ./src/app/globals.css:2486:8
Parsing CSS source code failed
  2484 |   }
  2485 | }
> 2486 | @import url('https://fonts.googleapis.com/css2?family=Playfair+Display:ital,wght@0,400;0...
       |        ^
  2487 | :root {
  2488 |   --background: #F5F0E8;
  2489 |   --background-dark: #0D1B2A;

@import rules must precede all rules aside from @charset and @layer statements

Generated code of PostCSS transform of file content of src/app/globals.css:
./src/app/globals.css:2486:8
  2484 |   }
  2485 | }
> 2486 | @import url('https://fonts.googleapis.com/css2?family=Playfair+Display:ital,wght@0,400;0...
       |        ^
  2487 | :root {
  2488 |   --background: #F5F0E8;
  2489 |   --background-dark: #0D1B2A;

Import trace:
  Client Component Browser:
    ./src/app/globals.css [Client Component Browser]
    ./src/app/(public)/layout.tsx [Server Component] @ http://localhost:3000/_next/static/chunks/node_modules_next_dist_0u_w_5s._.js:1945
[   16897ms] [ERROR] ./src/app/globals.css:2486:8
Parsing CSS source code failed
  2484 |   }
  2485 | }
> 2486 | @import url('https://fonts.googleapis.com/css2?family=Playfair+Display:ital,wght@0,400;0...
       |        ^
  2487 | :root {
  2488 |   --background: #F5F0E8;
  2489 |   --background-dark: #0D1B2A;

@import rules must precede all rules aside from @charset and @layer statements

Generated code of PostCSS transform of file content of src/app/globals.css:
./src/app/globals.css:2486:8
  2484 |   }
  2485 | }
> 2486 | @import url('https://fonts.googleapis.com/css2?family=Playfair+Display:ital,wght@0,400;0...
       |        ^
  2487 | :root {
  2488 |   --background: #F5F0E8;
  2489 |   --background-dark: #0D1B2A;

Import trace:
  Client Component Browser:
    ./src/app/globals.css [Client Component Browser]
    ./src/app/(public)/layout.tsx [Server Component] @ http://localhost:3000/_next/static/chunks/node_modules_next_dist_0u_w_5s._.js:1945
[   16957ms] [ERROR] ./src/app/globals.css:2486:8
Parsing CSS source code failed
  2484 |   }
  2485 | }
> 2486 | @import url('https://fonts.googleapis.com/css2?family=Playfair+Display:ital,wght@0,400;0...
       |        ^
  2487 | :root {
  2488 |   --background: #F5F0E8;
  2489 |   --background-dark: #0D1B2A;

@import rules must precede all rules aside from @charset and @layer statements

Generated code of PostCSS transform of file content of src/app/globals.css:
./src/app/globals.css:2486:8
  2484 |   }
  2485 | }
> 2486 | @import url('https://fonts.googleapis.com/css2?family=Playfair+Display:ital,wght@0,400;0...
       |        ^
  2487 | :root {
  2488 |   --background: #F5F0E8;
  2489 |   --background-dark: #0D1B2A;

Import trace:
  Client Component Browser:
    ./src/app/globals.css [Client Component Browser]
    ./src/app/(public)/layout.tsx [Server Component] @ http://localhost:3000/_next/static/chunks/node_modules_next_dist_0u_w_5s._.js:1945
[   17006ms] [ERROR] ./src/app/globals.css:2486:8
Parsing CSS source code failed
  2484 |   }
  2485 | }
> 2486 | @import url('https://fonts.googleapis.com/css2?family=Playfair+Display:ital,wght@0,400;0...
       |        ^
  2487 | :root {
  2488 |   --background: #F5F0E8;
  2489 |   --background-dark: #0D1B2A;

@import rules must precede all rules aside from @charset and @layer statements

Generated code of PostCSS transform of file content of src/app/globals.css:
./src/app/globals.css:2486:8
  2484 |   }
  2485 | }
> 2486 | @import url('https://fonts.googleapis.com/css2?family=Playfair+Display:ital,wght@0,400;0...
       |        ^
  2487 | :root {
  2488 |   --background: #F5F0E8;
  2489 |   --background-dark: #0D1B2A;

Import trace:
  Client Component Browser:
    ./src/app/globals.css [Client Component Browser]
    ./src/app/(public)/layout.tsx [Server Component] @ http://localhost:3000/_next/static/chunks/node_modules_next_dist_0u_w_5s._.js:1945
[   17054ms] [ERROR] ./src/app/globals.css:2486:8
Parsing CSS source code failed
  2484 |   }
  2485 | }
> 2486 | @import url('https://fonts.googleapis.com/css2?family=Playfair+Display:ital,wght@0,400;0...
       |        ^
  2487 | :root {
  2488 |   --background: #F5F0E8;
  2489 |   --background-dark: #0D1B2A;

@import rules must precede all rules aside from @charset and @layer statements

Generated code of PostCSS transform of file content of src/app/globals.css:
./src/app/globals.css:2486:8
  2484 |   }
  2485 | }
> 2486 | @import url('https://fonts.googleapis.com/css2?family=Playfair+Display:ital,wght@0,400;0...
       |        ^
  2487 | :root {
  2488 |   --background: #F5F0E8;
  2489 |   --background-dark: #0D1B2A;

Import trace:
  Client Component Browser:
    ./src/app/globals.css [Client Component Browser]
    ./src/app/(public)/layout.tsx [Server Component] @ http://localhost:3000/_next/static/chunks/node_modules_next_dist_0u_w_5s._.js:1945
[   17106ms] [ERROR] ./src/app/globals.css:2486:8
Parsing CSS source code failed
  2484 |   }
  2485 | }
> 2486 | @import url('https://fonts.googleapis.com/css2?family=Playfair+Display:ital,wght@0,400;0...
       |        ^
  2487 | :root {
  2488 |   --background: #F5F0E8;
  2489 |   --background-dark: #0D1B2A;

@import rules must precede all rules aside from @charset and @layer statements

Generated code of PostCSS transform of file content of src/app/globals.css:
./src/app/globals.css:2486:8
  2484 |   }
  2485 | }
> 2486 | @import url('https://fonts.googleapis.com/css2?family=Playfair+Display:ital,wght@0,400;0...
       |        ^
  2487 | :root {
  2488 |   --background: #F5F0E8;
  2489 |   --background-dark: #0D1B2A;

Import trace:
  Client Component Browser:
    ./src/app/globals.css [Client Component Browser]
    ./src/app/(public)/layout.tsx [Server Component] @ http://localhost:3000/_next/static/chunks/node_modules_next_dist_0u_w_5s._.js:1945
[   17159ms] [ERROR] ./src/app/globals.css:2486:8
Parsing CSS source code failed
  2484 |   }
  2485 | }
> 2486 | @import url('https://fonts.googleapis.com/css2?family=Playfair+Display:ital,wght@0,400;0...
       |        ^
  2487 | :root {
  2488 |   --background: #F5F0E8;
  2489 |   --background-dark: #0D1B2A;

@import rules must precede all rules aside from @charset and @layer statements

Generated code of PostCSS transform of file content of src/app/globals.css:
./src/app/globals.css:2486:8
  2484 |   }
  2485 | }
> 2486 | @import url('https://fonts.googleapis.com/css2?family=Playfair+Display:ital,wght@0,400;0...
       |        ^
  2487 | :root {
  2488 |   --background: #F5F0E8;
  2489 |   --background-dark: #0D1B2A;

Import trace:
  Client Component Browser:
    ./src/app/globals.css [Client Component Browser]
    ./src/app/(public)/layout.tsx [Server Component] @ http://localhost:3000/_next/static/chunks/node_modules_next_dist_0u_w_5s._.js:1945
[   17237ms] [ERROR] ./src/app/globals.css:2486:8
Parsing CSS source code failed
  2484 |   }
  2485 | }
> 2486 | @import url('https://fonts.googleapis.com/css2?family=Playfair+Display:ital,wght@0,400;0...
       |        ^
  2487 | :root {
  2488 |   --background: #F5F0E8;
  2489 |   --background-dark: #0D1B2A;

@import rules must precede all rules aside from @charset and @layer statements

Generated code of PostCSS transform of file content of src/app/globals.css:
./src/app/globals.css:2486:8
  2484 |   }
  2485 | }
> 2486 | @import url('https://fonts.googleapis.com/css2?family=Playfair+Display:ital,wght@0,400;0...
       |        ^
  2487 | :root {
  2488 |   --background: #F5F0E8;
  2489 |   --background-dark: #0D1B2A;

Import trace:
  Client Component Browser:
    ./src/app/globals.css [Client Component Browser]
    ./src/app/(public)/layout.tsx [Server Component] @ http://localhost:3000/_next/static/chunks/node_modules_next_dist_0u_w_5s._.js:1945
[   17287ms] [ERROR] ./src/app/globals.css:2486:8
Parsing CSS source code failed
  2484 |   }
  2485 | }
> 2486 | @import url('https://fonts.googleapis.com/css2?family=Playfair+Display:ital,wght@0,400;0...
       |        ^
  2487 | :root {
  2488 |   --background: #F5F0E8;
  2489 |   --background-dark: #0D1B2A;

@import rules must precede all rules aside from @charset and @layer statements

Generated code of PostCSS transform of file content of src/app/globals.css:
./src/app/globals.css:2486:8
  2484 |   }
  2485 | }
> 2486 | @import url('https://fonts.googleapis.com/css2?family=Playfair+Display:ital,wght@0,400;0...
       |        ^
  2487 | :root {
  2488 |   --background: #F5F0E8;
  2489 |   --background-dark: #0D1B2A;

Import trace:
  Client Component Browser:
    ./src/app/globals.css [Client Component Browser]
    ./src/app/(public)/layout.tsx [Server Component] @ http://localhost:3000/_next/static/chunks/node_modules_next_dist_0u_w_5s._.js:1945
[   17338ms] [ERROR] ./src/app/globals.css:2486:8
Parsing CSS source code failed
  2484 |   }
  2485 | }
> 2486 | @import url('https://fonts.googleapis.com/css2?family=Playfair+Display:ital,wght@0,400;0...
       |        ^
  2487 | :root {
  2488 |   --background: #F5F0E8;
  2489 |   --background-dark: #0D1B2A;

@import rules must precede all rules aside from @charset and @layer statements

Generated code of PostCSS transform of file content of src/app/globals.css:
./src/app/globals.css:2486:8
  2484 |   }
  2485 | }
> 2486 | @import url('https://fonts.googleapis.com/css2?family=Playfair+Display:ital,wght@0,400;0...
       |        ^
  2487 | :root {
  2488 |   --background: #F5F0E8;
  2489 |   --background-dark: #0D1B2A;

Import trace:
  Client Component Browser:
    ./src/app/globals.css [Client Component Browser]
    ./src/app/(public)/layout.tsx [Server Component] @ http://localhost:3000/_next/static/chunks/node_modules_next_dist_0u_w_5s._.js:1945
[   17397ms] [ERROR] ./src/app/globals.css:2486:8
Parsing CSS source code failed
  2484 |   }
  2485 | }
> 2486 | @import url('https://fonts.googleapis.com/css2?family=Playfair+Display:ital,wght@0,400;0...
       |        ^
  2487 | :root {
  2488 |   --background: #F5F0E8;
  2489 |   --background-dark: #0D1B2A;

@import rules must precede all rules aside from @charset and @layer statements

Generated code of PostCSS transform of file content of src/app/globals.css:
./src/app/globals.css:2486:8
  2484 |   }
  2485 | }
> 2486 | @import url('https://fonts.googleapis.com/css2?family=Playfair+Display:ital,wght@0,400;0...
       |        ^
  2487 | :root {
  2488 |   --background: #F5F0E8;
  2489 |   --background-dark: #0D1B2A;

Import trace:
  Client Component Browser:
    ./src/app/globals.css [Client Component Browser]
    ./src/app/(public)/layout.tsx [Server Component] @ http://localhost:3000/_next/static/chunks/node_modules_next_dist_0u_w_5s._.js:1945
[   17455ms] [ERROR] ./src/app/globals.css:2486:8
Parsing CSS source code failed
  2484 |   }
  2485 | }
> 2486 | @import url('https://fonts.googleapis.com/css2?family=Playfair+Display:ital,wght@0,400;0...
       |        ^
  2487 | :root {
  2488 |   --background: #F5F0E8;
  2489 |   --background-dark: #0D1B2A;

@import rules must precede all rules aside from @charset and @layer statements

Generated code of PostCSS transform of file content of src/app/globals.css:
./src/app/globals.css:2486:8
  2484 |   }
  2485 | }
> 2486 | @import url('https://fonts.googleapis.com/css2?family=Playfair+Display:ital,wght@0,400;0...
       |        ^
  2487 | :root {
  2488 |   --background: #F5F0E8;
  2489 |   --background-dark: #0D1B2A;

Import trace:
  Client Component Browser:
    ./src/app/globals.css [Client Component Browser]
    ./src/app/(public)/layout.tsx [Server Component] @ http://localhost:3000/_next/static/chunks/node_modules_next_dist_0u_w_5s._.js:1945
[   17505ms] [ERROR] ./src/app/globals.css:2486:8
Parsing CSS source code failed
  2484 |   }
  2485 | }
> 2486 | @import url('https://fonts.googleapis.com/css2?family=Playfair+Display:ital,wght@0,400;0...
       |        ^
  2487 | :root {
  2488 |   --background: #F5F0E8;
  2489 |   --background-dark: #0D1B2A;

@import rules must precede all rules aside from @charset and @layer statements

Generated code of PostCSS transform of file content of src/app/globals.css:
./src/app/globals.css:2486:8
  2484 |   }
  2485 | }
> 2486 | @import url('https://fonts.googleapis.com/css2?family=Playfair+Display:ital,wght@0,400;0...
       |        ^
  2487 | :root {
  2488 |   --background: #F5F0E8;
  2489 |   --background-dark: #0D1B2A;

Import trace:
  Client Component Browser:
    ./src/app/globals.css [Client Component Browser]
    ./src/app/(public)/layout.tsx [Server Component] @ http://localhost:3000/_next/static/chunks/node_modules_next_dist_0u_w_5s._.js:1945
[   17556ms] [ERROR] ./src/app/globals.css:2486:8
Parsing CSS source code failed
  2484 |   }
  2485 | }
> 2486 | @import url('https://fonts.googleapis.com/css2?family=Playfair+Display:ital,wght@0,400;0...
       |        ^
  2487 | :root {
  2488 |   --background: #F5F0E8;
  2489 |   --background-dark: #0D1B2A;

@import rules must precede all rules aside from @charset and @layer statements

Generated code of PostCSS transform of file content of src/app/globals.css:
./src/app/globals.css:2486:8
  2484 |   }
  2485 | }
> 2486 | @import url('https://fonts.googleapis.com/css2?family=Playfair+Display:ital,wght@0,400;0...
       |        ^
  2487 | :root {
  2488 |   --background: #F5F0E8;
  2489 |   --background-dark: #0D1B2A;

Import trace:
  Client Component Browser:
    ./src/app/globals.css [Client Component Browser]
    ./src/app/(public)/layout.tsx [Server Component] @ http://localhost:3000/_next/static/chunks/node_modules_next_dist_0u_w_5s._.js:1945
[   17609ms] [ERROR] ./src/app/globals.css:2486:8
Parsing CSS source code failed
  2484 |   }
  2485 | }
> 2486 | @import url('https://fonts.googleapis.com/css2?family=Playfair+Display:ital,wght@0,400;0...
       |        ^
  2487 | :root {
  2488 |   --background: #F5F0E8;
  2489 |   --background-dark: #0D1B2A;

@import rules must precede all rules aside from @charset and @layer statements

Generated code of PostCSS transform of file content of src/app/globals.css:
./src/app/globals.css:2486:8
  2484 |   }
  2485 | }
> 2486 | @import url('https://fonts.googleapis.com/css2?family=Playfair+Display:ital,wght@0,400;0...
       |        ^
  2487 | :root {
  2488 |   --background: #F5F0E8;
  2489 |   --background-dark: #0D1B2A;

Import trace:
  Client Component Browser:
    ./src/app/globals.css [Client Component Browser]
    ./src/app/(public)/layout.tsx [Server Component] @ http://localhost:3000/_next/static/chunks/node_modules_next_dist_0u_w_5s._.js:1945
[   17662ms] [ERROR] ./src/app/globals.css:2486:8
Parsing CSS source code failed
  2484 |   }
  2485 | }
> 2486 | @import url('https://fonts.googleapis.com/css2?family=Playfair+Display:ital,wght@0,400;0...
       |        ^
  2487 | :root {
  2488 |   --background: #F5F0E8;
  2489 |   --background-dark: #0D1B2A;

@import rules must precede all rules aside from @charset and @layer statements

Generated code of PostCSS transform of file content of src/app/globals.css:
./src/app/globals.css:2486:8
  2484 |   }
  2485 | }
> 2486 | @import url('https://fonts.googleapis.com/css2?family=Playfair+Display:ital,wght@0,400;0...
       |        ^
  2487 | :root {
  2488 |   --background: #F5F0E8;
  2489 |   --background-dark: #0D1B2A;

Import trace:
  Client Component Browser:
    ./src/app/globals.css [Client Component Browser]
    ./src/app/(public)/layout.tsx [Server Component] @ http://localhost:3000/_next/static/chunks/node_modules_next_dist_0u_w_5s._.js:1945
[   17714ms] [ERROR] ./src/app/globals.css:2486:8
Parsing CSS source code failed
  2484 |   }
  2485 | }
> 2486 | @import url('https://fonts.googleapis.com/css2?family=Playfair+Display:ital,wght@0,400;0...
       |        ^
  2487 | :root {
  2488 |   --background: #F5F0E8;
  2489 |   --background-dark: #0D1B2A;

@import rules must precede all rules aside from @charset and @layer statements

Generated code of PostCSS transform of file content of src/app/globals.css:
./src/app/globals.css:2486:8
  2484 |   }
  2485 | }
> 2486 | @import url('https://fonts.googleapis.com/css2?family=Playfair+Display:ital,wght@0,400;0...
       |        ^
  2487 | :root {
  2488 |   --background: #F5F0E8;
  2489 |   --background-dark: #0D1B2A;

Import trace:
  Client Component Browser:
    ./src/app/globals.css [Client Component Browser]
    ./src/app/(public)/layout.tsx [Server Component] @ http://localhost:3000/_next/static/chunks/node_modules_next_dist_0u_w_5s._.js:1945
[   17772ms] [ERROR] ./src/app/globals.css:2486:8
Parsing CSS source code failed
  2484 |   }
  2485 | }
> 2486 | @import url('https://fonts.googleapis.com/css2?family=Playfair+Display:ital,wght@0,400;0...
       |        ^
  2487 | :root {
  2488 |   --background: #F5F0E8;
  2489 |   --background-dark: #0D1B2A;

@import rules must precede all rules aside from @charset and @layer statements

Generated code of PostCSS transform of file content of src/app/globals.css:
./src/app/globals.css:2486:8
  2484 |   }
  2485 | }
> 2486 | @import url('https://fonts.googleapis.com/css2?family=Playfair+Display:ital,wght@0,400;0...
       |        ^
  2487 | :root {
  2488 |   --background: #F5F0E8;
  2489 |   --background-dark: #0D1B2A;

Import trace:
  Client Component Browser:
    ./src/app/globals.css [Client Component Browser]
    ./src/app/(public)/layout.tsx [Server Component] @ http://localhost:3000/_next/static/chunks/node_modules_next_dist_0u_w_5s._.js:1945
[   17826ms] [ERROR] ./src/app/globals.css:2486:8
Parsing CSS source code failed
  2484 |   }
  2485 | }
> 2486 | @import url('https://fonts.googleapis.com/css2?family=Playfair+Display:ital,wght@0,400;0...
       |        ^
  2487 | :root {
  2488 |   --background: #F5F0E8;
  2489 |   --background-dark: #0D1B2A;

@import rules must precede all rules aside from @charset and @layer statements

Generated code of PostCSS transform of file content of src/app/globals.css:
./src/app/globals.css:2486:8
  2484 |   }
  2485 | }
> 2486 | @import url('https://fonts.googleapis.com/css2?family=Playfair+Display:ital,wght@0,400;0...
       |        ^
  2487 | :root {
  2488 |   --background: #F5F0E8;
  2489 |   --background-dark: #0D1B2A;

Import trace:
  Client Component Browser:
    ./src/app/globals.css [Client Component Browser]
    ./src/app/(public)/layout.tsx [Server Component] @ http://localhost:3000/_next/static/chunks/node_modules_next_dist_0u_w_5s._.js:1945
[   17878ms] [ERROR] ./src/app/globals.css:2486:8
Parsing CSS source code failed
  2484 |   }
  2485 | }
> 2486 | @import url('https://fonts.googleapis.com/css2?family=Playfair+Display:ital,wght@0,400;0...
       |        ^
  2487 | :root {
  2488 |   --background: #F5F0E8;
  2489 |   --background-dark: #0D1B2A;

@import rules must precede all rules aside from @charset and @layer statements

Generated code of PostCSS transform of file content of src/app/globals.css:
./src/app/globals.css:2486:8
  2484 |   }
  2485 | }
> 2486 | @import url('https://fonts.googleapis.com/css2?family=Playfair+Display:ital,wght@0,400;0...
       |        ^
  2487 | :root {
  2488 |   --background: #F5F0E8;
  2489 |   --background-dark: #0D1B2A;

Import trace:
  Client Component Browser:
    ./src/app/globals.css [Client Component Browser]
    ./src/app/(public)/layout.tsx [Server Component] @ http://localhost:3000/_next/static/chunks/node_modules_next_dist_0u_w_5s._.js:1945
[   17940ms] [ERROR] ./src/app/globals.css:2486:8
Parsing CSS source code failed
  2484 |   }
  2485 | }
> 2486 | @import url('https://fonts.googleapis.com/css2?family=Playfair+Display:ital,wght@0,400;0...
       |        ^
  2487 | :root {
  2488 |   --background: #F5F0E8;
  2489 |   --background-dark: #0D1B2A;

@import rules must precede all rules aside from @charset and @layer statements

Generated code of PostCSS transform of file content of src/app/globals.css:
./src/app/globals.css:2486:8
  2484 |   }
  2485 | }
> 2486 | @import url('https://fonts.googleapis.com/css2?family=Playfair+Display:ital,wght@0,400;0...
       |        ^
  2487 | :root {
  2488 |   --background: #F5F0E8;
  2489 |   --background-dark: #0D1B2A;

Import trace:
  Client Component Browser:
    ./src/app/globals.css [Client Component Browser]
    ./src/app/(public)/layout.tsx [Server Component] @ http://localhost:3000/_next/static/chunks/node_modules_next_dist_0u_w_5s._.js:1945
[   17994ms] [ERROR] ./src/app/globals.css:2486:8
Parsing CSS source code failed
  2484 |   }
  2485 | }
> 2486 | @import url('https://fonts.googleapis.com/css2?family=Playfair+Display:ital,wght@0,400;0...
       |        ^
  2487 | :root {
  2488 |   --background: #F5F0E8;
  2489 |   --background-dark: #0D1B2A;

@import rules must precede all rules aside from @charset and @layer statements

Generated code of PostCSS transform of file content of src/app/globals.css:
./src/app/globals.css:2486:8
  2484 |   }
  2485 | }
> 2486 | @import url('https://fonts.googleapis.com/css2?family=Playfair+Display:ital,wght@0,400;0...
       |        ^
  2487 | :root {
  2488 |   --background: #F5F0E8;
  2489 |   --background-dark: #0D1B2A;

Import trace:
  Client Component Browser:
    ./src/app/globals.css [Client Component Browser]
    ./src/app/(public)/layout.tsx [Server Component] @ http://localhost:3000/_next/static/chunks/node_modules_next_dist_0u_w_5s._.js:1945
[   18057ms] [ERROR] ./src/app/globals.css:2486:8
Parsing CSS source code failed
  2484 |   }
  2485 | }
> 2486 | @import url('https://fonts.googleapis.com/css2?family=Playfair+Display:ital,wght@0,400;0...
       |        ^
  2487 | :root {
  2488 |   --background: #F5F0E8;
  2489 |   --background-dark: #0D1B2A;

@import rules must precede all rules aside from @charset and @layer statements

Generated code of PostCSS transform of file content of src/app/globals.css:
./src/app/globals.css:2486:8
  2484 |   }
  2485 | }
> 2486 | @import url('https://fonts.googleapis.com/css2?family=Playfair+Display:ital,wght@0,400;0...
       |        ^
  2487 | :root {
  2488 |   --background: #F5F0E8;
  2489 |   --background-dark: #0D1B2A;

Import trace:
  Client Component Browser:
    ./src/app/globals.css [Client Component Browser]
    ./src/app/(public)/layout.tsx [Server Component] @ http://localhost:3000/_next/static/chunks/node_modules_next_dist_0u_w_5s._.js:1945
[   18106ms] [ERROR] ./src/app/globals.css:2486:8
Parsing CSS source code failed
  2484 |   }
  2485 | }
> 2486 | @import url('https://fonts.googleapis.com/css2?family=Playfair+Display:ital,wght@0,400;0...
       |        ^
  2487 | :root {
  2488 |   --background: #F5F0E8;
  2489 |   --background-dark: #0D1B2A;

@import rules must precede all rules aside from @charset and @layer statements

Generated code of PostCSS transform of file content of src/app/globals.css:
./src/app/globals.css:2486:8
  2484 |   }
  2485 | }
> 2486 | @import url('https://fonts.googleapis.com/css2?family=Playfair+Display:ital,wght@0,400;0...
       |        ^
  2487 | :root {
  2488 |   --background: #F5F0E8;
  2489 |   --background-dark: #0D1B2A;

Import trace:
  Client Component Browser:
    ./src/app/globals.css [Client Component Browser]
    ./src/app/(public)/layout.tsx [Server Component] @ http://localhost:3000/_next/static/chunks/node_modules_next_dist_0u_w_5s._.js:1945
[   18158ms] [ERROR] ./src/app/globals.css:2486:8
Parsing CSS source code failed
  2484 |   }
  2485 | }
> 2486 | @import url('https://fonts.googleapis.com/css2?family=Playfair+Display:ital,wght@0,400;0...
       |        ^
  2487 | :root {
  2488 |   --background: #F5F0E8;
  2489 |   --background-dark: #0D1B2A;

@import rules must precede all rules aside from @charset and @layer statements

Generated code of PostCSS transform of file content of src/app/globals.css:
./src/app/globals.css:2486:8
  2484 |   }
  2485 | }
> 2486 | @import url('https://fonts.googleapis.com/css2?family=Playfair+Display:ital,wght@0,400;0...
       |        ^
  2487 | :root {
  2488 |   --background: #F5F0E8;
  2489 |   --background-dark: #0D1B2A;

Import trace:
  Client Component Browser:
    ./src/app/globals.css [Client Component Browser]
    ./src/app/(public)/layout.tsx [Server Component] @ http://localhost:3000/_next/static/chunks/node_modules_next_dist_0u_w_5s._.js:1945
[   18208ms] [ERROR] ./src/app/globals.css:2486:8
Parsing CSS source code failed
  2484 |   }
  2485 | }
> 2486 | @import url('https://fonts.googleapis.com/css2?family=Playfair+Display:ital,wght@0,400;0...
       |        ^
  2487 | :root {
  2488 |   --background: #F5F0E8;
  2489 |   --background-dark: #0D1B2A;

@import rules must precede all rules aside from @charset and @layer statements

Generated code of PostCSS transform of file content of src/app/globals.css:
./src/app/globals.css:2486:8
  2484 |   }
  2485 | }
> 2486 | @import url('https://fonts.googleapis.com/css2?family=Playfair+Display:ital,wght@0,400;0...
       |        ^
  2487 | :root {
  2488 |   --background: #F5F0E8;
  2489 |   --background-dark: #0D1B2A;

Import trace:
  Client Component Browser:
    ./src/app/globals.css [Client Component Browser]
    ./src/app/(public)/layout.tsx [Server Component] @ http://localhost:3000/_next/static/chunks/node_modules_next_dist_0u_w_5s._.js:1945
[   18259ms] [ERROR] ./src/app/globals.css:2486:8
Parsing CSS source code failed
  2484 |   }
  2485 | }
> 2486 | @import url('https://fonts.googleapis.com/css2?family=Playfair+Display:ital,wght@0,400;0...
       |        ^
  2487 | :root {
  2488 |   --background: #F5F0E8;
  2489 |   --background-dark: #0D1B2A;

@import rules must precede all rules aside from @charset and @layer statements

Generated code of PostCSS transform of file content of src/app/globals.css:
./src/app/globals.css:2486:8
  2484 |   }
  2485 | }
> 2486 | @import url('https://fonts.googleapis.com/css2?family=Playfair+Display:ital,wght@0,400;0...
       |        ^
  2487 | :root {
  2488 |   --background: #F5F0E8;
  2489 |   --background-dark: #0D1B2A;

Import trace:
  Client Component Browser:
    ./src/app/globals.css [Client Component Browser]
    ./src/app/(public)/layout.tsx [Server Component] @ http://localhost:3000/_next/static/chunks/node_modules_next_dist_0u_w_5s._.js:1945
[   18309ms] [ERROR] ./src/app/globals.css:2486:8
Parsing CSS source code failed
  2484 |   }
  2485 | }
> 2486 | @import url('https://fonts.googleapis.com/css2?family=Playfair+Display:ital,wght@0,400;0...
       |        ^
  2487 | :root {
  2488 |   --background: #F5F0E8;
  2489 |   --background-dark: #0D1B2A;

@import rules must precede all rules aside from @charset and @layer statements

Generated code of PostCSS transform of file content of src/app/globals.css:
./src/app/globals.css:2486:8
  2484 |   }
  2485 | }
> 2486 | @import url('https://fonts.googleapis.com/css2?family=Playfair+Display:ital,wght@0,400;0...
       |        ^
  2487 | :root {
  2488 |   --background: #F5F0E8;
  2489 |   --background-dark: #0D1B2A;

Import trace:
  Client Component Browser:
    ./src/app/globals.css [Client Component Browser]
    ./src/app/(public)/layout.tsx [Server Component] @ http://localhost:3000/_next/static/chunks/node_modules_next_dist_0u_w_5s._.js:1945
[   18358ms] [ERROR] ./src/app/globals.css:2486:8
Parsing CSS source code failed
  2484 |   }
  2485 | }
> 2486 | @import url('https://fonts.googleapis.com/css2?family=Playfair+Display:ital,wght@0,400;0...
       |        ^
  2487 | :root {
  2488 |   --background: #F5F0E8;
  2489 |   --background-dark: #0D1B2A;

@import rules must precede all rules aside from @charset and @layer statements

Generated code of PostCSS transform of file content of src/app/globals.css:
./src/app/globals.css:2486:8
  2484 |   }
  2485 | }
> 2486 | @import url('https://fonts.googleapis.com/css2?family=Playfair+Display:ital,wght@0,400;0...
       |        ^
  2487 | :root {
  2488 |   --background: #F5F0E8;
  2489 |   --background-dark: #0D1B2A;

Import trace:
  Client Component Browser:
    ./src/app/globals.css [Client Component Browser]
    ./src/app/(public)/layout.tsx [Server Component] @ http://localhost:3000/_next/static/chunks/node_modules_next_dist_0u_w_5s._.js:1945
[   18408ms] [ERROR] ./src/app/globals.css:2486:8
Parsing CSS source code failed
  2484 |   }
  2485 | }
> 2486 | @import url('https://fonts.googleapis.com/css2?family=Playfair+Display:ital,wght@0,400;0...
       |        ^
  2487 | :root {
  2488 |   --background: #F5F0E8;
  2489 |   --background-dark: #0D1B2A;

@import rules must precede all rules aside from @charset and @layer statements

Generated code of PostCSS transform of file content of src/app/globals.css:
./src/app/globals.css:2486:8
  2484 |   }
  2485 | }
> 2486 | @import url('https://fonts.googleapis.com/css2?family=Playfair+Display:ital,wght@0,400;0...
       |        ^
  2487 | :root {
  2488 |   --background: #F5F0E8;
  2489 |   --background-dark: #0D1B2A;

Import trace:
  Client Component Browser:
    ./src/app/globals.css [Client Component Browser]
    ./src/app/(public)/layout.tsx [Server Component] @ http://localhost:3000/_next/static/chunks/node_modules_next_dist_0u_w_5s._.js:1945
[   18460ms] [ERROR] ./src/app/globals.css:2486:8
Parsing CSS source code failed
  2484 |   }
  2485 | }
> 2486 | @import url('https://fonts.googleapis.com/css2?family=Playfair+Display:ital,wght@0,400;0...
       |        ^
  2487 | :root {
  2488 |   --background: #F5F0E8;
  2489 |   --background-dark: #0D1B2A;

@import rules must precede all rules aside from @charset and @layer statements

Generated code of PostCSS transform of file content of src/app/globals.css:
./src/app/globals.css:2486:8
  2484 |   }
  2485 | }
> 2486 | @import url('https://fonts.googleapis.com/css2?family=Playfair+Display:ital,wght@0,400;0...
       |        ^
  2487 | :root {
  2488 |   --background: #F5F0E8;
  2489 |   --background-dark: #0D1B2A;

Import trace:
  Client Component Browser:
    ./src/app/globals.css [Client Component Browser]
    ./src/app/(public)/layout.tsx [Server Component] @ http://localhost:3000/_next/static/chunks/node_modules_next_dist_0u_w_5s._.js:1945
[   18511ms] [ERROR] ./src/app/globals.css:2486:8
Parsing CSS source code failed
  2484 |   }
  2485 | }
> 2486 | @import url('https://fonts.googleapis.com/css2?family=Playfair+Display:ital,wght@0,400;0...
       |        ^
  2487 | :root {
  2488 |   --background: #F5F0E8;
  2489 |   --background-dark: #0D1B2A;

@import rules must precede all rules aside from @charset and @layer statements

Generated code of PostCSS transform of file content of src/app/globals.css:
./src/app/globals.css:2486:8
  2484 |   }
  2485 | }
> 2486 | @import url('https://fonts.googleapis.com/css2?family=Playfair+Display:ital,wght@0,400;0...
       |        ^
  2487 | :root {
  2488 |   --background: #F5F0E8;
  2489 |   --background-dark: #0D1B2A;

Import trace:
  Client Component Browser:
    ./src/app/globals.css [Client Component Browser]
    ./src/app/(public)/layout.tsx [Server Component] @ http://localhost:3000/_next/static/chunks/node_modules_next_dist_0u_w_5s._.js:1945
[   18560ms] [ERROR] ./src/app/globals.css:2486:8
Parsing CSS source code failed
  2484 |   }
  2485 | }
> 2486 | @import url('https://fonts.googleapis.com/css2?family=Playfair+Display:ital,wght@0,400;0...
       |        ^
  2487 | :root {
  2488 |   --background: #F5F0E8;
  2489 |   --background-dark: #0D1B2A;

@import rules must precede all rules aside from @charset and @layer statements

Generated code of PostCSS transform of file content of src/app/globals.css:
./src/app/globals.css:2486:8
  2484 |   }
  2485 | }
> 2486 | @import url('https://fonts.googleapis.com/css2?family=Playfair+Display:ital,wght@0,400;0...
       |        ^
  2487 | :root {
  2488 |   --background: #F5F0E8;
  2489 |   --background-dark: #0D1B2A;

Import trace:
  Client Component Browser:
    ./src/app/globals.css [Client Component Browser]
    ./src/app/(public)/layout.tsx [Server Component] @ http://localhost:3000/_next/static/chunks/node_modules_next_dist_0u_w_5s._.js:1945
[   18608ms] [ERROR] ./src/app/globals.css:2486:8
Parsing CSS source code failed
  2484 |   }
  2485 | }
> 2486 | @import url('https://fonts.googleapis.com/css2?family=Playfair+Display:ital,wght@0,400;0...
       |        ^
  2487 | :root {
  2488 |   --background: #F5F0E8;
  2489 |   --background-dark: #0D1B2A;

@import rules must precede all rules aside from @charset and @layer statements

Generated code of PostCSS transform of file content of src/app/globals.css:
./src/app/globals.css:2486:8
  2484 |   }
  2485 | }
> 2486 | @import url('https://fonts.googleapis.com/css2?family=Playfair+Display:ital,wght@0,400;0...
       |        ^
  2487 | :root {
  2488 |   --background: #F5F0E8;
  2489 |   --background-dark: #0D1B2A;

Import trace:
  Client Component Browser:
    ./src/app/globals.css [Client Component Browser]
    ./src/app/(public)/layout.tsx [Server Component] @ http://localhost:3000/_next/static/chunks/node_modules_next_dist_0u_w_5s._.js:1945
[   18661ms] [ERROR] ./src/app/globals.css:2486:8
Parsing CSS source code failed
  2484 |   }
  2485 | }
> 2486 | @import url('https://fonts.googleapis.com/css2?family=Playfair+Display:ital,wght@0,400;0...
       |        ^
  2487 | :root {
  2488 |   --background: #F5F0E8;
  2489 |   --background-dark: #0D1B2A;

@import rules must precede all rules aside from @charset and @layer statements

Generated code of PostCSS transform of file content of src/app/globals.css:
./src/app/globals.css:2486:8
  2484 |   }
  2485 | }
> 2486 | @import url('https://fonts.googleapis.com/css2?family=Playfair+Display:ital,wght@0,400;0...
       |        ^
  2487 | :root {
  2488 |   --background: #F5F0E8;
  2489 |   --background-dark: #0D1B2A;

Import trace:
  Client Component Browser:
    ./src/app/globals.css [Client Component Browser]
    ./src/app/(public)/layout.tsx [Server Component] @ http://localhost:3000/_next/static/chunks/node_modules_next_dist_0u_w_5s._.js:1945
[   18711ms] [ERROR] ./src/app/globals.css:2486:8
Parsing CSS source code failed
  2484 |   }
  2485 | }
> 2486 | @import url('https://fonts.googleapis.com/css2?family=Playfair+Display:ital,wght@0,400;0...
       |        ^
  2487 | :root {
  2488 |   --background: #F5F0E8;
  2489 |   --background-dark: #0D1B2A;

@import rules must precede all rules aside from @charset and @layer statements

Generated code of PostCSS transform of file content of src/app/globals.css:
./src/app/globals.css:2486:8
  2484 |   }
  2485 | }
> 2486 | @import url('https://fonts.googleapis.com/css2?family=Playfair+Display:ital,wght@0,400;0...
       |        ^
  2487 | :root {
  2488 |   --background: #F5F0E8;
  2489 |   --background-dark: #0D1B2A;

Import trace:
  Client Component Browser:
    ./src/app/globals.css [Client Component Browser]
    ./src/app/(public)/layout.tsx [Server Component] @ http://localhost:3000/_next/static/chunks/node_modules_next_dist_0u_w_5s._.js:1945
[   18779ms] [LOG] [Fast Refresh] rebuilding @ http://localhost:3000/_next/static/chunks/node_modules_next_dist_0u_w_5s._.js:1226
[   18863ms] [ERROR] ./src/app/globals.css:2486:8
Parsing CSS source code failed
  2484 |   }
  2485 | }
> 2486 | @import url('https://fonts.googleapis.com/css2?family=Playfair+Display:ital,wght@0,400;0...
       |        ^
  2487 | :root {
  2488 |   --background: #F5F0E8;
  2489 |   --background-dark: #0D1B2A;

@import rules must precede all rules aside from @charset and @layer statements

Generated code of PostCSS transform of file content of src/app/globals.css:
./src/app/globals.css:2486:8
  2484 |   }
  2485 | }
> 2486 | @import url('https://fonts.googleapis.com/css2?family=Playfair+Display:ital,wght@0,400;0...
       |        ^
  2487 | :root {
  2488 |   --background: #F5F0E8;
  2489 |   --background-dark: #0D1B2A;

Import trace:
  Client Component Browser:
    ./src/app/globals.css [Client Component Browser]
    ./src/app/(public)/layout.tsx [Server Component] @ http://localhost:3000/_next/static/chunks/node_modules_next_dist_0u_w_5s._.js:1945
[   18921ms] [ERROR] ./src/app/globals.css:2486:8
Parsing CSS source code failed
  2484 |   }
  2485 | }
> 2486 | @import url('https://fonts.googleapis.com/css2?family=Playfair+Display:ital,wght@0,400;0...
       |        ^
  2487 | :root {
  2488 |   --background: #F5F0E8;
  2489 |   --background-dark: #0D1B2A;

@import rules must precede all rules aside from @charset and @layer statements

Generated code of PostCSS transform of file content of src/app/globals.css:
./src/app/globals.css:2486:8
  2484 |   }
  2485 | }
> 2486 | @import url('https://fonts.googleapis.com/css2?family=Playfair+Display:ital,wght@0,400;0...
       |        ^
  2487 | :root {
  2488 |   --background: #F5F0E8;
  2489 |   --background-dark: #0D1B2A;

Import trace:
  Client Component Browser:
    ./src/app/globals.css [Client Component Browser]
    ./src/app/(public)/layout.tsx [Server Component] @ http://localhost:3000/_next/static/chunks/node_modules_next_dist_0u_w_5s._.js:1945
[   18975ms] [ERROR] ./src/app/globals.css:2486:8
Parsing CSS source code failed
  2484 |   }
  2485 | }
> 2486 | @import url('https://fonts.googleapis.com/css2?family=Playfair+Display:ital,wght@0,400;0...
       |        ^
  2487 | :root {
  2488 |   --background: #F5F0E8;
  2489 |   --background-dark: #0D1B2A;

@import rules must precede all rules aside from @charset and @layer statements

Generated code of PostCSS transform of file content of src/app/globals.css:
./src/app/globals.css:2486:8
  2484 |   }
  2485 | }
> 2486 | @import url('https://fonts.googleapis.com/css2?family=Playfair+Display:ital,wght@0,400;0...
       |        ^
  2487 | :root {
  2488 |   --background: #F5F0E8;
  2489 |   --background-dark: #0D1B2A;

Import trace:
  Client Component Browser:
    ./src/app/globals.css [Client Component Browser]
    ./src/app/(public)/layout.tsx [Server Component] @ http://localhost:3000/_next/static/chunks/node_modules_next_dist_0u_w_5s._.js:1945
[   19024ms] [ERROR] ./src/app/globals.css:2486:8
Parsing CSS source code failed
  2484 |   }
  2485 | }
> 2486 | @import url('https://fonts.googleapis.com/css2?family=Playfair+Display:ital,wght@0,400;0...
       |        ^
  2487 | :root {
  2488 |   --background: #F5F0E8;
  2489 |   --background-dark: #0D1B2A;

@import rules must precede all rules aside from @charset and @layer statements

Generated code of PostCSS transform of file content of src/app/globals.css:
./src/app/globals.css:2486:8
  2484 |   }
  2485 | }
> 2486 | @import url('https://fonts.googleapis.com/css2?family=Playfair+Display:ital,wght@0,400;0...
       |        ^
  2487 | :root {
  2488 |   --background: #F5F0E8;
  2489 |   --background-dark: #0D1B2A;

Import trace:
  Client Component Browser:
    ./src/app/globals.css [Client Component Browser]
    ./src/app/(public)/layout.tsx [Server Component] @ http://localhost:3000/_next/static/chunks/node_modules_next_dist_0u_w_5s._.js:1945
[   19073ms] [ERROR] ./src/app/globals.css:2486:8
Parsing CSS source code failed
  2484 |   }
  2485 | }
> 2486 | @import url('https://fonts.googleapis.com/css2?family=Playfair+Display:ital,wght@0,400;0...
       |        ^
  2487 | :root {
  2488 |   --background: #F5F0E8;
  2489 |   --background-dark: #0D1B2A;

@import rules must precede all rules aside from @charset and @layer statements

Generated code of PostCSS transform of file content of src/app/globals.css:
./src/app/globals.css:2486:8
  2484 |   }
  2485 | }
> 2486 | @import url('https://fonts.googleapis.com/css2?family=Playfair+Display:ital,wght@0,400;0...
       |        ^
  2487 | :root {
  2488 |   --background: #F5F0E8;
  2489 |   --background-dark: #0D1B2A;

Import trace:
  Client Component Browser:
    ./src/app/globals.css [Client Component Browser]
    ./src/app/(public)/layout.tsx [Server Component] @ http://localhost:3000/_next/static/chunks/node_modules_next_dist_0u_w_5s._.js:1945
[   19125ms] [ERROR] ./src/app/globals.css:2486:8
Parsing CSS source code failed
  2484 |   }
  2485 | }
> 2486 | @import url('https://fonts.googleapis.com/css2?family=Playfair+Display:ital,wght@0,400;0...
       |        ^
  2487 | :root {
  2488 |   --background: #F5F0E8;
  2489 |   --background-dark: #0D1B2A;

@import rules must precede all rules aside from @charset and @layer statements

Generated code of PostCSS transform of file content of src/app/globals.css:
./src/app/globals.css:2486:8
  2484 |   }
  2485 | }
> 2486 | @import url('https://fonts.googleapis.com/css2?family=Playfair+Display:ital,wght@0,400;0...
       |        ^
  2487 | :root {
  2488 |   --background: #F5F0E8;
  2489 |   --background-dark: #0D1B2A;

Import trace:
  Client Component Browser:
    ./src/app/globals.css [Client Component Browser]
    ./src/app/(public)/layout.tsx [Server Component] @ http://localhost:3000/_next/static/chunks/node_modules_next_dist_0u_w_5s._.js:1945
[   19174ms] [ERROR] ./src/app/globals.css:2486:8
Parsing CSS source code failed
  2484 |   }
  2485 | }
> 2486 | @import url('https://fonts.googleapis.com/css2?family=Playfair+Display:ital,wght@0,400;0...
       |        ^
  2487 | :root {
  2488 |   --background: #F5F0E8;
  2489 |   --background-dark: #0D1B2A;

@import rules must precede all rules aside from @charset and @layer statements

Generated code of PostCSS transform of file content of src/app/globals.css:
./src/app/globals.css:2486:8
  2484 |   }
  2485 | }
> 2486 | @import url('https://fonts.googleapis.com/css2?family=Playfair+Display:ital,wght@0,400;0...
       |        ^
  2487 | :root {
  2488 |   --background: #F5F0E8;
  2489 |   --background-dark: #0D1B2A;

Import trace:
  Client Component Browser:
    ./src/app/globals.css [Client Component Browser]
    ./src/app/(public)/layout.tsx [Server Component] @ http://localhost:3000/_next/static/chunks/node_modules_next_dist_0u_w_5s._.js:1945
[   19223ms] [ERROR] ./src/app/globals.css:2486:8
Parsing CSS source code failed
  2484 |   }
  2485 | }
> 2486 | @import url('https://fonts.googleapis.com/css2?family=Playfair+Display:ital,wght@0,400;0...
       |        ^
  2487 | :root {
  2488 |   --background: #F5F0E8;
  2489 |   --background-dark: #0D1B2A;

@import rules must precede all rules aside from @charset and @layer statements

Generated code of PostCSS transform of file content of src/app/globals.css:
./src/app/globals.css:2486:8
  2484 |   }
  2485 | }
> 2486 | @import url('https://fonts.googleapis.com/css2?family=Playfair+Display:ital,wght@0,400;0...
       |        ^
  2487 | :root {
  2488 |   --background: #F5F0E8;
  2489 |   --background-dark: #0D1B2A;

Import trace:
  Client Component Browser:
    ./src/app/globals.css [Client Component Browser]
    ./src/app/(public)/layout.tsx [Server Component] @ http://localhost:3000/_next/static/chunks/node_modules_next_dist_0u_w_5s._.js:1945
[   19274ms] [ERROR] ./src/app/globals.css:2486:8
Parsing CSS source code failed
  2484 |   }
  2485 | }
> 2486 | @import url('https://fonts.googleapis.com/css2?family=Playfair+Display:ital,wght@0,400;0...
       |        ^
  2487 | :root {
  2488 |   --background: #F5F0E8;
  2489 |   --background-dark: #0D1B2A;

@import rules must precede all rules aside from @charset and @layer statements

Generated code of PostCSS transform of file content of src/app/globals.css:
./src/app/globals.css:2486:8
  2484 |   }
  2485 | }
> 2486 | @import url('https://fonts.googleapis.com/css2?family=Playfair+Display:ital,wght@0,400;0...
       |        ^
  2487 | :root {
  2488 |   --background: #F5F0E8;
  2489 |   --background-dark: #0D1B2A;

Import trace:
  Client Component Browser:
    ./src/app/globals.css [Client Component Browser]
    ./src/app/(public)/layout.tsx [Server Component] @ http://localhost:3000/_next/static/chunks/node_modules_next_dist_0u_w_5s._.js:1945
[   19326ms] [ERROR] ./src/app/globals.css:2486:8
Parsing CSS source code failed
  2484 |   }
  2485 | }
> 2486 | @import url('https://fonts.googleapis.com/css2?family=Playfair+Display:ital,wght@0,400;0...
       |        ^
  2487 | :root {
  2488 |   --background: #F5F0E8;
  2489 |   --background-dark: #0D1B2A;

@import rules must precede all rules aside from @charset and @layer statements

Generated code of PostCSS transform of file content of src/app/globals.css:
./src/app/globals.css:2486:8
  2484 |   }
  2485 | }
> 2486 | @import url('https://fonts.googleapis.com/css2?family=Playfair+Display:ital,wght@0,400;0...
       |        ^
  2487 | :root {
  2488 |   --background: #F5F0E8;
  2489 |   --background-dark: #0D1B2A;

Import trace:
  Client Component Browser:
    ./src/app/globals.css [Client Component Browser]
    ./src/app/(public)/layout.tsx [Server Component] @ http://localhost:3000/_next/static/chunks/node_modules_next_dist_0u_w_5s._.js:1945
[   19379ms] [ERROR] ./src/app/globals.css:2486:8
Parsing CSS source code failed
  2484 |   }
  2485 | }
> 2486 | @import url('https://fonts.googleapis.com/css2?family=Playfair+Display:ital,wght@0,400;0...
       |        ^
  2487 | :root {
  2488 |   --background: #F5F0E8;
  2489 |   --background-dark: #0D1B2A;

@import rules must precede all rules aside from @charset and @layer statements

Generated code of PostCSS transform of file content of src/app/globals.css:
./src/app/globals.css:2486:8
  2484 |   }
  2485 | }
> 2486 | @import url('https://fonts.googleapis.com/css2?family=Playfair+Display:ital,wght@0,400;0...
       |        ^
  2487 | :root {
  2488 |   --background: #F5F0E8;
  2489 |   --background-dark: #0D1B2A;

Import trace:
  Client Component Browser:
    ./src/app/globals.css [Client Component Browser]
    ./src/app/(public)/layout.tsx [Server Component] @ http://localhost:3000/_next/static/chunks/node_modules_next_dist_0u_w_5s._.js:1945
[   19437ms] [ERROR] ./src/app/globals.css:2486:8
Parsing CSS source code failed
  2484 |   }
  2485 | }
> 2486 | @import url('https://fonts.googleapis.com/css2?family=Playfair+Display:ital,wght@0,400;0...
       |        ^
  2487 | :root {
  2488 |   --background: #F5F0E8;
  2489 |   --background-dark: #0D1B2A;

@import rules must precede all rules aside from @charset and @layer statements

Generated code of PostCSS transform of file content of src/app/globals.css:
./src/app/globals.css:2486:8
  2484 |   }
  2485 | }
> 2486 | @import url('https://fonts.googleapis.com/css2?family=Playfair+Display:ital,wght@0,400;0...
       |        ^
  2487 | :root {
  2488 |   --background: #F5F0E8;
  2489 |   --background-dark: #0D1B2A;

Import trace:
  Client Component Browser:
    ./src/app/globals.css [Client Component Browser]
    ./src/app/(public)/layout.tsx [Server Component] @ http://localhost:3000/_next/static/chunks/node_modules_next_dist_0u_w_5s._.js:1945
[   19490ms] [ERROR] ./src/app/globals.css:2486:8
Parsing CSS source code failed
  2484 |   }
  2485 | }
> 2486 | @import url('https://fonts.googleapis.com/css2?family=Playfair+Display:ital,wght@0,400;0...
       |        ^
  2487 | :root {
  2488 |   --background: #F5F0E8;
  2489 |   --background-dark: #0D1B2A;

@import rules must precede all rules aside from @charset and @layer statements

Generated code of PostCSS transform of file content of src/app/globals.css:
./src/app/globals.css:2486:8
  2484 |   }
  2485 | }
> 2486 | @import url('https://fonts.googleapis.com/css2?family=Playfair+Display:ital,wght@0,400;0...
       |        ^
  2487 | :root {
  2488 |   --background: #F5F0E8;
  2489 |   --background-dark: #0D1B2A;

Import trace:
  Client Component Browser:
    ./src/app/globals.css [Client Component Browser]
    ./src/app/(public)/layout.tsx [Server Component] @ http://localhost:3000/_next/static/chunks/node_modules_next_dist_0u_w_5s._.js:1945
[   19542ms] [ERROR] ./src/app/globals.css:2486:8
Parsing CSS source code failed
  2484 |   }
  2485 | }
> 2486 | @import url('https://fonts.googleapis.com/css2?family=Playfair+Display:ital,wght@0,400;0...
       |        ^
  2487 | :root {
  2488 |   --background: #F5F0E8;
  2489 |   --background-dark: #0D1B2A;

@import rules must precede all rules aside from @charset and @layer statements

Generated code of PostCSS transform of file content of src/app/globals.css:
./src/app/globals.css:2486:8
  2484 |   }
  2485 | }
> 2486 | @import url('https://fonts.googleapis.com/css2?family=Playfair+Display:ital,wght@0,400;0...
       |        ^
  2487 | :root {
  2488 |   --background: #F5F0E8;
  2489 |   --background-dark: #0D1B2A;

Import trace:
  Client Component Browser:
    ./src/app/globals.css [Client Component Browser]
    ./src/app/(public)/layout.tsx [Server Component] @ http://localhost:3000/_next/static/chunks/node_modules_next_dist_0u_w_5s._.js:1945
[   19594ms] [ERROR] ./src/app/globals.css:2486:8
Parsing CSS source code failed
  2484 |   }
  2485 | }
> 2486 | @import url('https://fonts.googleapis.com/css2?family=Playfair+Display:ital,wght@0,400;0...
       |        ^
  2487 | :root {
  2488 |   --background: #F5F0E8;
  2489 |   --background-dark: #0D1B2A;

@import rules must precede all rules aside from @charset and @layer statements

Generated code of PostCSS transform of file content of src/app/globals.css:
./src/app/globals.css:2486:8
  2484 |   }
  2485 | }
> 2486 | @import url('https://fonts.googleapis.com/css2?family=Playfair+Display:ital,wght@0,400;0...
       |        ^
  2487 | :root {
  2488 |   --background: #F5F0E8;
  2489 |   --background-dark: #0D1B2A;

Import trace:
  Client Component Browser:
    ./src/app/globals.css [Client Component Browser]
    ./src/app/(public)/layout.tsx [Server Component] @ http://localhost:3000/_next/static/chunks/node_modules_next_dist_0u_w_5s._.js:1945
[   19646ms] [ERROR] ./src/app/globals.css:2486:8
Parsing CSS source code failed
  2484 |   }
  2485 | }
> 2486 | @import url('https://fonts.googleapis.com/css2?family=Playfair+Display:ital,wght@0,400;0...
       |        ^
  2487 | :root {
  2488 |   --background: #F5F0E8;
  2489 |   --background-dark: #0D1B2A;

@import rules must precede all rules aside from @charset and @layer statements

Generated code of PostCSS transform of file content of src/app/globals.css:
./src/app/globals.css:2486:8
  2484 |   }
  2485 | }
> 2486 | @import url('https://fonts.googleapis.com/css2?family=Playfair+Display:ital,wght@0,400;0...
       |        ^
  2487 | :root {
  2488 |   --background: #F5F0E8;
  2489 |   --background-dark: #0D1B2A;

Import trace:
  Client Component Browser:
    ./src/app/globals.css [Client Component Browser]
    ./src/app/(public)/layout.tsx [Server Component] @ http://localhost:3000/_next/static/chunks/node_modules_next_dist_0u_w_5s._.js:1945
[   19699ms] [ERROR] ./src/app/globals.css:2486:8
Parsing CSS source code failed
  2484 |   }
  2485 | }
> 2486 | @import url('https://fonts.googleapis.com/css2?family=Playfair+Display:ital,wght@0,400;0...
       |        ^
  2487 | :root {
  2488 |   --background: #F5F0E8;
  2489 |   --background-dark: #0D1B2A;

@import rules must precede all rules aside from @charset and @layer statements

Generated code of PostCSS transform of file content of src/app/globals.css:
./src/app/globals.css:2486:8
  2484 |   }
  2485 | }
> 2486 | @import url('https://fonts.googleapis.com/css2?family=Playfair+Display:ital,wght@0,400;0...
       |        ^
  2487 | :root {
  2488 |   --background: #F5F0E8;
  2489 |   --background-dark: #0D1B2A;

Import trace:
  Client Component Browser:
    ./src/app/globals.css [Client Component Browser]
    ./src/app/(public)/layout.tsx [Server Component] @ http://localhost:3000/_next/static/chunks/node_modules_next_dist_0u_w_5s._.js:1945
[   19755ms] [ERROR] ./src/app/globals.css:2486:8
Parsing CSS source code failed
  2484 |   }
  2485 | }
> 2486 | @import url('https://fonts.googleapis.com/css2?family=Playfair+Display:ital,wght@0,400;0...
       |        ^
  2487 | :root {
  2488 |   --background: #F5F0E8;
  2489 |   --background-dark: #0D1B2A;

@import rules must precede all rules aside from @charset and @layer statements

Generated code of PostCSS transform of file content of src/app/globals.css:
./src/app/globals.css:2486:8
  2484 |   }
  2485 | }
> 2486 | @import url('https://fonts.googleapis.com/css2?family=Playfair+Display:ital,wght@0,400;0...
       |        ^
  2487 | :root {
  2488 |   --background: #F5F0E8;
  2489 |   --background-dark: #0D1B2A;

Import trace:
  Client Component Browser:
    ./src/app/globals.css [Client Component Browser]
    ./src/app/(public)/layout.tsx [Server Component] @ http://localhost:3000/_next/static/chunks/node_modules_next_dist_0u_w_5s._.js:1945
[   19805ms] [ERROR] ./src/app/globals.css:2486:8
Parsing CSS source code failed
  2484 |   }
  2485 | }
> 2486 | @import url('https://fonts.googleapis.com/css2?family=Playfair+Display:ital,wght@0,400;0...
       |        ^
  2487 | :root {
  2488 |   --background: #F5F0E8;
  2489 |   --background-dark: #0D1B2A;

@import rules must precede all rules aside from @charset and @layer statements

Generated code of PostCSS transform of file content of src/app/globals.css:
./src/app/globals.css:2486:8
  2484 |   }
  2485 | }
> 2486 | @import url('https://fonts.googleapis.com/css2?family=Playfair+Display:ital,wght@0,400;0...
       |        ^
  2487 | :root {
  2488 |   --background: #F5F0E8;
  2489 |   --background-dark: #0D1B2A;

Import trace:
  Client Component Browser:
    ./src/app/globals.css [Client Component Browser]
    ./src/app/(public)/layout.tsx [Server Component] @ http://localhost:3000/_next/static/chunks/node_modules_next_dist_0u_w_5s._.js:1945
[   19858ms] [ERROR] ./src/app/globals.css:2486:8
Parsing CSS source code failed
  2484 |   }
  2485 | }
> 2486 | @import url('https://fonts.googleapis.com/css2?family=Playfair+Display:ital,wght@0,400;0...
       |        ^
  2487 | :root {
  2488 |   --background: #F5F0E8;
  2489 |   --background-dark: #0D1B2A;

@import rules must precede all rules aside from @charset and @layer statements

Generated code of PostCSS transform of file content of src/app/globals.css:
./src/app/globals.css:2486:8
  2484 |   }
  2485 | }
> 2486 | @import url('https://fonts.googleapis.com/css2?family=Playfair+Display:ital,wght@0,400;0...
       |        ^
  2487 | :root {
  2488 |   --background: #F5F0E8;
  2489 |   --background-dark: #0D1B2A;

Import trace:
  Client Component Browser:
    ./src/app/globals.css [Client Component Browser]
    ./src/app/(public)/layout.tsx [Server Component] @ http://localhost:3000/_next/static/chunks/node_modules_next_dist_0u_w_5s._.js:1945
[   19909ms] [ERROR] ./src/app/globals.css:2486:8
Parsing CSS source code failed
  2484 |   }
  2485 | }
> 2486 | @import url('https://fonts.googleapis.com/css2?family=Playfair+Display:ital,wght@0,400;0...
       |        ^
  2487 | :root {
  2488 |   --background: #F5F0E8;
  2489 |   --background-dark: #0D1B2A;

@import rules must precede all rules aside from @charset and @layer statements

Generated code of PostCSS transform of file content of src/app/globals.css:
./src/app/globals.css:2486:8
  2484 |   }
  2485 | }
> 2486 | @import url('https://fonts.googleapis.com/css2?family=Playfair+Display:ital,wght@0,400;0...
       |        ^
  2487 | :root {
  2488 |   --background: #F5F0E8;
  2489 |   --background-dark: #0D1B2A;

Import trace:
  Client Component Browser:
    ./src/app/globals.css [Client Component Browser]
    ./src/app/(public)/layout.tsx [Server Component] @ http://localhost:3000/_next/static/chunks/node_modules_next_dist_0u_w_5s._.js:1945
[   19961ms] [ERROR] ./src/app/globals.css:2486:8
Parsing CSS source code failed
  2484 |   }
  2485 | }
> 2486 | @import url('https://fonts.googleapis.com/css2?family=Playfair+Display:ital,wght@0,400;0...
       |        ^
  2487 | :root {
  2488 |   --background: #F5F0E8;
  2489 |   --background-dark: #0D1B2A;

@import rules must precede all rules aside from @charset and @layer statements

Generated code of PostCSS transform of file content of src/app/globals.css:
./src/app/globals.css:2486:8
  2484 |   }
  2485 | }
> 2486 | @import url('https://fonts.googleapis.com/css2?family=Playfair+Display:ital,wght@0,400;0...
       |        ^
  2487 | :root {
  2488 |   --background: #F5F0E8;
  2489 |   --background-dark: #0D1B2A;

Import trace:
  Client Component Browser:
    ./src/app/globals.css [Client Component Browser]
    ./src/app/(public)/layout.tsx [Server Component] @ http://localhost:3000/_next/static/chunks/node_modules_next_dist_0u_w_5s._.js:1945
[   20015ms] [ERROR] ./src/app/globals.css:2486:8
Parsing CSS source code failed
  2484 |   }
  2485 | }
> 2486 | @import url('https://fonts.googleapis.com/css2?family=Playfair+Display:ital,wght@0,400;0...
       |        ^
  2487 | :root {
  2488 |   --background: #F5F0E8;
  2489 |   --background-dark: #0D1B2A;

@import rules must precede all rules aside from @charset and @layer statements

Generated code of PostCSS transform of file content of src/app/globals.css:
./src/app/globals.css:2486:8
  2484 |   }
  2485 | }
> 2486 | @import url('https://fonts.googleapis.com/css2?family=Playfair+Display:ital,wght@0,400;0...
       |        ^
  2487 | :root {
  2488 |   --background: #F5F0E8;
  2489 |   --background-dark: #0D1B2A;

Import trace:
  Client Component Browser:
    ./src/app/globals.css [Client Component Browser]
    ./src/app/(public)/layout.tsx [Server Component] @ http://localhost:3000/_next/static/chunks/node_modules_next_dist_0u_w_5s._.js:1945
[   20071ms] [ERROR] ./src/app/globals.css:2486:8
Parsing CSS source code failed
  2484 |   }
  2485 | }
> 2486 | @import url('https://fonts.googleapis.com/css2?family=Playfair+Display:ital,wght@0,400;0...
       |        ^
  2487 | :root {
  2488 |   --background: #F5F0E8;
  2489 |   --background-dark: #0D1B2A;

@import rules must precede all rules aside from @charset and @layer statements

Generated code of PostCSS transform of file content of src/app/globals.css:
./src/app/globals.css:2486:8
  2484 |   }
  2485 | }
> 2486 | @import url('https://fonts.googleapis.com/css2?family=Playfair+Display:ital,wght@0,400;0...
       |        ^
  2487 | :root {
  2488 |   --background: #F5F0E8;
  2489 |   --background-dark: #0D1B2A;

Import trace:
  Client Component Browser:
    ./src/app/globals.css [Client Component Browser]
    ./src/app/(public)/layout.tsx [Server Component] @ http://localhost:3000/_next/static/chunks/node_modules_next_dist_0u_w_5s._.js:1945
[   20123ms] [ERROR] ./src/app/globals.css:2486:8
Parsing CSS source code failed
  2484 |   }
  2485 | }
> 2486 | @import url('https://fonts.googleapis.com/css2?family=Playfair+Display:ital,wght@0,400;0...
       |        ^
  2487 | :root {
  2488 |   --background: #F5F0E8;
  2489 |   --background-dark: #0D1B2A;

@import rules must precede all rules aside from @charset and @layer statements

Generated code of PostCSS transform of file content of src/app/globals.css:
./src/app/globals.css:2486:8
  2484 |   }
  2485 | }
> 2486 | @import url('https://fonts.googleapis.com/css2?family=Playfair+Display:ital,wght@0,400;0...
       |        ^
  2487 | :root {
  2488 |   --background: #F5F0E8;
  2489 |   --background-dark: #0D1B2A;

Import trace:
  Client Component Browser:
    ./src/app/globals.css [Client Component Browser]
    ./src/app/(public)/layout.tsx [Server Component] @ http://localhost:3000/_next/static/chunks/node_modules_next_dist_0u_w_5s._.js:1945
[   20175ms] [ERROR] ./src/app/globals.css:2486:8
Parsing CSS source code failed
  2484 |   }
  2485 | }
> 2486 | @import url('https://fonts.googleapis.com/css2?family=Playfair+Display:ital,wght@0,400;0...
       |        ^
  2487 | :root {
  2488 |   --background: #F5F0E8;
  2489 |   --background-dark: #0D1B2A;

@import rules must precede all rules aside from @charset and @layer statements

Generated code of PostCSS transform of file content of src/app/globals.css:
./src/app/globals.css:2486:8
  2484 |   }
  2485 | }
> 2486 | @import url('https://fonts.googleapis.com/css2?family=Playfair+Display:ital,wght@0,400;0...
       |        ^
  2487 | :root {
  2488 |   --background: #F5F0E8;
  2489 |   --background-dark: #0D1B2A;

Import trace:
  Client Component Browser:
    ./src/app/globals.css [Client Component Browser]
    ./src/app/(public)/layout.tsx [Server Component] @ http://localhost:3000/_next/static/chunks/node_modules_next_dist_0u_w_5s._.js:1945
[   20243ms] [ERROR] ./src/app/globals.css:2486:8
Parsing CSS source code failed
  2484 |   }
  2485 | }
> 2486 | @import url('https://fonts.googleapis.com/css2?family=Playfair+Display:ital,wght@0,400;0...
       |        ^
  2487 | :root {
  2488 |   --background: #F5F0E8;
  2489 |   --background-dark: #0D1B2A;

@import rules must precede all rules aside from @charset and @layer statements

Generated code of PostCSS transform of file content of src/app/globals.css:
./src/app/globals.css:2486:8
  2484 |   }
  2485 | }
> 2486 | @import url('https://fonts.googleapis.com/css2?family=Playfair+Display:ital,wght@0,400;0...
       |        ^
  2487 | :root {
  2488 |   --background: #F5F0E8;
  2489 |   --background-dark: #0D1B2A;

Import trace:
  Client Component Browser:
    ./src/app/globals.css [Client Component Browser]
    ./src/app/(public)/layout.tsx [Server Component] @ http://localhost:3000/_next/static/chunks/node_modules_next_dist_0u_w_5s._.js:1945
[   20291ms] [ERROR] ./src/app/globals.css:2486:8
Parsing CSS source code failed
  2484 |   }
  2485 | }
> 2486 | @import url('https://fonts.googleapis.com/css2?family=Playfair+Display:ital,wght@0,400;0...
       |        ^
  2487 | :root {
  2488 |   --background: #F5F0E8;
  2489 |   --background-dark: #0D1B2A;

@import rules must precede all rules aside from @charset and @layer statements

Generated code of PostCSS transform of file content of src/app/globals.css:
./src/app/globals.css:2486:8
  2484 |   }
  2485 | }
> 2486 | @import url('https://fonts.googleapis.com/css2?family=Playfair+Display:ital,wght@0,400;0...
       |        ^
  2487 | :root {
  2488 |   --background: #F5F0E8;
  2489 |   --background-dark: #0D1B2A;

Import trace:
  Client Component Browser:
    ./src/app/globals.css [Client Component Browser]
    ./src/app/(public)/layout.tsx [Server Component] @ http://localhost:3000/_next/static/chunks/node_modules_next_dist_0u_w_5s._.js:1945
[   20342ms] [ERROR] ./src/app/globals.css:2486:8
Parsing CSS source code failed
  2484 |   }
  2485 | }
> 2486 | @import url('https://fonts.googleapis.com/css2?family=Playfair+Display:ital,wght@0,400;0...
       |        ^
  2487 | :root {
  2488 |   --background: #F5F0E8;
  2489 |   --background-dark: #0D1B2A;

@import rules must precede all rules aside from @charset and @layer statements

Generated code of PostCSS transform of file content of src/app/globals.css:
./src/app/globals.css:2486:8
  2484 |   }
  2485 | }
> 2486 | @import url('https://fonts.googleapis.com/css2?family=Playfair+Display:ital,wght@0,400;0...
       |        ^
  2487 | :root {
  2488 |   --background: #F5F0E8;
  2489 |   --background-dark: #0D1B2A;

Import trace:
  Client Component Browser:
    ./src/app/globals.css [Client Component Browser]
    ./src/app/(public)/layout.tsx [Server Component] @ http://localhost:3000/_next/static/chunks/node_modules_next_dist_0u_w_5s._.js:1945
[   20396ms] [ERROR] ./src/app/globals.css:2486:8
Parsing CSS source code failed
  2484 |   }
  2485 | }
> 2486 | @import url('https://fonts.googleapis.com/css2?family=Playfair+Display:ital,wght@0,400;0...
       |        ^
  2487 | :root {
  2488 |   --background: #F5F0E8;
  2489 |   --background-dark: #0D1B2A;

@import rules must precede all rules aside from @charset and @layer statements

Generated code of PostCSS transform of file content of src/app/globals.css:
./src/app/globals.css:2486:8
  2484 |   }
  2485 | }
> 2486 | @import url('https://fonts.googleapis.com/css2?family=Playfair+Display:ital,wght@0,400;0...
       |        ^
  2487 | :root {
  2488 |   --background: #F5F0E8;
  2489 |   --background-dark: #0D1B2A;

Import trace:
  Client Component Browser:
    ./src/app/globals.css [Client Component Browser]
    ./src/app/(public)/layout.tsx [Server Component] @ http://localhost:3000/_next/static/chunks/node_modules_next_dist_0u_w_5s._.js:1945
[   20448ms] [ERROR] ./src/app/globals.css:2486:8
Parsing CSS source code failed
  2484 |   }
  2485 | }
> 2486 | @import url('https://fonts.googleapis.com/css2?family=Playfair+Display:ital,wght@0,400;0...
       |        ^
  2487 | :root {
  2488 |   --background: #F5F0E8;
  2489 |   --background-dark: #0D1B2A;

@import rules must precede all rules aside from @charset and @layer statements

Generated code of PostCSS transform of file content of src/app/globals.css:
./src/app/globals.css:2486:8
  2484 |   }
  2485 | }
> 2486 | @import url('https://fonts.googleapis.com/css2?family=Playfair+Display:ital,wght@0,400;0...
       |        ^
  2487 | :root {
  2488 |   --background: #F5F0E8;
  2489 |   --background-dark: #0D1B2A;

Import trace:
  Client Component Browser:
    ./src/app/globals.css [Client Component Browser]
    ./src/app/(public)/layout.tsx [Server Component] @ http://localhost:3000/_next/static/chunks/node_modules_next_dist_0u_w_5s._.js:1945
[   20504ms] [ERROR] ./src/app/globals.css:2486:8
Parsing CSS source code failed
  2484 |   }
  2485 | }
> 2486 | @import url('https://fonts.googleapis.com/css2?family=Playfair+Display:ital,wght@0,400;0...
       |        ^
  2487 | :root {
  2488 |   --background: #F5F0E8;
  2489 |   --background-dark: #0D1B2A;

@import rules must precede all rules aside from @charset and @layer statements

Generated code of PostCSS transform of file content of src/app/globals.css:
./src/app/globals.css:2486:8
  2484 |   }
  2485 | }
> 2486 | @import url('https://fonts.googleapis.com/css2?family=Playfair+Display:ital,wght@0,400;0...
       |        ^
  2487 | :root {
  2488 |   --background: #F5F0E8;
  2489 |   --background-dark: #0D1B2A;

Import trace:
  Client Component Browser:
    ./src/app/globals.css [Client Component Browser]
    ./src/app/(public)/layout.tsx [Server Component] @ http://localhost:3000/_next/static/chunks/node_modules_next_dist_0u_w_5s._.js:1945
[   20556ms] [ERROR] ./src/app/globals.css:2486:8
Parsing CSS source code failed
  2484 |   }
  2485 | }
> 2486 | @import url('https://fonts.googleapis.com/css2?family=Playfair+Display:ital,wght@0,400;0...
       |        ^
  2487 | :root {
  2488 |   --background: #F5F0E8;
  2489 |   --background-dark: #0D1B2A;

@import rules must precede all rules aside from @charset and @layer statements

Generated code of PostCSS transform of file content of src/app/globals.css:
./src/app/globals.css:2486:8
  2484 |   }
  2485 | }
> 2486 | @import url('https://fonts.googleapis.com/css2?family=Playfair+Display:ital,wght@0,400;0...
       |        ^
  2487 | :root {
  2488 |   --background: #F5F0E8;
  2489 |   --background-dark: #0D1B2A;

Import trace:
  Client Component Browser:
    ./src/app/globals.css [Client Component Browser]
    ./src/app/(public)/layout.tsx [Server Component] @ http://localhost:3000/_next/static/chunks/node_modules_next_dist_0u_w_5s._.js:1945
[   20606ms] [ERROR] ./src/app/globals.css:2486:8
Parsing CSS source code failed
  2484 |   }
  2485 | }
> 2486 | @import url('https://fonts.googleapis.com/css2?family=Playfair+Display:ital,wght@0,400;0...
       |        ^
  2487 | :root {
  2488 |   --background: #F5F0E8;
  2489 |   --background-dark: #0D1B2A;

@import rules must precede all rules aside from @charset and @layer statements

Generated code of PostCSS transform of file content of src/app/globals.css:
./src/app/globals.css:2486:8
  2484 |   }
  2485 | }
> 2486 | @import url('https://fonts.googleapis.com/css2?family=Playfair+Display:ital,wght@0,400;0...
       |        ^
  2487 | :root {
  2488 |   --background: #F5F0E8;
  2489 |   --background-dark: #0D1B2A;

Import trace:
  Client Component Browser:
    ./src/app/globals.css [Client Component Browser]
    ./src/app/(public)/layout.tsx [Server Component] @ http://localhost:3000/_next/static/chunks/node_modules_next_dist_0u_w_5s._.js:1945
[   20656ms] [ERROR] ./src/app/globals.css:2486:8
Parsing CSS source code failed
  2484 |   }
  2485 | }
> 2486 | @import url('https://fonts.googleapis.com/css2?family=Playfair+Display:ital,wght@0,400;0...
       |        ^
  2487 | :root {
  2488 |   --background: #F5F0E8;
  2489 |   --background-dark: #0D1B2A;

@import rules must precede all rules aside from @charset and @layer statements

Generated code of PostCSS transform of file content of src/app/globals.css:
./src/app/globals.css:2486:8
  2484 |   }
  2485 | }
> 2486 | @import url('https://fonts.googleapis.com/css2?family=Playfair+Display:ital,wght@0,400;0...
       |        ^
  2487 | :root {
  2488 |   --background: #F5F0E8;
  2489 |   --background-dark: #0D1B2A;

Import trace:
  Client Component Browser:
    ./src/app/globals.css [Client Component Browser]
    ./src/app/(public)/layout.tsx [Server Component] @ http://localhost:3000/_next/static/chunks/node_modules_next_dist_0u_w_5s._.js:1945
[   20710ms] [ERROR] ./src/app/globals.css:2486:8
Parsing CSS source code failed
  2484 |   }
  2485 | }
> 2486 | @import url('https://fonts.googleapis.com/css2?family=Playfair+Display:ital,wght@0,400;0...
       |        ^
  2487 | :root {
  2488 |   --background: #F5F0E8;
  2489 |   --background-dark: #0D1B2A;

@import rules must precede all rules aside from @charset and @layer statements

Generated code of PostCSS transform of file content of src/app/globals.css:
./src/app/globals.css:2486:8
  2484 |   }
  2485 | }
> 2486 | @import url('https://fonts.googleapis.com/css2?family=Playfair+Display:ital,wght@0,400;0...
       |        ^
  2487 | :root {
  2488 |   --background: #F5F0E8;
  2489 |   --background-dark: #0D1B2A;

Import trace:
  Client Component Browser:
    ./src/app/globals.css [Client Component Browser]
    ./src/app/(public)/layout.tsx [Server Component] @ http://localhost:3000/_next/static/chunks/node_modules_next_dist_0u_w_5s._.js:1945
[   20773ms] [ERROR] ./src/app/globals.css:2486:8
Parsing CSS source code failed
  2484 |   }
  2485 | }
> 2486 | @import url('https://fonts.googleapis.com/css2?family=Playfair+Display:ital,wght@0,400;0...
       |        ^
  2487 | :root {
  2488 |   --background: #F5F0E8;
  2489 |   --background-dark: #0D1B2A;

@import rules must precede all rules aside from @charset and @layer statements

Generated code of PostCSS transform of file content of src/app/globals.css:
./src/app/globals.css:2486:8
  2484 |   }
  2485 | }
> 2486 | @import url('https://fonts.googleapis.com/css2?family=Playfair+Display:ital,wght@0,400;0...
       |        ^
  2487 | :root {
  2488 |   --background: #F5F0E8;
  2489 |   --background-dark: #0D1B2A;

Import trace:
  Client Component Browser:
    ./src/app/globals.css [Client Component Browser]
    ./src/app/(public)/layout.tsx [Server Component] @ http://localhost:3000/_next/static/chunks/node_modules_next_dist_0u_w_5s._.js:1945
[   20828ms] [ERROR] ./src/app/globals.css:2486:8
Parsing CSS source code failed
  2484 |   }
  2485 | }
> 2486 | @import url('https://fonts.googleapis.com/css2?family=Playfair+Display:ital,wght@0,400;0...
       |        ^
  2487 | :root {
  2488 |   --background: #F5F0E8;
  2489 |   --background-dark: #0D1B2A;

@import rules must precede all rules aside from @charset and @layer statements

Generated code of PostCSS transform of file content of src/app/globals.css:
./src/app/globals.css:2486:8
  2484 |   }
  2485 | }
> 2486 | @import url('https://fonts.googleapis.com/css2?family=Playfair+Display:ital,wght@0,400;0...
       |        ^
  2487 | :root {
  2488 |   --background: #F5F0E8;
  2489 |   --background-dark: #0D1B2A;

Import trace:
  Client Component Browser:
    ./src/app/globals.css [Client Component Browser]
    ./src/app/(public)/layout.tsx [Server Component] @ http://localhost:3000/_next/static/chunks/node_modules_next_dist_0u_w_5s._.js:1945
[   20879ms] [ERROR] ./src/app/globals.css:2486:8
Parsing CSS source code failed
  2484 |   }
  2485 | }
> 2486 | @import url('https://fonts.googleapis.com/css2?family=Playfair+Display:ital,wght@0,400;0...
       |        ^
  2487 | :root {
  2488 |   --background: #F5F0E8;
  2489 |   --background-dark: #0D1B2A;

@import rules must precede all rules aside from @charset and @layer statements

Generated code of PostCSS transform of file content of src/app/globals.css:
./src/app/globals.css:2486:8
  2484 |   }
  2485 | }
> 2486 | @import url('https://fonts.googleapis.com/css2?family=Playfair+Display:ital,wght@0,400;0...
       |        ^
  2487 | :root {
  2488 |   --background: #F5F0E8;
  2489 |   --background-dark: #0D1B2A;

Import trace:
  Client Component Browser:
    ./src/app/globals.css [Client Component Browser]
    ./src/app/(public)/layout.tsx [Server Component] @ http://localhost:3000/_next/static/chunks/node_modules_next_dist_0u_w_5s._.js:1945
[   20944ms] [ERROR] ./src/app/globals.css:2486:8
Parsing CSS source code failed
  2484 |   }
  2485 | }
> 2486 | @import url('https://fonts.googleapis.com/css2?family=Playfair+Display:ital,wght@0,400;0...
       |        ^
  2487 | :root {
  2488 |   --background: #F5F0E8;
  2489 |   --background-dark: #0D1B2A;

@import rules must precede all rules aside from @charset and @layer statements

Generated code of PostCSS transform of file content of src/app/globals.css:
./src/app/globals.css:2486:8
  2484 |   }
  2485 | }
> 2486 | @import url('https://fonts.googleapis.com/css2?family=Playfair+Display:ital,wght@0,400;0...
       |        ^
  2487 | :root {
  2488 |   --background: #F5F0E8;
  2489 |   --background-dark: #0D1B2A;

Import trace:
  Client Component Browser:
    ./src/app/globals.css [Client Component Browser]
    ./src/app/(public)/layout.tsx [Server Component] @ http://localhost:3000/_next/static/chunks/node_modules_next_dist_0u_w_5s._.js:1945
[   20998ms] [ERROR] ./src/app/globals.css:2486:8
Parsing CSS source code failed
  2484 |   }
  2485 | }
> 2486 | @import url('https://fonts.googleapis.com/css2?family=Playfair+Display:ital,wght@0,400;0...
       |        ^
  2487 | :root {
  2488 |   --background: #F5F0E8;
  2489 |   --background-dark: #0D1B2A;

@import rules must precede all rules aside from @charset and @layer statements

Generated code of PostCSS transform of file content of src/app/globals.css:
./src/app/globals.css:2486:8
  2484 |   }
  2485 | }
> 2486 | @import url('https://fonts.googleapis.com/css2?family=Playfair+Display:ital,wght@0,400;0...
       |        ^
  2487 | :root {
  2488 |   --background: #F5F0E8;
  2489 |   --background-dark: #0D1B2A;

Import trace:
  Client Component Browser:
    ./src/app/globals.css [Client Component Browser]
    ./src/app/(public)/layout.tsx [Server Component] @ http://localhost:3000/_next/static/chunks/node_modules_next_dist_0u_w_5s._.js:1945
[   21054ms] [ERROR] ./src/app/globals.css:2486:8
Parsing CSS source code failed
  2484 |   }
  2485 | }
> 2486 | @import url('https://fonts.googleapis.com/css2?family=Playfair+Display:ital,wght@0,400;0...
       |        ^
  2487 | :root {
  2488 |   --background: #F5F0E8;
  2489 |   --background-dark: #0D1B2A;

@import rules must precede all rules aside from @charset and @layer statements

Generated code of PostCSS transform of file content of src/app/globals.css:
./src/app/globals.css:2486:8
  2484 |   }
  2485 | }
> 2486 | @import url('https://fonts.googleapis.com/css2?family=Playfair+Display:ital,wght@0,400;0...
       |        ^
  2487 | :root {
  2488 |   --background: #F5F0E8;
  2489 |   --background-dark: #0D1B2A;

Import trace:
  Client Component Browser:
    ./src/app/globals.css [Client Component Browser]
    ./src/app/(public)/layout.tsx [Server Component] @ http://localhost:3000/_next/static/chunks/node_modules_next_dist_0u_w_5s._.js:1945
[   21104ms] [ERROR] ./src/app/globals.css:2486:8
Parsing CSS source code failed
  2484 |   }
  2485 | }
> 2486 | @import url('https://fonts.googleapis.com/css2?family=Playfair+Display:ital,wght@0,400;0...
       |        ^
  2487 | :root {
  2488 |   --background: #F5F0E8;
  2489 |   --background-dark: #0D1B2A;

@import rules must precede all rules aside from @charset and @layer statements

Generated code of PostCSS transform of file content of src/app/globals.css:
./src/app/globals.css:2486:8
  2484 |   }
  2485 | }
> 2486 | @import url('https://fonts.googleapis.com/css2?family=Playfair+Display:ital,wght@0,400;0...
       |        ^
  2487 | :root {
  2488 |   --background: #F5F0E8;
  2489 |   --background-dark: #0D1B2A;

Import trace:
  Client Component Browser:
    ./src/app/globals.css [Client Component Browser]
    ./src/app/(public)/layout.tsx [Server Component] @ http://localhost:3000/_next/static/chunks/node_modules_next_dist_0u_w_5s._.js:1945
[   21155ms] [ERROR] ./src/app/globals.css:2486:8
Parsing CSS source code failed
  2484 |   }
  2485 | }
> 2486 | @import url('https://fonts.googleapis.com/css2?family=Playfair+Display:ital,wght@0,400;0...
       |        ^
  2487 | :root {
  2488 |   --background: #F5F0E8;
  2489 |   --background-dark: #0D1B2A;

@import rules must precede all rules aside from @charset and @layer statements

Generated code of PostCSS transform of file content of src/app/globals.css:
./src/app/globals.css:2486:8
  2484 |   }
  2485 | }
> 2486 | @import url('https://fonts.googleapis.com/css2?family=Playfair+Display:ital,wght@0,400;0...
       |        ^
  2487 | :root {
  2488 |   --background: #F5F0E8;
  2489 |   --background-dark: #0D1B2A;

Import trace:
  Client Component Browser:
    ./src/app/globals.css [Client Component Browser]
    ./src/app/(public)/layout.tsx [Server Component] @ http://localhost:3000/_next/static/chunks/node_modules_next_dist_0u_w_5s._.js:1945
[   21209ms] [ERROR] ./src/app/globals.css:2486:8
Parsing CSS source code failed
  2484 |   }
  2485 | }
> 2486 | @import url('https://fonts.googleapis.com/css2?family=Playfair+Display:ital,wght@0,400;0...
       |        ^
  2487 | :root {
  2488 |   --background: #F5F0E8;
  2489 |   --background-dark: #0D1B2A;

@import rules must precede all rules aside from @charset and @layer statements

Generated code of PostCSS transform of file content of src/app/globals.css:
./src/app/globals.css:2486:8
  2484 |   }
  2485 | }
> 2486 | @import url('https://fonts.googleapis.com/css2?family=Playfair+Display:ital,wght@0,400;0...
       |        ^
  2487 | :root {
  2488 |   --background: #F5F0E8;
  2489 |   --background-dark: #0D1B2A;

Import trace:
  Client Component Browser:
    ./src/app/globals.css [Client Component Browser]
    ./src/app/(public)/layout.tsx [Server Component] @ http://localhost:3000/_next/static/chunks/node_modules_next_dist_0u_w_5s._.js:1945
[   21258ms] [ERROR] ./src/app/globals.css:2486:8
Parsing CSS source code failed
  2484 |   }
  2485 | }
> 2486 | @import url('https://fonts.googleapis.com/css2?family=Playfair+Display:ital,wght@0,400;0...
       |        ^
  2487 | :root {
  2488 |   --background: #F5F0E8;
  2489 |   --background-dark: #0D1B2A;

@import rules must precede all rules aside from @charset and @layer statements

Generated code of PostCSS transform of file content of src/app/globals.css:
./src/app/globals.css:2486:8
  2484 |   }
  2485 | }
> 2486 | @import url('https://fonts.googleapis.com/css2?family=Playfair+Display:ital,wght@0,400;0...
       |        ^
  2487 | :root {
  2488 |   --background: #F5F0E8;
  2489 |   --background-dark: #0D1B2A;

Import trace:
  Client Component Browser:
    ./src/app/globals.css [Client Component Browser]
    ./src/app/(public)/layout.tsx [Server Component] @ http://localhost:3000/_next/static/chunks/node_modules_next_dist_0u_w_5s._.js:1945
[   21308ms] [ERROR] ./src/app/globals.css:2486:8
Parsing CSS source code failed
  2484 |   }
  2485 | }
> 2486 | @import url('https://fonts.googleapis.com/css2?family=Playfair+Display:ital,wght@0,400;0...
       |        ^
  2487 | :root {
  2488 |   --background: #F5F0E8;
  2489 |   --background-dark: #0D1B2A;

@import rules must precede all rules aside from @charset and @layer statements

Generated code of PostCSS transform of file content of src/app/globals.css:
./src/app/globals.css:2486:8
  2484 |   }
  2485 | }
> 2486 | @import url('https://fonts.googleapis.com/css2?family=Playfair+Display:ital,wght@0,400;0...
       |        ^
  2487 | :root {
  2488 |   --background: #F5F0E8;
  2489 |   --background-dark: #0D1B2A;

Import trace:
  Client Component Browser:
    ./src/app/globals.css [Client Component Browser]
    ./src/app/(public)/layout.tsx [Server Component] @ http://localhost:3000/_next/static/chunks/node_modules_next_dist_0u_w_5s._.js:1945
[   21359ms] [ERROR] ./src/app/globals.css:2486:8
Parsing CSS source code failed
  2484 |   }
  2485 | }
> 2486 | @import url('https://fonts.googleapis.com/css2?family=Playfair+Display:ital,wght@0,400;0...
       |        ^
  2487 | :root {
  2488 |   --background: #F5F0E8;
  2489 |   --background-dark: #0D1B2A;

@import rules must precede all rules aside from @charset and @layer statements

Generated code of PostCSS transform of file content of src/app/globals.css:
./src/app/globals.css:2486:8
  2484 |   }
  2485 | }
> 2486 | @import url('https://fonts.googleapis.com/css2?family=Playfair+Display:ital,wght@0,400;0...
       |        ^
  2487 | :root {
  2488 |   --background: #F5F0E8;
  2489 |   --background-dark: #0D1B2A;

Import trace:
  Client Component Browser:
    ./src/app/globals.css [Client Component Browser]
    ./src/app/(public)/layout.tsx [Server Component] @ http://localhost:3000/_next/static/chunks/node_modules_next_dist_0u_w_5s._.js:1945
[   21410ms] [ERROR] ./src/app/globals.css:2486:8
Parsing CSS source code failed
  2484 |   }
  2485 | }
> 2486 | @import url('https://fonts.googleapis.com/css2?family=Playfair+Display:ital,wght@0,400;0...
       |        ^
  2487 | :root {
  2488 |   --background: #F5F0E8;
  2489 |   --background-dark: #0D1B2A;

@import rules must precede all rules aside from @charset and @layer statements

Generated code of PostCSS transform of file content of src/app/globals.css:
./src/app/globals.css:2486:8
  2484 |   }
  2485 | }
> 2486 | @import url('https://fonts.googleapis.com/css2?family=Playfair+Display:ital,wght@0,400;0...
       |        ^
  2487 | :root {
  2488 |   --background: #F5F0E8;
  2489 |   --background-dark: #0D1B2A;

Import trace:
  Client Component Browser:
    ./src/app/globals.css [Client Component Browser]
    ./src/app/(public)/layout.tsx [Server Component] @ http://localhost:3000/_next/static/chunks/node_modules_next_dist_0u_w_5s._.js:1945
[   21459ms] [ERROR] ./src/app/globals.css:2486:8
Parsing CSS source code failed
  2484 |   }
  2485 | }
> 2486 | @import url('https://fonts.googleapis.com/css2?family=Playfair+Display:ital,wght@0,400;0...
       |        ^
  2487 | :root {
  2488 |   --background: #F5F0E8;
  2489 |   --background-dark: #0D1B2A;

@import rules must precede all rules aside from @charset and @layer statements

Generated code of PostCSS transform of file content of src/app/globals.css:
./src/app/globals.css:2486:8
  2484 |   }
  2485 | }
> 2486 | @import url('https://fonts.googleapis.com/css2?family=Playfair+Display:ital,wght@0,400;0...
       |        ^
  2487 | :root {
  2488 |   --background: #F5F0E8;
  2489 |   --background-dark: #0D1B2A;

Import trace:
  Client Component Browser:
    ./src/app/globals.css [Client Component Browser]
    ./src/app/(public)/layout.tsx [Server Component] @ http://localhost:3000/_next/static/chunks/node_modules_next_dist_0u_w_5s._.js:1945
[   21510ms] [ERROR] ./src/app/globals.css:2486:8
Parsing CSS source code failed
  2484 |   }
  2485 | }
> 2486 | @import url('https://fonts.googleapis.com/css2?family=Playfair+Display:ital,wght@0,400;0...
       |        ^
  2487 | :root {
  2488 |   --background: #F5F0E8;
  2489 |   --background-dark: #0D1B2A;

@import rules must precede all rules aside from @charset and @layer statements

Generated code of PostCSS transform of file content of src/app/globals.css:
./src/app/globals.css:2486:8
  2484 |   }
  2485 | }
> 2486 | @import url('https://fonts.googleapis.com/css2?family=Playfair+Display:ital,wght@0,400;0...
       |        ^
  2487 | :root {
  2488 |   --background: #F5F0E8;
  2489 |   --background-dark: #0D1B2A;

Import trace:
  Client Component Browser:
    ./src/app/globals.css [Client Component Browser]
    ./src/app/(public)/layout.tsx [Server Component] @ http://localhost:3000/_next/static/chunks/node_modules_next_dist_0u_w_5s._.js:1945
[   21560ms] [ERROR] ./src/app/globals.css:2486:8
Parsing CSS source code failed
  2484 |   }
  2485 | }
> 2486 | @import url('https://fonts.googleapis.com/css2?family=Playfair+Display:ital,wght@0,400;0...
       |        ^
  2487 | :root {
  2488 |   --background: #F5F0E8;
  2489 |   --background-dark: #0D1B2A;

@import rules must precede all rules aside from @charset and @layer statements

Generated code of PostCSS transform of file content of src/app/globals.css:
./src/app/globals.css:2486:8
  2484 |   }
  2485 | }
> 2486 | @import url('https://fonts.googleapis.com/css2?family=Playfair+Display:ital,wght@0,400;0...
       |        ^
  2487 | :root {
  2488 |   --background: #F5F0E8;
  2489 |   --background-dark: #0D1B2A;

Import trace:
  Client Component Browser:
    ./src/app/globals.css [Client Component Browser]
    ./src/app/(public)/layout.tsx [Server Component] @ http://localhost:3000/_next/static/chunks/node_modules_next_dist_0u_w_5s._.js:1945
[   21611ms] [ERROR] ./src/app/globals.css:2486:8
Parsing CSS source code failed
  2484 |   }
  2485 | }
> 2486 | @import url('https://fonts.googleapis.com/css2?family=Playfair+Display:ital,wght@0,400;0...
       |        ^
  2487 | :root {
  2488 |   --background: #F5F0E8;
  2489 |   --background-dark: #0D1B2A;

@import rules must precede all rules aside from @charset and @layer statements

Generated code of PostCSS transform of file content of src/app/globals.css:
./src/app/globals.css:2486:8
  2484 |   }
  2485 | }
> 2486 | @import url('https://fonts.googleapis.com/css2?family=Playfair+Display:ital,wght@0,400;0...
       |        ^
  2487 | :root {
  2488 |   --background: #F5F0E8;
  2489 |   --background-dark: #0D1B2A;

Import trace:
  Client Component Browser:
    ./src/app/globals.css [Client Component Browser]
    ./src/app/(public)/layout.tsx [Server Component] @ http://localhost:3000/_next/static/chunks/node_modules_next_dist_0u_w_5s._.js:1945
[   21660ms] [ERROR] ./src/app/globals.css:2486:8
Parsing CSS source code failed
  2484 |   }
  2485 | }
> 2486 | @import url('https://fonts.googleapis.com/css2?family=Playfair+Display:ital,wght@0,400;0...
       |        ^
  2487 | :root {
  2488 |   --background: #F5F0E8;
  2489 |   --background-dark: #0D1B2A;

@import rules must precede all rules aside from @charset and @layer statements

Generated code of PostCSS transform of file content of src/app/globals.css:
./src/app/globals.css:2486:8
  2484 |   }
  2485 | }
> 2486 | @import url('https://fonts.googleapis.com/css2?family=Playfair+Display:ital,wght@0,400;0...
       |        ^
  2487 | :root {
  2488 |   --background: #F5F0E8;
  2489 |   --background-dark: #0D1B2A;

Import trace:
  Client Component Browser:
    ./src/app/globals.css [Client Component Browser]
    ./src/app/(public)/layout.tsx [Server Component] @ http://localhost:3000/_next/static/chunks/node_modules_next_dist_0u_w_5s._.js:1945
[   21713ms] [ERROR] ./src/app/globals.css:2486:8
Parsing CSS source code failed
  2484 |   }
  2485 | }
> 2486 | @import url('https://fonts.googleapis.com/css2?family=Playfair+Display:ital,wght@0,400;0...
       |        ^
  2487 | :root {
  2488 |   --background: #F5F0E8;
  2489 |   --background-dark: #0D1B2A;

@import rules must precede all rules aside from @charset and @layer statements

Generated code of PostCSS transform of file content of src/app/globals.css:
./src/app/globals.css:2486:8
  2484 |   }
  2485 | }
> 2486 | @import url('https://fonts.googleapis.com/css2?family=Playfair+Display:ital,wght@0,400;0...
       |        ^
  2487 | :root {
  2488 |   --background: #F5F0E8;
  2489 |   --background-dark: #0D1B2A;

Import trace:
  Client Component Browser:
    ./src/app/globals.css [Client Component Browser]
    ./src/app/(public)/layout.tsx [Server Component] @ http://localhost:3000/_next/static/chunks/node_modules_next_dist_0u_w_5s._.js:1945
[   21764ms] [ERROR] ./src/app/globals.css:2486:8
Parsing CSS source code failed
  2484 |   }
  2485 | }
> 2486 | @import url('https://fonts.googleapis.com/css2?family=Playfair+Display:ital,wght@0,400;0...
       |        ^
  2487 | :root {
  2488 |   --background: #F5F0E8;
  2489 |   --background-dark: #0D1B2A;

@import rules must precede all rules aside from @charset and @layer statements

Generated code of PostCSS transform of file content of src/app/globals.css:
./src/app/globals.css:2486:8
  2484 |   }
  2485 | }
> 2486 | @import url('https://fonts.googleapis.com/css2?family=Playfair+Display:ital,wght@0,400;0...
       |        ^
  2487 | :root {
  2488 |   --background: #F5F0E8;
  2489 |   --background-dark: #0D1B2A;

Import trace:
  Client Component Browser:
    ./src/app/globals.css [Client Component Browser]
    ./src/app/(public)/layout.tsx [Server Component] @ http://localhost:3000/_next/static/chunks/node_modules_next_dist_0u_w_5s._.js:1945
[   21821ms] [ERROR] ./src/app/globals.css:2486:8
Parsing CSS source code failed
  2484 |   }
  2485 | }
> 2486 | @import url('https://fonts.googleapis.com/css2?family=Playfair+Display:ital,wght@0,400;0...
       |        ^
  2487 | :root {
  2488 |   --background: #F5F0E8;
  2489 |   --background-dark: #0D1B2A;

@import rules must precede all rules aside from @charset and @layer statements

Generated code of PostCSS transform of file content of src/app/globals.css:
./src/app/globals.css:2486:8
  2484 |   }
  2485 | }
> 2486 | @import url('https://fonts.googleapis.com/css2?family=Playfair+Display:ital,wght@0,400;0...
       |        ^
  2487 | :root {
  2488 |   --background: #F5F0E8;
  2489 |   --background-dark: #0D1B2A;

Import trace:
  Client Component Browser:
    ./src/app/globals.css [Client Component Browser]
    ./src/app/(public)/layout.tsx [Server Component] @ http://localhost:3000/_next/static/chunks/node_modules_next_dist_0u_w_5s._.js:1945
[   21877ms] [ERROR] ./src/app/globals.css:2486:8
Parsing CSS source code failed
  2484 |   }
  2485 | }
> 2486 | @import url('https://fonts.googleapis.com/css2?family=Playfair+Display:ital,wght@0,400;0...
       |        ^
  2487 | :root {
  2488 |   --background: #F5F0E8;
  2489 |   --background-dark: #0D1B2A;

@import rules must precede all rules aside from @charset and @layer statements

Generated code of PostCSS transform of file content of src/app/globals.css:
./src/app/globals.css:2486:8
  2484 |   }
  2485 | }
> 2486 | @import url('https://fonts.googleapis.com/css2?family=Playfair+Display:ital,wght@0,400;0...
       |        ^
  2487 | :root {
  2488 |   --background: #F5F0E8;
  2489 |   --background-dark: #0D1B2A;

Import trace:
  Client Component Browser:
    ./src/app/globals.css [Client Component Browser]
    ./src/app/(public)/layout.tsx [Server Component] @ http://localhost:3000/_next/static/chunks/node_modules_next_dist_0u_w_5s._.js:1945
[   21927ms] [ERROR] ./src/app/globals.css:2486:8
Parsing CSS source code failed
  2484 |   }
  2485 | }
> 2486 | @import url('https://fonts.googleapis.com/css2?family=Playfair+Display:ital,wght@0,400;0...
       |        ^
  2487 | :root {
  2488 |   --background: #F5F0E8;
  2489 |   --background-dark: #0D1B2A;

@import rules must precede all rules aside from @charset and @layer statements

Generated code of PostCSS transform of file content of src/app/globals.css:
./src/app/globals.css:2486:8
  2484 |   }
  2485 | }
> 2486 | @import url('https://fonts.googleapis.com/css2?family=Playfair+Display:ital,wght@0,400;0...
       |        ^
  2487 | :root {
  2488 |   --background: #F5F0E8;
  2489 |   --background-dark: #0D1B2A;

Import trace:
  Client Component Browser:
    ./src/app/globals.css [Client Component Browser]
    ./src/app/(public)/layout.tsx [Server Component] @ http://localhost:3000/_next/static/chunks/node_modules_next_dist_0u_w_5s._.js:1945
[   21977ms] [ERROR] ./src/app/globals.css:2486:8
Parsing CSS source code failed
  2484 |   }
  2485 | }
> 2486 | @import url('https://fonts.googleapis.com/css2?family=Playfair+Display:ital,wght@0,400;0...
       |        ^
  2487 | :root {
  2488 |   --background: #F5F0E8;
  2489 |   --background-dark: #0D1B2A;

@import rules must precede all rules aside from @charset and @layer statements

Generated code of PostCSS transform of file content of src/app/globals.css:
./src/app/globals.css:2486:8
  2484 |   }
  2485 | }
> 2486 | @import url('https://fonts.googleapis.com/css2?family=Playfair+Display:ital,wght@0,400;0...
       |        ^
  2487 | :root {
  2488 |   --background: #F5F0E8;
  2489 |   --background-dark: #0D1B2A;

Import trace:
  Client Component Browser:
    ./src/app/globals.css [Client Component Browser]
    ./src/app/(public)/layout.tsx [Server Component] @ http://localhost:3000/_next/static/chunks/node_modules_next_dist_0u_w_5s._.js:1945
[   22028ms] [ERROR] ./src/app/globals.css:2486:8
Parsing CSS source code failed
  2484 |   }
  2485 | }
> 2486 | @import url('https://fonts.googleapis.com/css2?family=Playfair+Display:ital,wght@0,400;0...
       |        ^
  2487 | :root {
  2488 |   --background: #F5F0E8;
  2489 |   --background-dark: #0D1B2A;

@import rules must precede all rules aside from @charset and @layer statements

Generated code of PostCSS transform of file content of src/app/globals.css:
./src/app/globals.css:2486:8
  2484 |   }
  2485 | }
> 2486 | @import url('https://fonts.googleapis.com/css2?family=Playfair+Display:ital,wght@0,400;0...
       |        ^
  2487 | :root {
  2488 |   --background: #F5F0E8;
  2489 |   --background-dark: #0D1B2A;

Import trace:
  Client Component Browser:
    ./src/app/globals.css [Client Component Browser]
    ./src/app/(public)/layout.tsx [Server Component] @ http://localhost:3000/_next/static/chunks/node_modules_next_dist_0u_w_5s._.js:1945
[   22081ms] [ERROR] ./src/app/globals.css:2486:8
Parsing CSS source code failed
  2484 |   }
  2485 | }
> 2486 | @import url('https://fonts.googleapis.com/css2?family=Playfair+Display:ital,wght@0,400;0...
       |        ^
  2487 | :root {
  2488 |   --background: #F5F0E8;
  2489 |   --background-dark: #0D1B2A;

@import rules must precede all rules aside from @charset and @layer statements

Generated code of PostCSS transform of file content of src/app/globals.css:
./src/app/globals.css:2486:8
  2484 |   }
  2485 | }
> 2486 | @import url('https://fonts.googleapis.com/css2?family=Playfair+Display:ital,wght@0,400;0...
       |        ^
  2487 | :root {
  2488 |   --background: #F5F0E8;
  2489 |   --background-dark: #0D1B2A;

Import trace:
  Client Component Browser:
    ./src/app/globals.css [Client Component Browser]
    ./src/app/(public)/layout.tsx [Server Component] @ http://localhost:3000/_next/static/chunks/node_modules_next_dist_0u_w_5s._.js:1945
[   22168ms] [ERROR] ./src/app/globals.css:2486:8
Parsing CSS source code failed
  2484 |   }
  2485 | }
> 2486 | @import url('https://fonts.googleapis.com/css2?family=Playfair+Display:ital,wght@0,400;0...
       |        ^
  2487 | :root {
  2488 |   --background: #F5F0E8;
  2489 |   --background-dark: #0D1B2A;

@import rules must precede all rules aside from @charset and @layer statements

Generated code of PostCSS transform of file content of src/app/globals.css:
./src/app/globals.css:2486:8
  2484 |   }
  2485 | }
> 2486 | @import url('https://fonts.googleapis.com/css2?family=Playfair+Display:ital,wght@0,400;0...
       |        ^
  2487 | :root {
  2488 |   --background: #F5F0E8;
  2489 |   --background-dark: #0D1B2A;

Import trace:
  Client Component Browser:
    ./src/app/globals.css [Client Component Browser]
    ./src/app/(public)/layout.tsx [Server Component] @ http://localhost:3000/_next/static/chunks/node_modules_next_dist_0u_w_5s._.js:1945
[   22224ms] [ERROR] ./src/app/globals.css:2486:8
Parsing CSS source code failed
  2484 |   }
  2485 | }
> 2486 | @import url('https://fonts.googleapis.com/css2?family=Playfair+Display:ital,wght@0,400;0...
       |        ^
  2487 | :root {
  2488 |   --background: #F5F0E8;
  2489 |   --background-dark: #0D1B2A;

@import rules must precede all rules aside from @charset and @layer statements

Generated code of PostCSS transform of file content of src/app/globals.css:
./src/app/globals.css:2486:8
  2484 |   }
  2485 | }
> 2486 | @import url('https://fonts.googleapis.com/css2?family=Playfair+Display:ital,wght@0,400;0...
       |        ^
  2487 | :root {
  2488 |   --background: #F5F0E8;
  2489 |   --background-dark: #0D1B2A;

Import trace:
  Client Component Browser:
    ./src/app/globals.css [Client Component Browser]
    ./src/app/(public)/layout.tsx [Server Component] @ http://localhost:3000/_next/static/chunks/node_modules_next_dist_0u_w_5s._.js:1945
[   22275ms] [ERROR] ./src/app/globals.css:2486:8
Parsing CSS source code failed
  2484 |   }
  2485 | }
> 2486 | @import url('https://fonts.googleapis.com/css2?family=Playfair+Display:ital,wght@0,400;0...
       |        ^
  2487 | :root {
  2488 |   --background: #F5F0E8;
  2489 |   --background-dark: #0D1B2A;

@import rules must precede all rules aside from @charset and @layer statements

Generated code of PostCSS transform of file content of src/app/globals.css:
./src/app/globals.css:2486:8
  2484 |   }
  2485 | }
> 2486 | @import url('https://fonts.googleapis.com/css2?family=Playfair+Display:ital,wght@0,400;0...
       |        ^
  2487 | :root {
  2488 |   --background: #F5F0E8;
  2489 |   --background-dark: #0D1B2A;

Import trace:
  Client Component Browser:
    ./src/app/globals.css [Client Component Browser]
    ./src/app/(public)/layout.tsx [Server Component] @ http://localhost:3000/_next/static/chunks/node_modules_next_dist_0u_w_5s._.js:1945
[   22328ms] [ERROR] ./src/app/globals.css:2486:8
Parsing CSS source code failed
  2484 |   }
  2485 | }
> 2486 | @import url('https://fonts.googleapis.com/css2?family=Playfair+Display:ital,wght@0,400;0...
       |        ^
  2487 | :root {
  2488 |   --background: #F5F0E8;
  2489 |   --background-dark: #0D1B2A;

@import rules must precede all rules aside from @charset and @layer statements

Generated code of PostCSS transform of file content of src/app/globals.css:
./src/app/globals.css:2486:8
  2484 |   }
  2485 | }
> 2486 | @import url('https://fonts.googleapis.com/css2?family=Playfair+Display:ital,wght@0,400;0...
       |        ^
  2487 | :root {
  2488 |   --background: #F5F0E8;
  2489 |   --background-dark: #0D1B2A;

Import trace:
  Client Component Browser:
    ./src/app/globals.css [Client Component Browser]
    ./src/app/(public)/layout.tsx [Server Component] @ http://localhost:3000/_next/static/chunks/node_modules_next_dist_0u_w_5s._.js:1945
[   22380ms] [ERROR] ./src/app/globals.css:2486:8
Parsing CSS source code failed
  2484 |   }
  2485 | }
> 2486 | @import url('https://fonts.googleapis.com/css2?family=Playfair+Display:ital,wght@0,400;0...
       |        ^
  2487 | :root {
  2488 |   --background: #F5F0E8;
  2489 |   --background-dark: #0D1B2A;

@import rules must precede all rules aside from @charset and @layer statements

Generated code of PostCSS transform of file content of src/app/globals.css:
./src/app/globals.css:2486:8
  2484 |   }
  2485 | }
> 2486 | @import url('https://fonts.googleapis.com/css2?family=Playfair+Display:ital,wght@0,400;0...
       |        ^
  2487 | :root {
  2488 |   --background: #F5F0E8;
  2489 |   --background-dark: #0D1B2A;

Import trace:
  Client Component Browser:
    ./src/app/globals.css [Client Component Browser]
    ./src/app/(public)/layout.tsx [Server Component] @ http://localhost:3000/_next/static/chunks/node_modules_next_dist_0u_w_5s._.js:1945
[   22436ms] [ERROR] ./src/app/globals.css:2486:8
Parsing CSS source code failed
  2484 |   }
  2485 | }
> 2486 | @import url('https://fonts.googleapis.com/css2?family=Playfair+Display:ital,wght@0,400;0...
       |        ^
  2487 | :root {
  2488 |   --background: #F5F0E8;
  2489 |   --background-dark: #0D1B2A;

@import rules must precede all rules aside from @charset and @layer statements

Generated code of PostCSS transform of file content of src/app/globals.css:
./src/app/globals.css:2486:8
  2484 |   }
  2485 | }
> 2486 | @import url('https://fonts.googleapis.com/css2?family=Playfair+Display:ital,wght@0,400;0...
       |        ^
  2487 | :root {
  2488 |   --background: #F5F0E8;
  2489 |   --background-dark: #0D1B2A;

Import trace:
  Client Component Browser:
    ./src/app/globals.css [Client Component Browser]
    ./src/app/(public)/layout.tsx [Server Component] @ http://localhost:3000/_next/static/chunks/node_modules_next_dist_0u_w_5s._.js:1945
[   22488ms] [ERROR] ./src/app/globals.css:2486:8
Parsing CSS source code failed
  2484 |   }
  2485 | }
> 2486 | @import url('https://fonts.googleapis.com/css2?family=Playfair+Display:ital,wght@0,400;0...
       |        ^
  2487 | :root {
  2488 |   --background: #F5F0E8;
  2489 |   --background-dark: #0D1B2A;

@import rules must precede all rules aside from @charset and @layer statements

Generated code of PostCSS transform of file content of src/app/globals.css:
./src/app/globals.css:2486:8
  2484 |   }
  2485 | }
> 2486 | @import url('https://fonts.googleapis.com/css2?family=Playfair+Display:ital,wght@0,400;0...
       |        ^
  2487 | :root {
  2488 |   --background: #F5F0E8;
  2489 |   --background-dark: #0D1B2A;

Import trace:
  Client Component Browser:
    ./src/app/globals.css [Client Component Browser]
    ./src/app/(public)/layout.tsx [Server Component] @ http://localhost:3000/_next/static/chunks/node_modules_next_dist_0u_w_5s._.js:1945
[   22542ms] [ERROR] ./src/app/globals.css:2486:8
Parsing CSS source code failed
  2484 |   }
  2485 | }
> 2486 | @import url('https://fonts.googleapis.com/css2?family=Playfair+Display:ital,wght@0,400;0...
       |        ^
  2487 | :root {
  2488 |   --background: #F5F0E8;
  2489 |   --background-dark: #0D1B2A;

@import rules must precede all rules aside from @charset and @layer statements

Generated code of PostCSS transform of file content of src/app/globals.css:
./src/app/globals.css:2486:8
  2484 |   }
  2485 | }
> 2486 | @import url('https://fonts.googleapis.com/css2?family=Playfair+Display:ital,wght@0,400;0...
       |        ^
  2487 | :root {
  2488 |   --background: #F5F0E8;
  2489 |   --background-dark: #0D1B2A;

Import trace:
  Client Component Browser:
    ./src/app/globals.css [Client Component Browser]
    ./src/app/(public)/layout.tsx [Server Component] @ http://localhost:3000/_next/static/chunks/node_modules_next_dist_0u_w_5s._.js:1945
[   22595ms] [ERROR] ./src/app/globals.css:2486:8
Parsing CSS source code failed
  2484 |   }
  2485 | }
> 2486 | @import url('https://fonts.googleapis.com/css2?family=Playfair+Display:ital,wght@0,400;0...
       |        ^
  2487 | :root {
  2488 |   --background: #F5F0E8;
  2489 |   --background-dark: #0D1B2A;

@import rules must precede all rules aside from @charset and @layer statements

Generated code of PostCSS transform of file content of src/app/globals.css:
./src/app/globals.css:2486:8
  2484 |   }
  2485 | }
> 2486 | @import url('https://fonts.googleapis.com/css2?family=Playfair+Display:ital,wght@0,400;0...
       |        ^
  2487 | :root {
  2488 |   --background: #F5F0E8;
  2489 |   --background-dark: #0D1B2A;

Import trace:
  Client Component Browser:
    ./src/app/globals.css [Client Component Browser]
    ./src/app/(public)/layout.tsx [Server Component] @ http://localhost:3000/_next/static/chunks/node_modules_next_dist_0u_w_5s._.js:1945
[   22651ms] [ERROR] ./src/app/globals.css:2486:8
Parsing CSS source code failed
  2484 |   }
  2485 | }
> 2486 | @import url('https://fonts.googleapis.com/css2?family=Playfair+Display:ital,wght@0,400;0...
       |        ^
  2487 | :root {
  2488 |   --background: #F5F0E8;
  2489 |   --background-dark: #0D1B2A;

@import rules must precede all rules aside from @charset and @layer statements

Generated code of PostCSS transform of file content of src/app/globals.css:
./src/app/globals.css:2486:8
  2484 |   }
  2485 | }
> 2486 | @import url('https://fonts.googleapis.com/css2?family=Playfair+Display:ital,wght@0,400;0...
       |        ^
  2487 | :root {
  2488 |   --background: #F5F0E8;
  2489 |   --background-dark: #0D1B2A;

Import trace:
  Client Component Browser:
    ./src/app/globals.css [Client Component Browser]
    ./src/app/(public)/layout.tsx [Server Component] @ http://localhost:3000/_next/static/chunks/node_modules_next_dist_0u_w_5s._.js:1945
[   22704ms] [ERROR] ./src/app/globals.css:2486:8
Parsing CSS source code failed
  2484 |   }
  2485 | }
> 2486 | @import url('https://fonts.googleapis.com/css2?family=Playfair+Display:ital,wght@0,400;0...
       |        ^
  2487 | :root {
  2488 |   --background: #F5F0E8;
  2489 |   --background-dark: #0D1B2A;

@import rules must precede all rules aside from @charset and @layer statements

Generated code of PostCSS transform of file content of src/app/globals.css:
./src/app/globals.css:2486:8
  2484 |   }
  2485 | }
> 2486 | @import url('https://fonts.googleapis.com/css2?family=Playfair+Display:ital,wght@0,400;0...
       |        ^
  2487 | :root {
  2488 |   --background: #F5F0E8;
  2489 |   --background-dark: #0D1B2A;

Import trace:
  Client Component Browser:
    ./src/app/globals.css [Client Component Browser]
    ./src/app/(public)/layout.tsx [Server Component] @ http://localhost:3000/_next/static/chunks/node_modules_next_dist_0u_w_5s._.js:1945
[   22756ms] [ERROR] ./src/app/globals.css:2486:8
Parsing CSS source code failed
  2484 |   }
  2485 | }
> 2486 | @import url('https://fonts.googleapis.com/css2?family=Playfair+Display:ital,wght@0,400;0...
       |        ^
  2487 | :root {
  2488 |   --background: #F5F0E8;
  2489 |   --background-dark: #0D1B2A;

@import rules must precede all rules aside from @charset and @layer statements

Generated code of PostCSS transform of file content of src/app/globals.css:
./src/app/globals.css:2486:8
  2484 |   }
  2485 | }
> 2486 | @import url('https://fonts.googleapis.com/css2?family=Playfair+Display:ital,wght@0,400;0...
       |        ^
  2487 | :root {
  2488 |   --background: #F5F0E8;
  2489 |   --background-dark: #0D1B2A;

Import trace:
  Client Component Browser:
    ./src/app/globals.css [Client Component Browser]
    ./src/app/(public)/layout.tsx [Server Component] @ http://localhost:3000/_next/static/chunks/node_modules_next_dist_0u_w_5s._.js:1945
[   22807ms] [ERROR] ./src/app/globals.css:2486:8
Parsing CSS source code failed
  2484 |   }
  2485 | }
> 2486 | @import url('https://fonts.googleapis.com/css2?family=Playfair+Display:ital,wght@0,400;0...
       |        ^
  2487 | :root {
  2488 |   --background: #F5F0E8;
  2489 |   --background-dark: #0D1B2A;

@import rules must precede all rules aside from @charset and @layer statements

Generated code of PostCSS transform of file content of src/app/globals.css:
./src/app/globals.css:2486:8
  2484 |   }
  2485 | }
> 2486 | @import url('https://fonts.googleapis.com/css2?family=Playfair+Display:ital,wght@0,400;0...
       |        ^
  2487 | :root {
  2488 |   --background: #F5F0E8;
  2489 |   --background-dark: #0D1B2A;

Import trace:
  Client Component Browser:
    ./src/app/globals.css [Client Component Browser]
    ./src/app/(public)/layout.tsx [Server Component] @ http://localhost:3000/_next/static/chunks/node_modules_next_dist_0u_w_5s._.js:1945
[   22857ms] [ERROR] ./src/app/globals.css:2486:8
Parsing CSS source code failed
  2484 |   }
  2485 | }
> 2486 | @import url('https://fonts.googleapis.com/css2?family=Playfair+Display:ital,wght@0,400;0...
       |        ^
  2487 | :root {
  2488 |   --background: #F5F0E8;
  2489 |   --background-dark: #0D1B2A;

@import rules must precede all rules aside from @charset and @layer statements

Generated code of PostCSS transform of file content of src/app/globals.css:
./src/app/globals.css:2486:8
  2484 |   }
  2485 | }
> 2486 | @import url('https://fonts.googleapis.com/css2?family=Playfair+Display:ital,wght@0,400;0...
       |        ^
  2487 | :root {
  2488 |   --background: #F5F0E8;
  2489 |   --background-dark: #0D1B2A;

Import trace:
  Client Component Browser:
    ./src/app/globals.css [Client Component Browser]
    ./src/app/(public)/layout.tsx [Server Component] @ http://localhost:3000/_next/static/chunks/node_modules_next_dist_0u_w_5s._.js:1945
[   22906ms] [ERROR] ./src/app/globals.css:2486:8
Parsing CSS source code failed
  2484 |   }
  2485 | }
> 2486 | @import url('https://fonts.googleapis.com/css2?family=Playfair+Display:ital,wght@0,400;0...
       |        ^
  2487 | :root {
  2488 |   --background: #F5F0E8;
  2489 |   --background-dark: #0D1B2A;

@import rules must precede all rules aside from @charset and @layer statements

Generated code of PostCSS transform of file content of src/app/globals.css:
./src/app/globals.css:2486:8
  2484 |   }
  2485 | }
> 2486 | @import url('https://fonts.googleapis.com/css2?family=Playfair+Display:ital,wght@0,400;0...
       |        ^
  2487 | :root {
  2488 |   --background: #F5F0E8;
  2489 |   --background-dark: #0D1B2A;

Import trace:
  Client Component Browser:
    ./src/app/globals.css [Client Component Browser]
    ./src/app/(public)/layout.tsx [Server Component] @ http://localhost:3000/_next/static/chunks/node_modules_next_dist_0u_w_5s._.js:1945
[   22958ms] [ERROR] ./src/app/globals.css:2486:8
Parsing CSS source code failed
  2484 |   }
  2485 | }
> 2486 | @import url('https://fonts.googleapis.com/css2?family=Playfair+Display:ital,wght@0,400;0...
       |        ^
  2487 | :root {
  2488 |   --background: #F5F0E8;
  2489 |   --background-dark: #0D1B2A;

@import rules must precede all rules aside from @charset and @layer statements

Generated code of PostCSS transform of file content of src/app/globals.css:
./src/app/globals.css:2486:8
  2484 |   }
  2485 | }
> 2486 | @import url('https://fonts.googleapis.com/css2?family=Playfair+Display:ital,wght@0,400;0...
       |        ^
  2487 | :root {
  2488 |   --background: #F5F0E8;
  2489 |   --background-dark: #0D1B2A;

Import trace:
  Client Component Browser:
    ./src/app/globals.css [Client Component Browser]
    ./src/app/(public)/layout.tsx [Server Component] @ http://localhost:3000/_next/static/chunks/node_modules_next_dist_0u_w_5s._.js:1945
[   23007ms] [ERROR] ./src/app/globals.css:2486:8
Parsing CSS source code failed
  2484 |   }
  2485 | }
> 2486 | @import url('https://fonts.googleapis.com/css2?family=Playfair+Display:ital,wght@0,400;0...
       |        ^
  2487 | :root {
  2488 |   --background: #F5F0E8;
  2489 |   --background-dark: #0D1B2A;

@import rules must precede all rules aside from @charset and @layer statements

Generated code of PostCSS transform of file content of src/app/globals.css:
./src/app/globals.css:2486:8
  2484 |   }
  2485 | }
> 2486 | @import url('https://fonts.googleapis.com/css2?family=Playfair+Display:ital,wght@0,400;0...
       |        ^
  2487 | :root {
  2488 |   --background: #F5F0E8;
  2489 |   --background-dark: #0D1B2A;

Import trace:
  Client Component Browser:
    ./src/app/globals.css [Client Component Browser]
    ./src/app/(public)/layout.tsx [Server Component] @ http://localhost:3000/_next/static/chunks/node_modules_next_dist_0u_w_5s._.js:1945
[   23058ms] [ERROR] ./src/app/globals.css:2486:8
Parsing CSS source code failed
  2484 |   }
  2485 | }
> 2486 | @import url('https://fonts.googleapis.com/css2?family=Playfair+Display:ital,wght@0,400;0...
       |        ^
  2487 | :root {
  2488 |   --background: #F5F0E8;
  2489 |   --background-dark: #0D1B2A;

@import rules must precede all rules aside from @charset and @layer statements

Generated code of PostCSS transform of file content of src/app/globals.css:
./src/app/globals.css:2486:8
  2484 |   }
  2485 | }
> 2486 | @import url('https://fonts.googleapis.com/css2?family=Playfair+Display:ital,wght@0,400;0...
       |        ^
  2487 | :root {
  2488 |   --background: #F5F0E8;
  2489 |   --background-dark: #0D1B2A;

Import trace:
  Client Component Browser:
    ./src/app/globals.css [Client Component Browser]
    ./src/app/(public)/layout.tsx [Server Component] @ http://localhost:3000/_next/static/chunks/node_modules_next_dist_0u_w_5s._.js:1945
[   23107ms] [ERROR] ./src/app/globals.css:2486:8
Parsing CSS source code failed
  2484 |   }
  2485 | }
> 2486 | @import url('https://fonts.googleapis.com/css2?family=Playfair+Display:ital,wght@0,400;0...
       |        ^
  2487 | :root {
  2488 |   --background: #F5F0E8;
  2489 |   --background-dark: #0D1B2A;

@import rules must precede all rules aside from @charset and @layer statements

Generated code of PostCSS transform of file content of src/app/globals.css:
./src/app/globals.css:2486:8
  2484 |   }
  2485 | }
> 2486 | @import url('https://fonts.googleapis.com/css2?family=Playfair+Display:ital,wght@0,400;0...
       |        ^
  2487 | :root {
  2488 |   --background: #F5F0E8;
  2489 |   --background-dark: #0D1B2A;

Import trace:
  Client Component Browser:
    ./src/app/globals.css [Client Component Browser]
    ./src/app/(public)/layout.tsx [Server Component] @ http://localhost:3000/_next/static/chunks/node_modules_next_dist_0u_w_5s._.js:1945
[   23158ms] [ERROR] ./src/app/globals.css:2486:8
Parsing CSS source code failed
  2484 |   }
  2485 | }
> 2486 | @import url('https://fonts.googleapis.com/css2?family=Playfair+Display:ital,wght@0,400;0...
       |        ^
  2487 | :root {
  2488 |   --background: #F5F0E8;
  2489 |   --background-dark: #0D1B2A;

@import rules must precede all rules aside from @charset and @layer statements

Generated code of PostCSS transform of file content of src/app/globals.css:
./src/app/globals.css:2486:8
  2484 |   }
  2485 | }
> 2486 | @import url('https://fonts.googleapis.com/css2?family=Playfair+Display:ital,wght@0,400;0...
       |        ^
  2487 | :root {
  2488 |   --background: #F5F0E8;
  2489 |   --background-dark: #0D1B2A;

Import trace:
  Client Component Browser:
    ./src/app/globals.css [Client Component Browser]
    ./src/app/(public)/layout.tsx [Server Component] @ http://localhost:3000/_next/static/chunks/node_modules_next_dist_0u_w_5s._.js:1945
[   23208ms] [ERROR] ./src/app/globals.css:2486:8
Parsing CSS source code failed
  2484 |   }
  2485 | }
> 2486 | @import url('https://fonts.googleapis.com/css2?family=Playfair+Display:ital,wght@0,400;0...
       |        ^
  2487 | :root {
  2488 |   --background: #F5F0E8;
  2489 |   --background-dark: #0D1B2A;

@import rules must precede all rules aside from @charset and @layer statements

Generated code of PostCSS transform of file content of src/app/globals.css:
./src/app/globals.css:2486:8
  2484 |   }
  2485 | }
> 2486 | @import url('https://fonts.googleapis.com/css2?family=Playfair+Display:ital,wght@0,400;0...
       |        ^
  2487 | :root {
  2488 |   --background: #F5F0E8;
  2489 |   --background-dark: #0D1B2A;

Import trace:
  Client Component Browser:
    ./src/app/globals.css [Client Component Browser]
    ./src/app/(public)/layout.tsx [Server Component] @ http://localhost:3000/_next/static/chunks/node_modules_next_dist_0u_w_5s._.js:1945
[   23258ms] [ERROR] ./src/app/globals.css:2486:8
Parsing CSS source code failed
  2484 |   }
  2485 | }
> 2486 | @import url('https://fonts.googleapis.com/css2?family=Playfair+Display:ital,wght@0,400;0...
       |        ^
  2487 | :root {
  2488 |   --background: #F5F0E8;
  2489 |   --background-dark: #0D1B2A;

@import rules must precede all rules aside from @charset and @layer statements

Generated code of PostCSS transform of file content of src/app/globals.css:
./src/app/globals.css:2486:8
  2484 |   }
  2485 | }
> 2486 | @import url('https://fonts.googleapis.com/css2?family=Playfair+Display:ital,wght@0,400;0...
       |        ^
  2487 | :root {
  2488 |   --background: #F5F0E8;
  2489 |   --background-dark: #0D1B2A;

Import trace:
  Client Component Browser:
    ./src/app/globals.css [Client Component Browser]
    ./src/app/(public)/layout.tsx [Server Component] @ http://localhost:3000/_next/static/chunks/node_modules_next_dist_0u_w_5s._.js:1945
[   23307ms] [ERROR] ./src/app/globals.css:2486:8
Parsing CSS source code failed
  2484 |   }
  2485 | }
> 2486 | @import url('https://fonts.googleapis.com/css2?family=Playfair+Display:ital,wght@0,400;0...
       |        ^
  2487 | :root {
  2488 |   --background: #F5F0E8;
  2489 |   --background-dark: #0D1B2A;

@import rules must precede all rules aside from @charset and @layer statements

Generated code of PostCSS transform of file content of src/app/globals.css:
./src/app/globals.css:2486:8
  2484 |   }
  2485 | }
> 2486 | @import url('https://fonts.googleapis.com/css2?family=Playfair+Display:ital,wght@0,400;0...
       |        ^
  2487 | :root {
  2488 |   --background: #F5F0E8;
  2489 |   --background-dark: #0D1B2A;

Import trace:
  Client Component Browser:
    ./src/app/globals.css [Client Component Browser]
    ./src/app/(public)/layout.tsx [Server Component] @ http://localhost:3000/_next/static/chunks/node_modules_next_dist_0u_w_5s._.js:1945
[   23358ms] [ERROR] ./src/app/globals.css:2486:8
Parsing CSS source code failed
  2484 |   }
  2485 | }
> 2486 | @import url('https://fonts.googleapis.com/css2?family=Playfair+Display:ital,wght@0,400;0...
       |        ^
  2487 | :root {
  2488 |   --background: #F5F0E8;
  2489 |   --background-dark: #0D1B2A;

@import rules must precede all rules aside from @charset and @layer statements

Generated code of PostCSS transform of file content of src/app/globals.css:
./src/app/globals.css:2486:8
  2484 |   }
  2485 | }
> 2486 | @import url('https://fonts.googleapis.com/css2?family=Playfair+Display:ital,wght@0,400;0...
       |        ^
  2487 | :root {
  2488 |   --background: #F5F0E8;
  2489 |   --background-dark: #0D1B2A;

Import trace:
  Client Component Browser:
    ./src/app/globals.css [Client Component Browser]
    ./src/app/(public)/layout.tsx [Server Component] @ http://localhost:3000/_next/static/chunks/node_modules_next_dist_0u_w_5s._.js:1945
[   23407ms] [ERROR] ./src/app/globals.css:2486:8
Parsing CSS source code failed
  2484 |   }
  2485 | }
> 2486 | @import url('https://fonts.googleapis.com/css2?family=Playfair+Display:ital,wght@0,400;0...
       |        ^
  2487 | :root {
  2488 |   --background: #F5F0E8;
  2489 |   --background-dark: #0D1B2A;

@import rules must precede all rules aside from @charset and @layer statements

Generated code of PostCSS transform of file content of src/app/globals.css:
./src/app/globals.css:2486:8
  2484 |   }
  2485 | }
> 2486 | @import url('https://fonts.googleapis.com/css2?family=Playfair+Display:ital,wght@0,400;0...
       |        ^
  2487 | :root {
  2488 |   --background: #F5F0E8;
  2489 |   --background-dark: #0D1B2A;

Import trace:
  Client Component Browser:
    ./src/app/globals.css [Client Component Browser]
    ./src/app/(public)/layout.tsx [Server Component] @ http://localhost:3000/_next/static/chunks/node_modules_next_dist_0u_w_5s._.js:1945
[   23457ms] [ERROR] ./src/app/globals.css:2486:8
Parsing CSS source code failed
  2484 |   }
  2485 | }
> 2486 | @import url('https://fonts.googleapis.com/css2?family=Playfair+Display:ital,wght@0,400;0...
       |        ^
  2487 | :root {
  2488 |   --background: #F5F0E8;
  2489 |   --background-dark: #0D1B2A;

@import rules must precede all rules aside from @charset and @layer statements

Generated code of PostCSS transform of file content of src/app/globals.css:
./src/app/globals.css:2486:8
  2484 |   }
  2485 | }
> 2486 | @import url('https://fonts.googleapis.com/css2?family=Playfair+Display:ital,wght@0,400;0...
       |        ^
  2487 | :root {
  2488 |   --background: #F5F0E8;
  2489 |   --background-dark: #0D1B2A;

Import trace:
  Client Component Browser:
    ./src/app/globals.css [Client Component Browser]
    ./src/app/(public)/layout.tsx [Server Component] @ http://localhost:3000/_next/static/chunks/node_modules_next_dist_0u_w_5s._.js:1945
[   23514ms] [ERROR] ./src/app/globals.css:2486:8
Parsing CSS source code failed
  2484 |   }
  2485 | }
> 2486 | @import url('https://fonts.googleapis.com/css2?family=Playfair+Display:ital,wght@0,400;0...
       |        ^
  2487 | :root {
  2488 |   --background: #F5F0E8;
  2489 |   --background-dark: #0D1B2A;

@import rules must precede all rules aside from @charset and @layer statements

Generated code of PostCSS transform of file content of src/app/globals.css:
./src/app/globals.css:2486:8
  2484 |   }
  2485 | }
> 2486 | @import url('https://fonts.googleapis.com/css2?family=Playfair+Display:ital,wght@0,400;0...
       |        ^
  2487 | :root {
  2488 |   --background: #F5F0E8;
  2489 |   --background-dark: #0D1B2A;

Import trace:
  Client Component Browser:
    ./src/app/globals.css [Client Component Browser]
    ./src/app/(public)/layout.tsx [Server Component] @ http://localhost:3000/_next/static/chunks/node_modules_next_dist_0u_w_5s._.js:1945
[   23571ms] [ERROR] ./src/app/globals.css:2486:8
Parsing CSS source code failed
  2484 |   }
  2485 | }
> 2486 | @import url('https://fonts.googleapis.com/css2?family=Playfair+Display:ital,wght@0,400;0...
       |        ^
  2487 | :root {
  2488 |   --background: #F5F0E8;
  2489 |   --background-dark: #0D1B2A;

@import rules must precede all rules aside from @charset and @layer statements

Generated code of PostCSS transform of file content of src/app/globals.css:
./src/app/globals.css:2486:8
  2484 |   }
  2485 | }
> 2486 | @import url('https://fonts.googleapis.com/css2?family=Playfair+Display:ital,wght@0,400;0...
       |        ^
  2487 | :root {
  2488 |   --background: #F5F0E8;
  2489 |   --background-dark: #0D1B2A;

Import trace:
  Client Component Browser:
    ./src/app/globals.css [Client Component Browser]
    ./src/app/(public)/layout.tsx [Server Component] @ http://localhost:3000/_next/static/chunks/node_modules_next_dist_0u_w_5s._.js:1945
[   23624ms] [ERROR] ./src/app/globals.css:2486:8
Parsing CSS source code failed
  2484 |   }
  2485 | }
> 2486 | @import url('https://fonts.googleapis.com/css2?family=Playfair+Display:ital,wght@0,400;0...
       |        ^
  2487 | :root {
  2488 |   --background: #F5F0E8;
  2489 |   --background-dark: #0D1B2A;

@import rules must precede all rules aside from @charset and @layer statements

Generated code of PostCSS transform of file content of src/app/globals.css:
./src/app/globals.css:2486:8
  2484 |   }
  2485 | }
> 2486 | @import url('https://fonts.googleapis.com/css2?family=Playfair+Display:ital,wght@0,400;0...
       |        ^
  2487 | :root {
  2488 |   --background: #F5F0E8;
  2489 |   --background-dark: #0D1B2A;

Import trace:
  Client Component Browser:
    ./src/app/globals.css [Client Component Browser]
    ./src/app/(public)/layout.tsx [Server Component] @ http://localhost:3000/_next/static/chunks/node_modules_next_dist_0u_w_5s._.js:1945
[   23679ms] [ERROR] ./src/app/globals.css:2486:8
Parsing CSS source code failed
  2484 |   }
  2485 | }
> 2486 | @import url('https://fonts.googleapis.com/css2?family=Playfair+Display:ital,wght@0,400;0...
       |        ^
  2487 | :root {
  2488 |   --background: #F5F0E8;
  2489 |   --background-dark: #0D1B2A;

@import rules must precede all rules aside from @charset and @layer statements

Generated code of PostCSS transform of file content of src/app/globals.css:
./src/app/globals.css:2486:8
  2484 |   }
  2485 | }
> 2486 | @import url('https://fonts.googleapis.com/css2?family=Playfair+Display:ital,wght@0,400;0...
       |        ^
  2487 | :root {
  2488 |   --background: #F5F0E8;
  2489 |   --background-dark: #0D1B2A;

Import trace:
  Client Component Browser:
    ./src/app/globals.css [Client Component Browser]
    ./src/app/(public)/layout.tsx [Server Component] @ http://localhost:3000/_next/static/chunks/node_modules_next_dist_0u_w_5s._.js:1945
[   23728ms] [ERROR] ./src/app/globals.css:2486:8
Parsing CSS source code failed
  2484 |   }
  2485 | }
> 2486 | @import url('https://fonts.googleapis.com/css2?family=Playfair+Display:ital,wght@0,400;0...
       |        ^
  2487 | :root {
  2488 |   --background: #F5F0E8;
  2489 |   --background-dark: #0D1B2A;

@import rules must precede all rules aside from @charset and @layer statements

Generated code of PostCSS transform of file content of src/app/globals.css:
./src/app/globals.css:2486:8
  2484 |   }
  2485 | }
> 2486 | @import url('https://fonts.googleapis.com/css2?family=Playfair+Display:ital,wght@0,400;0...
       |        ^
  2487 | :root {
  2488 |   --background: #F5F0E8;
  2489 |   --background-dark: #0D1B2A;

Import trace:
  Client Component Browser:
    ./src/app/globals.css [Client Component Browser]
    ./src/app/(public)/layout.tsx [Server Component] @ http://localhost:3000/_next/static/chunks/node_modules_next_dist_0u_w_5s._.js:1945
[   23780ms] [ERROR] ./src/app/globals.css:2486:8
Parsing CSS source code failed
  2484 |   }
  2485 | }
> 2486 | @import url('https://fonts.googleapis.com/css2?family=Playfair+Display:ital,wght@0,400;0...
       |        ^
  2487 | :root {
  2488 |   --background: #F5F0E8;
  2489 |   --background-dark: #0D1B2A;

@import rules must precede all rules aside from @charset and @layer statements

Generated code of PostCSS transform of file content of src/app/globals.css:
./src/app/globals.css:2486:8
  2484 |   }
  2485 | }
> 2486 | @import url('https://fonts.googleapis.com/css2?family=Playfair+Display:ital,wght@0,400;0...
       |        ^
  2487 | :root {
  2488 |   --background: #F5F0E8;
  2489 |   --background-dark: #0D1B2A;

Import trace:
  Client Component Browser:
    ./src/app/globals.css [Client Component Browser]
    ./src/app/(public)/layout.tsx [Server Component] @ http://localhost:3000/_next/static/chunks/node_modules_next_dist_0u_w_5s._.js:1945
[   23837ms] [ERROR] ./src/app/globals.css:2486:8
Parsing CSS source code failed
  2484 |   }
  2485 | }
> 2486 | @import url('https://fonts.googleapis.com/css2?family=Playfair+Display:ital,wght@0,400;0...
       |        ^
  2487 | :root {
  2488 |   --background: #F5F0E8;
  2489 |   --background-dark: #0D1B2A;

@import rules must precede all rules aside from @charset and @layer statements

Generated code of PostCSS transform of file content of src/app/globals.css:
./src/app/globals.css:2486:8
  2484 |   }
  2485 | }
> 2486 | @import url('https://fonts.googleapis.com/css2?family=Playfair+Display:ital,wght@0,400;0...
       |        ^
  2487 | :root {
  2488 |   --background: #F5F0E8;
  2489 |   --background-dark: #0D1B2A;

Import trace:
  Client Component Browser:
    ./src/app/globals.css [Client Component Browser]
    ./src/app/(public)/layout.tsx [Server Component] @ http://localhost:3000/_next/static/chunks/node_modules_next_dist_0u_w_5s._.js:1945
[   23890ms] [ERROR] ./src/app/globals.css:2486:8
Parsing CSS source code failed
  2484 |   }
  2485 | }
> 2486 | @import url('https://fonts.googleapis.com/css2?family=Playfair+Display:ital,wght@0,400;0...
       |        ^
  2487 | :root {
  2488 |   --background: #F5F0E8;
  2489 |   --background-dark: #0D1B2A;

@import rules must precede all rules aside from @charset and @layer statements

Generated code of PostCSS transform of file content of src/app/globals.css:
./src/app/globals.css:2486:8
  2484 |   }
  2485 | }
> 2486 | @import url('https://fonts.googleapis.com/css2?family=Playfair+Display:ital,wght@0,400;0...
       |        ^
  2487 | :root {
  2488 |   --background: #F5F0E8;
  2489 |   --background-dark: #0D1B2A;

Import trace:
  Client Component Browser:
    ./src/app/globals.css [Client Component Browser]
    ./src/app/(public)/layout.tsx [Server Component] @ http://localhost:3000/_next/static/chunks/node_modules_next_dist_0u_w_5s._.js:1945
[   23954ms] [ERROR] ./src/app/globals.css:2486:8
Parsing CSS source code failed
  2484 |   }
  2485 | }
> 2486 | @import url('https://fonts.googleapis.com/css2?family=Playfair+Display:ital,wght@0,400;0...
       |        ^
  2487 | :root {
  2488 |   --background: #F5F0E8;
  2489 |   --background-dark: #0D1B2A;

@import rules must precede all rules aside from @charset and @layer statements

Generated code of PostCSS transform of file content of src/app/globals.css:
./src/app/globals.css:2486:8
  2484 |   }
  2485 | }
> 2486 | @import url('https://fonts.googleapis.com/css2?family=Playfair+Display:ital,wght@0,400;0...
       |        ^
  2487 | :root {
  2488 |   --background: #F5F0E8;
  2489 |   --background-dark: #0D1B2A;

Import trace:
  Client Component Browser:
    ./src/app/globals.css [Client Component Browser]
    ./src/app/(public)/layout.tsx [Server Component] @ http://localhost:3000/_next/static/chunks/node_modules_next_dist_0u_w_5s._.js:1945
[   24008ms] [ERROR] ./src/app/globals.css:2486:8
Parsing CSS source code failed
  2484 |   }
  2485 | }
> 2486 | @import url('https://fonts.googleapis.com/css2?family=Playfair+Display:ital,wght@0,400;0...
       |        ^
  2487 | :root {
  2488 |   --background: #F5F0E8;
  2489 |   --background-dark: #0D1B2A;

@import rules must precede all rules aside from @charset and @layer statements

Generated code of PostCSS transform of file content of src/app/globals.css:
./src/app/globals.css:2486:8
  2484 |   }
  2485 | }
> 2486 | @import url('https://fonts.googleapis.com/css2?family=Playfair+Display:ital,wght@0,400;0...
       |        ^
  2487 | :root {
  2488 |   --background: #F5F0E8;
  2489 |   --background-dark: #0D1B2A;

Import trace:
  Client Component Browser:
    ./src/app/globals.css [Client Component Browser]
    ./src/app/(public)/layout.tsx [Server Component] @ http://localhost:3000/_next/static/chunks/node_modules_next_dist_0u_w_5s._.js:1945
[   24058ms] [ERROR] ./src/app/globals.css:2486:8
Parsing CSS source code failed
  2484 |   }
  2485 | }
> 2486 | @import url('https://fonts.googleapis.com/css2?family=Playfair+Display:ital,wght@0,400;0...
       |        ^
  2487 | :root {
  2488 |   --background: #F5F0E8;
  2489 |   --background-dark: #0D1B2A;

@import rules must precede all rules aside from @charset and @layer statements

Generated code of PostCSS transform of file content of src/app/globals.css:
./src/app/globals.css:2486:8
  2484 |   }
  2485 | }
> 2486 | @import url('https://fonts.googleapis.com/css2?family=Playfair+Display:ital,wght@0,400;0...
       |        ^
  2487 | :root {
  2488 |   --background: #F5F0E8;
  2489 |   --background-dark: #0D1B2A;

Import trace:
  Client Component Browser:
    ./src/app/globals.css [Client Component Browser]
    ./src/app/(public)/layout.tsx [Server Component] @ http://localhost:3000/_next/static/chunks/node_modules_next_dist_0u_w_5s._.js:1945
[   24107ms] [ERROR] ./src/app/globals.css:2486:8
Parsing CSS source code failed
  2484 |   }
  2485 | }
> 2486 | @import url('https://fonts.googleapis.com/css2?family=Playfair+Display:ital,wght@0,400;0...
       |        ^
  2487 | :root {
  2488 |   --background: #F5F0E8;
  2489 |   --background-dark: #0D1B2A;

@import rules must precede all rules aside from @charset and @layer statements

Generated code of PostCSS transform of file content of src/app/globals.css:
./src/app/globals.css:2486:8
  2484 |   }
  2485 | }
> 2486 | @import url('https://fonts.googleapis.com/css2?family=Playfair+Display:ital,wght@0,400;0...
       |        ^
  2487 | :root {
  2488 |   --background: #F5F0E8;
  2489 |   --background-dark: #0D1B2A;

Import trace:
  Client Component Browser:
    ./src/app/globals.css [Client Component Browser]
    ./src/app/(public)/layout.tsx [Server Component] @ http://localhost:3000/_next/static/chunks/node_modules_next_dist_0u_w_5s._.js:1945
[   24158ms] [ERROR] ./src/app/globals.css:2486:8
Parsing CSS source code failed
  2484 |   }
  2485 | }
> 2486 | @import url('https://fonts.googleapis.com/css2?family=Playfair+Display:ital,wght@0,400;0...
       |        ^
  2487 | :root {
  2488 |   --background: #F5F0E8;
  2489 |   --background-dark: #0D1B2A;

@import rules must precede all rules aside from @charset and @layer statements

Generated code of PostCSS transform of file content of src/app/globals.css:
./src/app/globals.css:2486:8
  2484 |   }
  2485 | }
> 2486 | @import url('https://fonts.googleapis.com/css2?family=Playfair+Display:ital,wght@0,400;0...
       |        ^
  2487 | :root {
  2488 |   --background: #F5F0E8;
  2489 |   --background-dark: #0D1B2A;

Import trace:
  Client Component Browser:
    ./src/app/globals.css [Client Component Browser]
    ./src/app/(public)/layout.tsx [Server Component] @ http://localhost:3000/_next/static/chunks/node_modules_next_dist_0u_w_5s._.js:1945
[   24210ms] [ERROR] ./src/app/globals.css:2486:8
Parsing CSS source code failed
  2484 |   }
  2485 | }
> 2486 | @import url('https://fonts.googleapis.com/css2?family=Playfair+Display:ital,wght@0,400;0...
       |        ^
  2487 | :root {
  2488 |   --background: #F5F0E8;
  2489 |   --background-dark: #0D1B2A;

@import rules must precede all rules aside from @charset and @layer statements

Generated code of PostCSS transform of file content of src/app/globals.css:
./src/app/globals.css:2486:8
  2484 |   }
  2485 | }
> 2486 | @import url('https://fonts.googleapis.com/css2?family=Playfair+Display:ital,wght@0,400;0...
       |        ^
  2487 | :root {
  2488 |   --background: #F5F0E8;
  2489 |   --background-dark: #0D1B2A;

Import trace:
  Client Component Browser:
    ./src/app/globals.css [Client Component Browser]
    ./src/app/(public)/layout.tsx [Server Component] @ http://localhost:3000/_next/static/chunks/node_modules_next_dist_0u_w_5s._.js:1945
[   24260ms] [ERROR] ./src/app/globals.css:2486:8
Parsing CSS source code failed
  2484 |   }
  2485 | }
> 2486 | @import url('https://fonts.googleapis.com/css2?family=Playfair+Display:ital,wght@0,400;0...
       |        ^
  2487 | :root {
  2488 |   --background: #F5F0E8;
  2489 |   --background-dark: #0D1B2A;

@import rules must precede all rules aside from @charset and @layer statements

Generated code of PostCSS transform of file content of src/app/globals.css:
./src/app/globals.css:2486:8
  2484 |   }
  2485 | }
> 2486 | @import url('https://fonts.googleapis.com/css2?family=Playfair+Display:ital,wght@0,400;0...
       |        ^
  2487 | :root {
  2488 |   --background: #F5F0E8;
  2489 |   --background-dark: #0D1B2A;

Import trace:
  Client Component Browser:
    ./src/app/globals.css [Client Component Browser]
    ./src/app/(public)/layout.tsx [Server Component] @ http://localhost:3000/_next/static/chunks/node_modules_next_dist_0u_w_5s._.js:1945
[   24310ms] [ERROR] ./src/app/globals.css:2486:8
Parsing CSS source code failed
  2484 |   }
  2485 | }
> 2486 | @import url('https://fonts.googleapis.com/css2?family=Playfair+Display:ital,wght@0,400;0...
       |        ^
  2487 | :root {
  2488 |   --background: #F5F0E8;
  2489 |   --background-dark: #0D1B2A;

@import rules must precede all rules aside from @charset and @layer statements

Generated code of PostCSS transform of file content of src/app/globals.css:
./src/app/globals.css:2486:8
  2484 |   }
  2485 | }
> 2486 | @import url('https://fonts.googleapis.com/css2?family=Playfair+Display:ital,wght@0,400;0...
       |        ^
  2487 | :root {
  2488 |   --background: #F5F0E8;
  2489 |   --background-dark: #0D1B2A;

Import trace:
  Client Component Browser:
    ./src/app/globals.css [Client Component Browser]
    ./src/app/(public)/layout.tsx [Server Component] @ http://localhost:3000/_next/static/chunks/node_modules_next_dist_0u_w_5s._.js:1945
[   24361ms] [ERROR] ./src/app/globals.css:2486:8
Parsing CSS source code failed
  2484 |   }
  2485 | }
> 2486 | @import url('https://fonts.googleapis.com/css2?family=Playfair+Display:ital,wght@0,400;0...
       |        ^
  2487 | :root {
  2488 |   --background: #F5F0E8;
  2489 |   --background-dark: #0D1B2A;

@import rules must precede all rules aside from @charset and @layer statements

Generated code of PostCSS transform of file content of src/app/globals.css:
./src/app/globals.css:2486:8
  2484 |   }
  2485 | }
> 2486 | @import url('https://fonts.googleapis.com/css2?family=Playfair+Display:ital,wght@0,400;0...
       |        ^
  2487 | :root {
  2488 |   --background: #F5F0E8;
  2489 |   --background-dark: #0D1B2A;

Import trace:
  Client Component Browser:
    ./src/app/globals.css [Client Component Browser]
    ./src/app/(public)/layout.tsx [Server Component] @ http://localhost:3000/_next/static/chunks/node_modules_next_dist_0u_w_5s._.js:1945
[   24410ms] [ERROR] ./src/app/globals.css:2486:8
Parsing CSS source code failed
  2484 |   }
  2485 | }
> 2486 | @import url('https://fonts.googleapis.com/css2?family=Playfair+Display:ital,wght@0,400;0...
       |        ^
  2487 | :root {
  2488 |   --background: #F5F0E8;
  2489 |   --background-dark: #0D1B2A;

@import rules must precede all rules aside from @charset and @layer statements

Generated code of PostCSS transform of file content of src/app/globals.css:
./src/app/globals.css:2486:8
  2484 |   }
  2485 | }
> 2486 | @import url('https://fonts.googleapis.com/css2?family=Playfair+Display:ital,wght@0,400;0...
       |        ^
  2487 | :root {
  2488 |   --background: #F5F0E8;
  2489 |   --background-dark: #0D1B2A;

Import trace:
  Client Component Browser:
    ./src/app/globals.css [Client Component Browser]
    ./src/app/(public)/layout.tsx [Server Component] @ http://localhost:3000/_next/static/chunks/node_modules_next_dist_0u_w_5s._.js:1945
[   24458ms] [ERROR] ./src/app/globals.css:2486:8
Parsing CSS source code failed
  2484 |   }
  2485 | }
> 2486 | @import url('https://fonts.googleapis.com/css2?family=Playfair+Display:ital,wght@0,400;0...
       |        ^
  2487 | :root {
  2488 |   --background: #F5F0E8;
  2489 |   --background-dark: #0D1B2A;

@import rules must precede all rules aside from @charset and @layer statements

Generated code of PostCSS transform of file content of src/app/globals.css:
./src/app/globals.css:2486:8
  2484 |   }
  2485 | }
> 2486 | @import url('https://fonts.googleapis.com/css2?family=Playfair+Display:ital,wght@0,400;0...
       |        ^
  2487 | :root {
  2488 |   --background: #F5F0E8;
  2489 |   --background-dark: #0D1B2A;

Import trace:
  Client Component Browser:
    ./src/app/globals.css [Client Component Browser]
    ./src/app/(public)/layout.tsx [Server Component] @ http://localhost:3000/_next/static/chunks/node_modules_next_dist_0u_w_5s._.js:1945
[   24509ms] [ERROR] ./src/app/globals.css:2486:8
Parsing CSS source code failed
  2484 |   }
  2485 | }
> 2486 | @import url('https://fonts.googleapis.com/css2?family=Playfair+Display:ital,wght@0,400;0...
       |        ^
  2487 | :root {
  2488 |   --background: #F5F0E8;
  2489 |   --background-dark: #0D1B2A;

@import rules must precede all rules aside from @charset and @layer statements

Generated code of PostCSS transform of file content of src/app/globals.css:
./src/app/globals.css:2486:8
  2484 |   }
  2485 | }
> 2486 | @import url('https://fonts.googleapis.com/css2?family=Playfair+Display:ital,wght@0,400;0...
       |        ^
  2487 | :root {
  2488 |   --background: #F5F0E8;
  2489 |   --background-dark: #0D1B2A;

Import trace:
  Client Component Browser:
    ./src/app/globals.css [Client Component Browser]
    ./src/app/(public)/layout.tsx [Server Component] @ http://localhost:3000/_next/static/chunks/node_modules_next_dist_0u_w_5s._.js:1945
[   24561ms] [ERROR] ./src/app/globals.css:2486:8
Parsing CSS source code failed
  2484 |   }
  2485 | }
> 2486 | @import url('https://fonts.googleapis.com/css2?family=Playfair+Display:ital,wght@0,400;0...
       |        ^
  2487 | :root {
  2488 |   --background: #F5F0E8;
  2489 |   --background-dark: #0D1B2A;

@import rules must precede all rules aside from @charset and @layer statements

Generated code of PostCSS transform of file content of src/app/globals.css:
./src/app/globals.css:2486:8
  2484 |   }
  2485 | }
> 2486 | @import url('https://fonts.googleapis.com/css2?family=Playfair+Display:ital,wght@0,400;0...
       |        ^
  2487 | :root {
  2488 |   --background: #F5F0E8;
  2489 |   --background-dark: #0D1B2A;

Import trace:
  Client Component Browser:
    ./src/app/globals.css [Client Component Browser]
    ./src/app/(public)/layout.tsx [Server Component] @ http://localhost:3000/_next/static/chunks/node_modules_next_dist_0u_w_5s._.js:1945
[   24611ms] [ERROR] ./src/app/globals.css:2486:8
Parsing CSS source code failed
  2484 |   }
  2485 | }
> 2486 | @import url('https://fonts.googleapis.com/css2?family=Playfair+Display:ital,wght@0,400;0...
       |        ^
  2487 | :root {
  2488 |   --background: #F5F0E8;
  2489 |   --background-dark: #0D1B2A;

@import rules must precede all rules aside from @charset and @layer statements

Generated code of PostCSS transform of file content of src/app/globals.css:
./src/app/globals.css:2486:8
  2484 |   }
  2485 | }
> 2486 | @import url('https://fonts.googleapis.com/css2?family=Playfair+Display:ital,wght@0,400;0...
       |        ^
  2487 | :root {
  2488 |   --background: #F5F0E8;
  2489 |   --background-dark: #0D1B2A;

Import trace:
  Client Component Browser:
    ./src/app/globals.css [Client Component Browser]
    ./src/app/(public)/layout.tsx [Server Component] @ http://localhost:3000/_next/static/chunks/node_modules_next_dist_0u_w_5s._.js:1945
[   24663ms] [ERROR] ./src/app/globals.css:2486:8
Parsing CSS source code failed
  2484 |   }
  2485 | }
> 2486 | @import url('https://fonts.googleapis.com/css2?family=Playfair+Display:ital,wght@0,400;0...
       |        ^
  2487 | :root {
  2488 |   --background: #F5F0E8;
  2489 |   --background-dark: #0D1B2A;

@import rules must precede all rules aside from @charset and @layer statements

Generated code of PostCSS transform of file content of src/app/globals.css:
./src/app/globals.css:2486:8
  2484 |   }
  2485 | }
> 2486 | @import url('https://fonts.googleapis.com/css2?family=Playfair+Display:ital,wght@0,400;0...
       |        ^
  2487 | :root {
  2488 |   --background: #F5F0E8;
  2489 |   --background-dark: #0D1B2A;

Import trace:
  Client Component Browser:
    ./src/app/globals.css [Client Component Browser]
    ./src/app/(public)/layout.tsx [Server Component] @ http://localhost:3000/_next/static/chunks/node_modules_next_dist_0u_w_5s._.js:1945
[   24714ms] [ERROR] ./src/app/globals.css:2486:8
Parsing CSS source code failed
  2484 |   }
  2485 | }
> 2486 | @import url('https://fonts.googleapis.com/css2?family=Playfair+Display:ital,wght@0,400;0...
       |        ^
  2487 | :root {
  2488 |   --background: #F5F0E8;
  2489 |   --background-dark: #0D1B2A;

@import rules must precede all rules aside from @charset and @layer statements

Generated code of PostCSS transform of file content of src/app/globals.css:
./src/app/globals.css:2486:8
  2484 |   }
  2485 | }
> 2486 | @import url('https://fonts.googleapis.com/css2?family=Playfair+Display:ital,wght@0,400;0...
       |        ^
  2487 | :root {
  2488 |   --background: #F5F0E8;
  2489 |   --background-dark: #0D1B2A;

Import trace:
  Client Component Browser:
    ./src/app/globals.css [Client Component Browser]
    ./src/app/(public)/layout.tsx [Server Component] @ http://localhost:3000/_next/static/chunks/node_modules_next_dist_0u_w_5s._.js:1945
[   24772ms] [ERROR] ./src/app/globals.css:2486:8
Parsing CSS source code failed
  2484 |   }
  2485 | }
> 2486 | @import url('https://fonts.googleapis.com/css2?family=Playfair+Display:ital,wght@0,400;0...
       |        ^
  2487 | :root {
  2488 |   --background: #F5F0E8;
  2489 |   --background-dark: #0D1B2A;

@import rules must precede all rules aside from @charset and @layer statements

Generated code of PostCSS transform of file content of src/app/globals.css:
./src/app/globals.css:2486:8
  2484 |   }
  2485 | }
> 2486 | @import url('https://fonts.googleapis.com/css2?family=Playfair+Display:ital,wght@0,400;0...
       |        ^
  2487 | :root {
  2488 |   --background: #F5F0E8;
  2489 |   --background-dark: #0D1B2A;

Import trace:
  Client Component Browser:
    ./src/app/globals.css [Client Component Browser]
    ./src/app/(public)/layout.tsx [Server Component] @ http://localhost:3000/_next/static/chunks/node_modules_next_dist_0u_w_5s._.js:1945
[   24825ms] [ERROR] ./src/app/globals.css:2486:8
Parsing CSS source code failed
  2484 |   }
  2485 | }
> 2486 | @import url('https://fonts.googleapis.com/css2?family=Playfair+Display:ital,wght@0,400;0...
       |        ^
  2487 | :root {
  2488 |   --background: #F5F0E8;
  2489 |   --background-dark: #0D1B2A;

@import rules must precede all rules aside from @charset and @layer statements

Generated code of PostCSS transform of file content of src/app/globals.css:
./src/app/globals.css:2486:8
  2484 |   }
  2485 | }
> 2486 | @import url('https://fonts.googleapis.com/css2?family=Playfair+Display:ital,wght@0,400;0...
       |        ^
  2487 | :root {
  2488 |   --background: #F5F0E8;
  2489 |   --background-dark: #0D1B2A;

Import trace:
  Client Component Browser:
    ./src/app/globals.css [Client Component Browser]
    ./src/app/(public)/layout.tsx [Server Component] @ http://localhost:3000/_next/static/chunks/node_modules_next_dist_0u_w_5s._.js:1945
[   24878ms] [ERROR] ./src/app/globals.css:2486:8
Parsing CSS source code failed
  2484 |   }
  2485 | }
> 2486 | @import url('https://fonts.googleapis.com/css2?family=Playfair+Display:ital,wght@0,400;0...
       |        ^
  2487 | :root {
  2488 |   --background: #F5F0E8;
  2489 |   --background-dark: #0D1B2A;

@import rules must precede all rules aside from @charset and @layer statements

Generated code of PostCSS transform of file content of src/app/globals.css:
./src/app/globals.css:2486:8
  2484 |   }
  2485 | }
> 2486 | @import url('https://fonts.googleapis.com/css2?family=Playfair+Display:ital,wght@0,400;0...
       |        ^
  2487 | :root {
  2488 |   --background: #F5F0E8;
  2489 |   --background-dark: #0D1B2A;

Import trace:
  Client Component Browser:
    ./src/app/globals.css [Client Component Browser]
    ./src/app/(public)/layout.tsx [Server Component] @ http://localhost:3000/_next/static/chunks/node_modules_next_dist_0u_w_5s._.js:1945
[   24928ms] [ERROR] ./src/app/globals.css:2486:8
Parsing CSS source code failed
  2484 |   }
  2485 | }
> 2486 | @import url('https://fonts.googleapis.com/css2?family=Playfair+Display:ital,wght@0,400;0...
       |        ^
  2487 | :root {
  2488 |   --background: #F5F0E8;
  2489 |   --background-dark: #0D1B2A;

@import rules must precede all rules aside from @charset and @layer statements

Generated code of PostCSS transform of file content of src/app/globals.css:
./src/app/globals.css:2486:8
  2484 |   }
  2485 | }
> 2486 | @import url('https://fonts.googleapis.com/css2?family=Playfair+Display:ital,wght@0,400;0...
       |        ^
  2487 | :root {
  2488 |   --background: #F5F0E8;
  2489 |   --background-dark: #0D1B2A;

Import trace:
  Client Component Browser:
    ./src/app/globals.css [Client Component Browser]
    ./src/app/(public)/layout.tsx [Server Component] @ http://localhost:3000/_next/static/chunks/node_modules_next_dist_0u_w_5s._.js:1945
[   24976ms] [ERROR] ./src/app/globals.css:2486:8
Parsing CSS source code failed
  2484 |   }
  2485 | }
> 2486 | @import url('https://fonts.googleapis.com/css2?family=Playfair+Display:ital,wght@0,400;0...
       |        ^
  2487 | :root {
  2488 |   --background: #F5F0E8;
  2489 |   --background-dark: #0D1B2A;

@import rules must precede all rules aside from @charset and @layer statements

Generated code of PostCSS transform of file content of src/app/globals.css:
./src/app/globals.css:2486:8
  2484 |   }
  2485 | }
> 2486 | @import url('https://fonts.googleapis.com/css2?family=Playfair+Display:ital,wght@0,400;0...
       |        ^
  2487 | :root {
  2488 |   --background: #F5F0E8;
  2489 |   --background-dark: #0D1B2A;

Import trace:
  Client Component Browser:
    ./src/app/globals.css [Client Component Browser]
    ./src/app/(public)/layout.tsx [Server Component] @ http://localhost:3000/_next/static/chunks/node_modules_next_dist_0u_w_5s._.js:1945
[   25028ms] [ERROR] ./src/app/globals.css:2486:8
Parsing CSS source code failed
  2484 |   }
  2485 | }
> 2486 | @import url('https://fonts.googleapis.com/css2?family=Playfair+Display:ital,wght@0,400;0...
       |        ^
  2487 | :root {
  2488 |   --background: #F5F0E8;
  2489 |   --background-dark: #0D1B2A;

@import rules must precede all rules aside from @charset and @layer statements

Generated code of PostCSS transform of file content of src/app/globals.css:
./src/app/globals.css:2486:8
  2484 |   }
  2485 | }
> 2486 | @import url('https://fonts.googleapis.com/css2?family=Playfair+Display:ital,wght@0,400;0...
       |        ^
  2487 | :root {
  2488 |   --background: #F5F0E8;
  2489 |   --background-dark: #0D1B2A;

Import trace:
  Client Component Browser:
    ./src/app/globals.css [Client Component Browser]
    ./src/app/(public)/layout.tsx [Server Component] @ http://localhost:3000/_next/static/chunks/node_modules_next_dist_0u_w_5s._.js:1945
[   25078ms] [ERROR] ./src/app/globals.css:2486:8
Parsing CSS source code failed
  2484 |   }
  2485 | }
> 2486 | @import url('https://fonts.googleapis.com/css2?family=Playfair+Display:ital,wght@0,400;0...
       |        ^
  2487 | :root {
  2488 |   --background: #F5F0E8;
  2489 |   --background-dark: #0D1B2A;

@import rules must precede all rules aside from @charset and @layer statements

Generated code of PostCSS transform of file content of src/app/globals.css:
./src/app/globals.css:2486:8
  2484 |   }
  2485 | }
> 2486 | @import url('https://fonts.googleapis.com/css2?family=Playfair+Display:ital,wght@0,400;0...
       |        ^
  2487 | :root {
  2488 |   --background: #F5F0E8;
  2489 |   --background-dark: #0D1B2A;

Import trace:
  Client Component Browser:
    ./src/app/globals.css [Client Component Browser]
    ./src/app/(public)/layout.tsx [Server Component] @ http://localhost:3000/_next/static/chunks/node_modules_next_dist_0u_w_5s._.js:1945
[   25128ms] [ERROR] ./src/app/globals.css:2486:8
Parsing CSS source code failed
  2484 |   }
  2485 | }
> 2486 | @import url('https://fonts.googleapis.com/css2?family=Playfair+Display:ital,wght@0,400;0...
       |        ^
  2487 | :root {
  2488 |   --background: #F5F0E8;
  2489 |   --background-dark: #0D1B2A;

@import rules must precede all rules aside from @charset and @layer statements

Generated code of PostCSS transform of file content of src/app/globals.css:
./src/app/globals.css:2486:8
  2484 |   }
  2485 | }
> 2486 | @import url('https://fonts.googleapis.com/css2?family=Playfair+Display:ital,wght@0,400;0...
       |        ^
  2487 | :root {
  2488 |   --background: #F5F0E8;
  2489 |   --background-dark: #0D1B2A;

Import trace:
  Client Component Browser:
    ./src/app/globals.css [Client Component Browser]
    ./src/app/(public)/layout.tsx [Server Component] @ http://localhost:3000/_next/static/chunks/node_modules_next_dist_0u_w_5s._.js:1945
[   25182ms] [ERROR] ./src/app/globals.css:2486:8
Parsing CSS source code failed
  2484 |   }
  2485 | }
> 2486 | @import url('https://fonts.googleapis.com/css2?family=Playfair+Display:ital,wght@0,400;0...
       |        ^
  2487 | :root {
  2488 |   --background: #F5F0E8;
  2489 |   --background-dark: #0D1B2A;

@import rules must precede all rules aside from @charset and @layer statements

Generated code of PostCSS transform of file content of src/app/globals.css:
./src/app/globals.css:2486:8
  2484 |   }
  2485 | }
> 2486 | @import url('https://fonts.googleapis.com/css2?family=Playfair+Display:ital,wght@0,400;0...
       |        ^
  2487 | :root {
  2488 |   --background: #F5F0E8;
  2489 |   --background-dark: #0D1B2A;

Import trace:
  Client Component Browser:
    ./src/app/globals.css [Client Component Browser]
    ./src/app/(public)/layout.tsx [Server Component] @ http://localhost:3000/_next/static/chunks/node_modules_next_dist_0u_w_5s._.js:1945
[   25236ms] [ERROR] ./src/app/globals.css:2486:8
Parsing CSS source code failed
  2484 |   }
  2485 | }
> 2486 | @import url('https://fonts.googleapis.com/css2?family=Playfair+Display:ital,wght@0,400;0...
       |        ^
  2487 | :root {
  2488 |   --background: #F5F0E8;
  2489 |   --background-dark: #0D1B2A;

@import rules must precede all rules aside from @charset and @layer statements

Generated code of PostCSS transform of file content of src/app/globals.css:
./src/app/globals.css:2486:8
  2484 |   }
  2485 | }
> 2486 | @import url('https://fonts.googleapis.com/css2?family=Playfair+Display:ital,wght@0,400;0...
       |        ^
  2487 | :root {
  2488 |   --background: #F5F0E8;
  2489 |   --background-dark: #0D1B2A;

Import trace:
  Client Component Browser:
    ./src/app/globals.css [Client Component Browser]
    ./src/app/(public)/layout.tsx [Server Component] @ http://localhost:3000/_next/static/chunks/node_modules_next_dist_0u_w_5s._.js:1945
[   25290ms] [ERROR] ./src/app/globals.css:2486:8
Parsing CSS source code failed
  2484 |   }
  2485 | }
> 2486 | @import url('https://fonts.googleapis.com/css2?family=Playfair+Display:ital,wght@0,400;0...
       |        ^
  2487 | :root {
  2488 |   --background: #F5F0E8;
  2489 |   --background-dark: #0D1B2A;

@import rules must precede all rules aside from @charset and @layer statements

Generated code of PostCSS transform of file content of src/app/globals.css:
./src/app/globals.css:2486:8
  2484 |   }
  2485 | }
> 2486 | @import url('https://fonts.googleapis.com/css2?family=Playfair+Display:ital,wght@0,400;0...
       |        ^
  2487 | :root {
  2488 |   --background: #F5F0E8;
  2489 |   --background-dark: #0D1B2A;

Import trace:
  Client Component Browser:
    ./src/app/globals.css [Client Component Browser]
    ./src/app/(public)/layout.tsx [Server Component] @ http://localhost:3000/_next/static/chunks/node_modules_next_dist_0u_w_5s._.js:1945
[   25343ms] [ERROR] ./src/app/globals.css:2486:8
Parsing CSS source code failed
  2484 |   }
  2485 | }
> 2486 | @import url('https://fonts.googleapis.com/css2?family=Playfair+Display:ital,wght@0,400;0...
       |        ^
  2487 | :root {
  2488 |   --background: #F5F0E8;
  2489 |   --background-dark: #0D1B2A;

@import rules must precede all rules aside from @charset and @layer statements

Generated code of PostCSS transform of file content of src/app/globals.css:
./src/app/globals.css:2486:8
  2484 |   }
  2485 | }
> 2486 | @import url('https://fonts.googleapis.com/css2?family=Playfair+Display:ital,wght@0,400;0...
       |        ^
  2487 | :root {
  2488 |   --background: #F5F0E8;
  2489 |   --background-dark: #0D1B2A;

Import trace:
  Client Component Browser:
    ./src/app/globals.css [Client Component Browser]
    ./src/app/(public)/layout.tsx [Server Component] @ http://localhost:3000/_next/static/chunks/node_modules_next_dist_0u_w_5s._.js:1945
[   25394ms] [ERROR] ./src/app/globals.css:2486:8
Parsing CSS source code failed
  2484 |   }
  2485 | }
> 2486 | @import url('https://fonts.googleapis.com/css2?family=Playfair+Display:ital,wght@0,400;0...
       |        ^
  2487 | :root {
  2488 |   --background: #F5F0E8;
  2489 |   --background-dark: #0D1B2A;

@import rules must precede all rules aside from @charset and @layer statements

Generated code of PostCSS transform of file content of src/app/globals.css:
./src/app/globals.css:2486:8
  2484 |   }
  2485 | }
> 2486 | @import url('https://fonts.googleapis.com/css2?family=Playfair+Display:ital,wght@0,400;0...
       |        ^
  2487 | :root {
  2488 |   --background: #F5F0E8;
  2489 |   --background-dark: #0D1B2A;

Import trace:
  Client Component Browser:
    ./src/app/globals.css [Client Component Browser]
    ./src/app/(public)/layout.tsx [Server Component] @ http://localhost:3000/_next/static/chunks/node_modules_next_dist_0u_w_5s._.js:1945
[   25449ms] [ERROR] ./src/app/globals.css:2486:8
Parsing CSS source code failed
  2484 |   }
  2485 | }
> 2486 | @import url('https://fonts.googleapis.com/css2?family=Playfair+Display:ital,wght@0,400;0...
       |        ^
  2487 | :root {
  2488 |   --background: #F5F0E8;
  2489 |   --background-dark: #0D1B2A;

@import rules must precede all rules aside from @charset and @layer statements

Generated code of PostCSS transform of file content of src/app/globals.css:
./src/app/globals.css:2486:8
  2484 |   }
  2485 | }
> 2486 | @import url('https://fonts.googleapis.com/css2?family=Playfair+Display:ital,wght@0,400;0...
       |        ^
  2487 | :root {
  2488 |   --background: #F5F0E8;
  2489 |   --background-dark: #0D1B2A;

Import trace:
  Client Component Browser:
    ./src/app/globals.css [Client Component Browser]
    ./src/app/(public)/layout.tsx [Server Component] @ http://localhost:3000/_next/static/chunks/node_modules_next_dist_0u_w_5s._.js:1945
[   25504ms] [ERROR] ./src/app/globals.css:2486:8
Parsing CSS source code failed
  2484 |   }
  2485 | }
> 2486 | @import url('https://fonts.googleapis.com/css2?family=Playfair+Display:ital,wght@0,400;0...
       |        ^
  2487 | :root {
  2488 |   --background: #F5F0E8;
  2489 |   --background-dark: #0D1B2A;

@import rules must precede all rules aside from @charset and @layer statements

Generated code of PostCSS transform of file content of src/app/globals.css:
./src/app/globals.css:2486:8
  2484 |   }
  2485 | }
> 2486 | @import url('https://fonts.googleapis.com/css2?family=Playfair+Display:ital,wght@0,400;0...
       |        ^
  2487 | :root {
  2488 |   --background: #F5F0E8;
  2489 |   --background-dark: #0D1B2A;

Import trace:
  Client Component Browser:
    ./src/app/globals.css [Client Component Browser]
    ./src/app/(public)/layout.tsx [Server Component] @ http://localhost:3000/_next/static/chunks/node_modules_next_dist_0u_w_5s._.js:1945
[   25554ms] [ERROR] ./src/app/globals.css:2486:8
Parsing CSS source code failed
  2484 |   }
  2485 | }
> 2486 | @import url('https://fonts.googleapis.com/css2?family=Playfair+Display:ital,wght@0,400;0...
       |        ^
  2487 | :root {
  2488 |   --background: #F5F0E8;
  2489 |   --background-dark: #0D1B2A;

@import rules must precede all rules aside from @charset and @layer statements

Generated code of PostCSS transform of file content of src/app/globals.css:
./src/app/globals.css:2486:8
  2484 |   }
  2485 | }
> 2486 | @import url('https://fonts.googleapis.com/css2?family=Playfair+Display:ital,wght@0,400;0...
       |        ^
  2487 | :root {
  2488 |   --background: #F5F0E8;
  2489 |   --background-dark: #0D1B2A;

Import trace:
  Client Component Browser:
    ./src/app/globals.css [Client Component Browser]
    ./src/app/(public)/layout.tsx [Server Component] @ http://localhost:3000/_next/static/chunks/node_modules_next_dist_0u_w_5s._.js:1945
[   25604ms] [ERROR] ./src/app/globals.css:2486:8
Parsing CSS source code failed
  2484 |   }
  2485 | }
> 2486 | @import url('https://fonts.googleapis.com/css2?family=Playfair+Display:ital,wght@0,400;0...
       |        ^
  2487 | :root {
  2488 |   --background: #F5F0E8;
  2489 |   --background-dark: #0D1B2A;

@import rules must precede all rules aside from @charset and @layer statements

Generated code of PostCSS transform of file content of src/app/globals.css:
./src/app/globals.css:2486:8
  2484 |   }
  2485 | }
> 2486 | @import url('https://fonts.googleapis.com/css2?family=Playfair+Display:ital,wght@0,400;0...
       |        ^
  2487 | :root {
  2488 |   --background: #F5F0E8;
  2489 |   --background-dark: #0D1B2A;

Import trace:
  Client Component Browser:
    ./src/app/globals.css [Client Component Browser]
    ./src/app/(public)/layout.tsx [Server Component] @ http://localhost:3000/_next/static/chunks/node_modules_next_dist_0u_w_5s._.js:1945
[   25653ms] [ERROR] ./src/app/globals.css:2486:8
Parsing CSS source code failed
  2484 |   }
  2485 | }
> 2486 | @import url('https://fonts.googleapis.com/css2?family=Playfair+Display:ital,wght@0,400;0...
       |        ^
  2487 | :root {
  2488 |   --background: #F5F0E8;
  2489 |   --background-dark: #0D1B2A;

@import rules must precede all rules aside from @charset and @layer statements

Generated code of PostCSS transform of file content of src/app/globals.css:
./src/app/globals.css:2486:8
  2484 |   }
  2485 | }
> 2486 | @import url('https://fonts.googleapis.com/css2?family=Playfair+Display:ital,wght@0,400;0...
       |        ^
  2487 | :root {
  2488 |   --background: #F5F0E8;
  2489 |   --background-dark: #0D1B2A;

Import trace:
  Client Component Browser:
    ./src/app/globals.css [Client Component Browser]
    ./src/app/(public)/layout.tsx [Server Component] @ http://localhost:3000/_next/static/chunks/node_modules_next_dist_0u_w_5s._.js:1945
[   25704ms] [ERROR] ./src/app/globals.css:2486:8
Parsing CSS source code failed
  2484 |   }
  2485 | }
> 2486 | @import url('https://fonts.googleapis.com/css2?family=Playfair+Display:ital,wght@0,400;0...
       |        ^
  2487 | :root {
  2488 |   --background: #F5F0E8;
  2489 |   --background-dark: #0D1B2A;

@import rules must precede all rules aside from @charset and @layer statements

Generated code of PostCSS transform of file content of src/app/globals.css:
./src/app/globals.css:2486:8
  2484 |   }
  2485 | }
> 2486 | @import url('https://fonts.googleapis.com/css2?family=Playfair+Display:ital,wght@0,400;0...
       |        ^
  2487 | :root {
  2488 |   --background: #F5F0E8;
  2489 |   --background-dark: #0D1B2A;

Import trace:
  Client Component Browser:
    ./src/app/globals.css [Client Component Browser]
    ./src/app/(public)/layout.tsx [Server Component] @ http://localhost:3000/_next/static/chunks/node_modules_next_dist_0u_w_5s._.js:1945
[   25754ms] [ERROR] ./src/app/globals.css:2486:8
Parsing CSS source code failed
  2484 |   }
  2485 | }
> 2486 | @import url('https://fonts.googleapis.com/css2?family=Playfair+Display:ital,wght@0,400;0...
       |        ^
  2487 | :root {
  2488 |   --background: #F5F0E8;
  2489 |   --background-dark: #0D1B2A;

@import rules must precede all rules aside from @charset and @layer statements

Generated code of PostCSS transform of file content of src/app/globals.css:
./src/app/globals.css:2486:8
  2484 |   }
  2485 | }
> 2486 | @import url('https://fonts.googleapis.com/css2?family=Playfair+Display:ital,wght@0,400;0...
       |        ^
  2487 | :root {
  2488 |   --background: #F5F0E8;
  2489 |   --background-dark: #0D1B2A;

Import trace:
  Client Component Browser:
    ./src/app/globals.css [Client Component Browser]
    ./src/app/(public)/layout.tsx [Server Component] @ http://localhost:3000/_next/static/chunks/node_modules_next_dist_0u_w_5s._.js:1945
[   25805ms] [ERROR] ./src/app/globals.css:2486:8
Parsing CSS source code failed
  2484 |   }
  2485 | }
> 2486 | @import url('https://fonts.googleapis.com/css2?family=Playfair+Display:ital,wght@0,400;0...
       |        ^
  2487 | :root {
  2488 |   --background: #F5F0E8;
  2489 |   --background-dark: #0D1B2A;

@import rules must precede all rules aside from @charset and @layer statements

Generated code of PostCSS transform of file content of src/app/globals.css:
./src/app/globals.css:2486:8
  2484 |   }
  2485 | }
> 2486 | @import url('https://fonts.googleapis.com/css2?family=Playfair+Display:ital,wght@0,400;0...
       |        ^
  2487 | :root {
  2488 |   --background: #F5F0E8;
  2489 |   --background-dark: #0D1B2A;

Import trace:
  Client Component Browser:
    ./src/app/globals.css [Client Component Browser]
    ./src/app/(public)/layout.tsx [Server Component] @ http://localhost:3000/_next/static/chunks/node_modules_next_dist_0u_w_5s._.js:1945
[   25855ms] [ERROR] ./src/app/globals.css:2486:8
Parsing CSS source code failed
  2484 |   }
  2485 | }
> 2486 | @import url('https://fonts.googleapis.com/css2?family=Playfair+Display:ital,wght@0,400;0...
       |        ^
  2487 | :root {
  2488 |   --background: #F5F0E8;
  2489 |   --background-dark: #0D1B2A;

@import rules must precede all rules aside from @charset and @layer statements

Generated code of PostCSS transform of file content of src/app/globals.css:
./src/app/globals.css:2486:8
  2484 |   }
  2485 | }
> 2486 | @import url('https://fonts.googleapis.com/css2?family=Playfair+Display:ital,wght@0,400;0...
       |        ^
  2487 | :root {
  2488 |   --background: #F5F0E8;
  2489 |   --background-dark: #0D1B2A;

Import trace:
  Client Component Browser:
    ./src/app/globals.css [Client Component Browser]
    ./src/app/(public)/layout.tsx [Server Component] @ http://localhost:3000/_next/static/chunks/node_modules_next_dist_0u_w_5s._.js:1945
[   25906ms] [ERROR] ./src/app/globals.css:2486:8
Parsing CSS source code failed
  2484 |   }
  2485 | }
> 2486 | @import url('https://fonts.googleapis.com/css2?family=Playfair+Display:ital,wght@0,400;0...
       |        ^
  2487 | :root {
  2488 |   --background: #F5F0E8;
  2489 |   --background-dark: #0D1B2A;

@import rules must precede all rules aside from @charset and @layer statements

Generated code of PostCSS transform of file content of src/app/globals.css:
./src/app/globals.css:2486:8
  2484 |   }
  2485 | }
> 2486 | @import url('https://fonts.googleapis.com/css2?family=Playfair+Display:ital,wght@0,400;0...
       |        ^
  2487 | :root {
  2488 |   --background: #F5F0E8;
  2489 |   --background-dark: #0D1B2A;

Import trace:
  Client Component Browser:
    ./src/app/globals.css [Client Component Browser]
    ./src/app/(public)/layout.tsx [Server Component] @ http://localhost:3000/_next/static/chunks/node_modules_next_dist_0u_w_5s._.js:1945
[   25961ms] [ERROR] ./src/app/globals.css:2486:8
Parsing CSS source code failed
  2484 |   }
  2485 | }
> 2486 | @import url('https://fonts.googleapis.com/css2?family=Playfair+Display:ital,wght@0,400;0...
       |        ^
  2487 | :root {
  2488 |   --background: #F5F0E8;
  2489 |   --background-dark: #0D1B2A;

@import rules must precede all rules aside from @charset and @layer statements

Generated code of PostCSS transform of file content of src/app/globals.css:
./src/app/globals.css:2486:8
  2484 |   }
  2485 | }
> 2486 | @import url('https://fonts.googleapis.com/css2?family=Playfair+Display:ital,wght@0,400;0...
       |        ^
  2487 | :root {
  2488 |   --background: #F5F0E8;
  2489 |   --background-dark: #0D1B2A;

Import trace:
  Client Component Browser:
    ./src/app/globals.css [Client Component Browser]
    ./src/app/(public)/layout.tsx [Server Component] @ http://localhost:3000/_next/static/chunks/node_modules_next_dist_0u_w_5s._.js:1945
[   26010ms] [ERROR] ./src/app/globals.css:2486:8
Parsing CSS source code failed
  2484 |   }
  2485 | }
> 2486 | @import url('https://fonts.googleapis.com/css2?family=Playfair+Display:ital,wght@0,400;0...
       |        ^
  2487 | :root {
  2488 |   --background: #F5F0E8;
  2489 |   --background-dark: #0D1B2A;

@import rules must precede all rules aside from @charset and @layer statements

Generated code of PostCSS transform of file content of src/app/globals.css:
./src/app/globals.css:2486:8
  2484 |   }
  2485 | }
> 2486 | @import url('https://fonts.googleapis.com/css2?family=Playfair+Display:ital,wght@0,400;0...
       |        ^
  2487 | :root {
  2488 |   --background: #F5F0E8;
  2489 |   --background-dark: #0D1B2A;

Import trace:
  Client Component Browser:
    ./src/app/globals.css [Client Component Browser]
    ./src/app/(public)/layout.tsx [Server Component] @ http://localhost:3000/_next/static/chunks/node_modules_next_dist_0u_w_5s._.js:1945
[   26090ms] [ERROR] ./src/app/globals.css:2486:8
Parsing CSS source code failed
  2484 |   }
  2485 | }
> 2486 | @import url('https://fonts.googleapis.com/css2?family=Playfair+Display:ital,wght@0,400;0...
       |        ^
  2487 | :root {
  2488 |   --background: #F5F0E8;
  2489 |   --background-dark: #0D1B2A;

@import rules must precede all rules aside from @charset and @layer statements

Generated code of PostCSS transform of file content of src/app/globals.css:
./src/app/globals.css:2486:8
  2484 |   }
  2485 | }
> 2486 | @import url('https://fonts.googleapis.com/css2?family=Playfair+Display:ital,wght@0,400;0...
       |        ^
  2487 | :root {
  2488 |   --background: #F5F0E8;
  2489 |   --background-dark: #0D1B2A;

Import trace:
  Client Component Browser:
    ./src/app/globals.css [Client Component Browser]
    ./src/app/(public)/layout.tsx [Server Component] @ http://localhost:3000/_next/static/chunks/node_modules_next_dist_0u_w_5s._.js:1945
[   26141ms] [ERROR] ./src/app/globals.css:2486:8
Parsing CSS source code failed
  2484 |   }
  2485 | }
> 2486 | @import url('https://fonts.googleapis.com/css2?family=Playfair+Display:ital,wght@0,400;0...
       |        ^
  2487 | :root {
  2488 |   --background: #F5F0E8;
  2489 |   --background-dark: #0D1B2A;

@import rules must precede all rules aside from @charset and @layer statements

Generated code of PostCSS transform of file content of src/app/globals.css:
./src/app/globals.css:2486:8
  2484 |   }
  2485 | }
> 2486 | @import url('https://fonts.googleapis.com/css2?family=Playfair+Display:ital,wght@0,400;0...
       |        ^
  2487 | :root {
  2488 |   --background: #F5F0E8;
  2489 |   --background-dark: #0D1B2A;

Import trace:
  Client Component Browser:
    ./src/app/globals.css [Client Component Browser]
    ./src/app/(public)/layout.tsx [Server Component] @ http://localhost:3000/_next/static/chunks/node_modules_next_dist_0u_w_5s._.js:1945
[   26193ms] [ERROR] ./src/app/globals.css:2486:8
Parsing CSS source code failed
  2484 |   }
  2485 | }
> 2486 | @import url('https://fonts.googleapis.com/css2?family=Playfair+Display:ital,wght@0,400;0...
       |        ^
  2487 | :root {
  2488 |   --background: #F5F0E8;
  2489 |   --background-dark: #0D1B2A;

@import rules must precede all rules aside from @charset and @layer statements

Generated code of PostCSS transform of file content of src/app/globals.css:
./src/app/globals.css:2486:8
  2484 |   }
  2485 | }
> 2486 | @import url('https://fonts.googleapis.com/css2?family=Playfair+Display:ital,wght@0,400;0...
       |        ^
  2487 | :root {
  2488 |   --background: #F5F0E8;
  2489 |   --background-dark: #0D1B2A;

Import trace:
  Client Component Browser:
    ./src/app/globals.css [Client Component Browser]
    ./src/app/(public)/layout.tsx [Server Component] @ http://localhost:3000/_next/static/chunks/node_modules_next_dist_0u_w_5s._.js:1945
[   26244ms] [ERROR] ./src/app/globals.css:2486:8
Parsing CSS source code failed
  2484 |   }
  2485 | }
> 2486 | @import url('https://fonts.googleapis.com/css2?family=Playfair+Display:ital,wght@0,400;0...
       |        ^
  2487 | :root {
  2488 |   --background: #F5F0E8;
  2489 |   --background-dark: #0D1B2A;

@import rules must precede all rules aside from @charset and @layer statements

Generated code of PostCSS transform of file content of src/app/globals.css:
./src/app/globals.css:2486:8
  2484 |   }
  2485 | }
> 2486 | @import url('https://fonts.googleapis.com/css2?family=Playfair+Display:ital,wght@0,400;0...
       |        ^
  2487 | :root {
  2488 |   --background: #F5F0E8;
  2489 |   --background-dark: #0D1B2A;

Import trace:
  Client Component Browser:
    ./src/app/globals.css [Client Component Browser]
    ./src/app/(public)/layout.tsx [Server Component] @ http://localhost:3000/_next/static/chunks/node_modules_next_dist_0u_w_5s._.js:1945
[   26294ms] [ERROR] ./src/app/globals.css:2486:8
Parsing CSS source code failed
  2484 |   }
  2485 | }
> 2486 | @import url('https://fonts.googleapis.com/css2?family=Playfair+Display:ital,wght@0,400;0...
       |        ^
  2487 | :root {
  2488 |   --background: #F5F0E8;
  2489 |   --background-dark: #0D1B2A;

@import rules must precede all rules aside from @charset and @layer statements

Generated code of PostCSS transform of file content of src/app/globals.css:
./src/app/globals.css:2486:8
  2484 |   }
  2485 | }
> 2486 | @import url('https://fonts.googleapis.com/css2?family=Playfair+Display:ital,wght@0,400;0...
       |        ^
  2487 | :root {
  2488 |   --background: #F5F0E8;
  2489 |   --background-dark: #0D1B2A;

Import trace:
  Client Component Browser:
    ./src/app/globals.css [Client Component Browser]
    ./src/app/(public)/layout.tsx [Server Component] @ http://localhost:3000/_next/static/chunks/node_modules_next_dist_0u_w_5s._.js:1945
[   26345ms] [ERROR] ./src/app/globals.css:2486:8
Parsing CSS source code failed
  2484 |   }
  2485 | }
> 2486 | @import url('https://fonts.googleapis.com/css2?family=Playfair+Display:ital,wght@0,400;0...
       |        ^
  2487 | :root {
  2488 |   --background: #F5F0E8;
  2489 |   --background-dark: #0D1B2A;

@import rules must precede all rules aside from @charset and @layer statements

Generated code of PostCSS transform of file content of src/app/globals.css:
./src/app/globals.css:2486:8
  2484 |   }
  2485 | }
> 2486 | @import url('https://fonts.googleapis.com/css2?family=Playfair+Display:ital,wght@0,400;0...
       |        ^
  2487 | :root {
  2488 |   --background: #F5F0E8;
  2489 |   --background-dark: #0D1B2A;

Import trace:
  Client Component Browser:
    ./src/app/globals.css [Client Component Browser]
    ./src/app/(public)/layout.tsx [Server Component] @ http://localhost:3000/_next/static/chunks/node_modules_next_dist_0u_w_5s._.js:1945
[   26423ms] [ERROR] ./src/app/globals.css:2486:8
Parsing CSS source code failed
  2484 |   }
  2485 | }
> 2486 | @import url('https://fonts.googleapis.com/css2?family=Playfair+Display:ital,wght@0,400;0...
       |        ^
  2487 | :root {
  2488 |   --background: #F5F0E8;
  2489 |   --background-dark: #0D1B2A;

@import rules must precede all rules aside from @charset and @layer statements

Generated code of PostCSS transform of file content of src/app/globals.css:
./src/app/globals.css:2486:8
  2484 |   }
  2485 | }
> 2486 | @import url('https://fonts.googleapis.com/css2?family=Playfair+Display:ital,wght@0,400;0...
       |        ^
  2487 | :root {
  2488 |   --background: #F5F0E8;
  2489 |   --background-dark: #0D1B2A;

Import trace:
  Client Component Browser:
    ./src/app/globals.css [Client Component Browser]
    ./src/app/(public)/layout.tsx [Server Component] @ http://localhost:3000/_next/static/chunks/node_modules_next_dist_0u_w_5s._.js:1945
[   26478ms] [ERROR] ./src/app/globals.css:2486:8
Parsing CSS source code failed
  2484 |   }
  2485 | }
> 2486 | @import url('https://fonts.googleapis.com/css2?family=Playfair+Display:ital,wght@0,400;0...
       |        ^
  2487 | :root {
  2488 |   --background: #F5F0E8;
  2489 |   --background-dark: #0D1B2A;

@import rules must precede all rules aside from @charset and @layer statements

Generated code of PostCSS transform of file content of src/app/globals.css:
./src/app/globals.css:2486:8
  2484 |   }
  2485 | }
> 2486 | @import url('https://fonts.googleapis.com/css2?family=Playfair+Display:ital,wght@0,400;0...
       |        ^
  2487 | :root {
  2488 |   --background: #F5F0E8;
  2489 |   --background-dark: #0D1B2A;

Import trace:
  Client Component Browser:
    ./src/app/globals.css [Client Component Browser]
    ./src/app/(public)/layout.tsx [Server Component] @ http://localhost:3000/_next/static/chunks/node_modules_next_dist_0u_w_5s._.js:1945
[   26527ms] [ERROR] ./src/app/globals.css:2486:8
Parsing CSS source code failed
  2484 |   }
  2485 | }
> 2486 | @import url('https://fonts.googleapis.com/css2?family=Playfair+Display:ital,wght@0,400;0...
       |        ^
  2487 | :root {
  2488 |   --background: #F5F0E8;
  2489 |   --background-dark: #0D1B2A;

@import rules must precede all rules aside from @charset and @layer statements

Generated code of PostCSS transform of file content of src/app/globals.css:
./src/app/globals.css:2486:8
  2484 |   }
  2485 | }
> 2486 | @import url('https://fonts.googleapis.com/css2?family=Playfair+Display:ital,wght@0,400;0...
       |        ^
  2487 | :root {
  2488 |   --background: #F5F0E8;
  2489 |   --background-dark: #0D1B2A;

Import trace:
  Client Component Browser:
    ./src/app/globals.css [Client Component Browser]
    ./src/app/(public)/layout.tsx [Server Component] @ http://localhost:3000/_next/static/chunks/node_modules_next_dist_0u_w_5s._.js:1945
[   26594ms] [ERROR] ./src/app/globals.css:2486:8
Parsing CSS source code failed
  2484 |   }
  2485 | }
> 2486 | @import url('https://fonts.googleapis.com/css2?family=Playfair+Display:ital,wght@0,400;0...
       |        ^
  2487 | :root {
  2488 |   --background: #F5F0E8;
  2489 |   --background-dark: #0D1B2A;

@import rules must precede all rules aside from @charset and @layer statements

Generated code of PostCSS transform of file content of src/app/globals.css:
./src/app/globals.css:2486:8
  2484 |   }
  2485 | }
> 2486 | @import url('https://fonts.googleapis.com/css2?family=Playfair+Display:ital,wght@0,400;0...
       |        ^
  2487 | :root {
  2488 |   --background: #F5F0E8;
  2489 |   --background-dark: #0D1B2A;

Import trace:
  Client Component Browser:
    ./src/app/globals.css [Client Component Browser]
    ./src/app/(public)/layout.tsx [Server Component] @ http://localhost:3000/_next/static/chunks/node_modules_next_dist_0u_w_5s._.js:1945
[   26644ms] [ERROR] ./src/app/globals.css:2486:8
Parsing CSS source code failed
  2484 |   }
  2485 | }
> 2486 | @import url('https://fonts.googleapis.com/css2?family=Playfair+Display:ital,wght@0,400;0...
       |        ^
  2487 | :root {
  2488 |   --background: #F5F0E8;
  2489 |   --background-dark: #0D1B2A;

@import rules must precede all rules aside from @charset and @layer statements

Generated code of PostCSS transform of file content of src/app/globals.css:
./src/app/globals.css:2486:8
  2484 |   }
  2485 | }
> 2486 | @import url('https://fonts.googleapis.com/css2?family=Playfair+Display:ital,wght@0,400;0...
       |        ^
  2487 | :root {
  2488 |   --background: #F5F0E8;
  2489 |   --background-dark: #0D1B2A;

Import trace:
  Client Component Browser:
    ./src/app/globals.css [Client Component Browser]
    ./src/app/(public)/layout.tsx [Server Component] @ http://localhost:3000/_next/static/chunks/node_modules_next_dist_0u_w_5s._.js:1945
[   26724ms] [ERROR] ./src/app/globals.css:2486:8
Parsing CSS source code failed
  2484 |   }
  2485 | }
> 2486 | @import url('https://fonts.googleapis.com/css2?family=Playfair+Display:ital,wght@0,400;0...
       |        ^
  2487 | :root {
  2488 |   --background: #F5F0E8;
  2489 |   --background-dark: #0D1B2A;

@import rules must precede all rules aside from @charset and @layer statements

Generated code of PostCSS transform of file content of src/app/globals.css:
./src/app/globals.css:2486:8
  2484 |   }
  2485 | }
> 2486 | @import url('https://fonts.googleapis.com/css2?family=Playfair+Display:ital,wght@0,400;0...
       |        ^
  2487 | :root {
  2488 |   --background: #F5F0E8;
  2489 |   --background-dark: #0D1B2A;

Import trace:
  Client Component Browser:
    ./src/app/globals.css [Client Component Browser]
    ./src/app/(public)/layout.tsx [Server Component] @ http://localhost:3000/_next/static/chunks/node_modules_next_dist_0u_w_5s._.js:1945
[   26762ms] [LOG] [Fast Refresh] rebuilding @ http://localhost:3000/_next/static/chunks/node_modules_next_dist_0u_w_5s._.js:1226
[   26810ms] [ERROR] ./src/app/globals.css:2486:8
Parsing CSS source code failed
  2484 |   }
  2485 | }
> 2486 | @import url('https://fonts.googleapis.com/css2?family=Playfair+Display:ital,wght@0,400;0...
       |        ^
  2487 | :root {
  2488 |   --background: #F5F0E8;
  2489 |   --background-dark: #0D1B2A;

@import rules must precede all rules aside from @charset and @layer statements

Generated code of PostCSS transform of file content of src/app/globals.css:
./src/app/globals.css:2486:8
  2484 |   }
  2485 | }
> 2486 | @import url('https://fonts.googleapis.com/css2?family=Playfair+Display:ital,wght@0,400;0...
       |        ^
  2487 | :root {
  2488 |   --background: #F5F0E8;
  2489 |   --background-dark: #0D1B2A;

Import trace:
  Client Component Browser:
    ./src/app/globals.css [Client Component Browser]
    ./src/app/(public)/layout.tsx [Server Component] @ http://localhost:3000/_next/static/chunks/node_modules_next_dist_0u_w_5s._.js:1945
[   26860ms] [ERROR] ./src/app/globals.css:2486:8
Parsing CSS source code failed
  2484 |   }
  2485 | }
> 2486 | @import url('https://fonts.googleapis.com/css2?family=Playfair+Display:ital,wght@0,400;0...
       |        ^
  2487 | :root {
  2488 |   --background: #F5F0E8;
  2489 |   --background-dark: #0D1B2A;

@import rules must precede all rules aside from @charset and @layer statements

Generated code of PostCSS transform of file content of src/app/globals.css:
./src/app/globals.css:2486:8
  2484 |   }
  2485 | }
> 2486 | @import url('https://fonts.googleapis.com/css2?family=Playfair+Display:ital,wght@0,400;0...
       |        ^
  2487 | :root {
  2488 |   --background: #F5F0E8;
  2489 |   --background-dark: #0D1B2A;

Import trace:
  Client Component Browser:
    ./src/app/globals.css [Client Component Browser]
    ./src/app/(public)/layout.tsx [Server Component] @ http://localhost:3000/_next/static/chunks/node_modules_next_dist_0u_w_5s._.js:1945
[   26911ms] [ERROR] ./src/app/globals.css:2486:8
Parsing CSS source code failed
  2484 |   }
  2485 | }
> 2486 | @import url('https://fonts.googleapis.com/css2?family=Playfair+Display:ital,wght@0,400;0...
       |        ^
  2487 | :root {
  2488 |   --background: #F5F0E8;
  2489 |   --background-dark: #0D1B2A;

@import rules must precede all rules aside from @charset and @layer statements

Generated code of PostCSS transform of file content of src/app/globals.css:
./src/app/globals.css:2486:8
  2484 |   }
  2485 | }
> 2486 | @import url('https://fonts.googleapis.com/css2?family=Playfair+Display:ital,wght@0,400;0...
       |        ^
  2487 | :root {
  2488 |   --background: #F5F0E8;
  2489 |   --background-dark: #0D1B2A;

Import trace:
  Client Component Browser:
    ./src/app/globals.css [Client Component Browser]
    ./src/app/(public)/layout.tsx [Server Component] @ http://localhost:3000/_next/static/chunks/node_modules_next_dist_0u_w_5s._.js:1945
[   26963ms] [ERROR] ./src/app/globals.css:2486:8
Parsing CSS source code failed
  2484 |   }
  2485 | }
> 2486 | @import url('https://fonts.googleapis.com/css2?family=Playfair+Display:ital,wght@0,400;0...
       |        ^
  2487 | :root {
  2488 |   --background: #F5F0E8;
  2489 |   --background-dark: #0D1B2A;

@import rules must precede all rules aside from @charset and @layer statements

Generated code of PostCSS transform of file content of src/app/globals.css:
./src/app/globals.css:2486:8
  2484 |   }
  2485 | }
> 2486 | @import url('https://fonts.googleapis.com/css2?family=Playfair+Display:ital,wght@0,400;0...
       |        ^
  2487 | :root {
  2488 |   --background: #F5F0E8;
  2489 |   --background-dark: #0D1B2A;

Import trace:
  Client Component Browser:
    ./src/app/globals.css [Client Component Browser]
    ./src/app/(public)/layout.tsx [Server Component] @ http://localhost:3000/_next/static/chunks/node_modules_next_dist_0u_w_5s._.js:1945
[   27021ms] [ERROR] ./src/app/globals.css:2486:8
Parsing CSS source code failed
  2484 |   }
  2485 | }
> 2486 | @import url('https://fonts.googleapis.com/css2?family=Playfair+Display:ital,wght@0,400;0...
       |        ^
  2487 | :root {
  2488 |   --background: #F5F0E8;
  2489 |   --background-dark: #0D1B2A;

@import rules must precede all rules aside from @charset and @layer statements

Generated code of PostCSS transform of file content of src/app/globals.css:
./src/app/globals.css:2486:8
  2484 |   }
  2485 | }
> 2486 | @import url('https://fonts.googleapis.com/css2?family=Playfair+Display:ital,wght@0,400;0...
       |        ^
  2487 | :root {
  2488 |   --background: #F5F0E8;
  2489 |   --background-dark: #0D1B2A;

Import trace:
  Client Component Browser:
    ./src/app/globals.css [Client Component Browser]
    ./src/app/(public)/layout.tsx [Server Component] @ http://localhost:3000/_next/static/chunks/node_modules_next_dist_0u_w_5s._.js:1945
[   27070ms] [ERROR] ./src/app/globals.css:2486:8
Parsing CSS source code failed
  2484 |   }
  2485 | }
> 2486 | @import url('https://fonts.googleapis.com/css2?family=Playfair+Display:ital,wght@0,400;0...
       |        ^
  2487 | :root {
  2488 |   --background: #F5F0E8;
  2489 |   --background-dark: #0D1B2A;

@import rules must precede all rules aside from @charset and @layer statements

Generated code of PostCSS transform of file content of src/app/globals.css:
./src/app/globals.css:2486:8
  2484 |   }
  2485 | }
> 2486 | @import url('https://fonts.googleapis.com/css2?family=Playfair+Display:ital,wght@0,400;0...
       |        ^
  2487 | :root {
  2488 |   --background: #F5F0E8;
  2489 |   --background-dark: #0D1B2A;

Import trace:
  Client Component Browser:
    ./src/app/globals.css [Client Component Browser]
    ./src/app/(public)/layout.tsx [Server Component] @ http://localhost:3000/_next/static/chunks/node_modules_next_dist_0u_w_5s._.js:1945
[   27121ms] [ERROR] ./src/app/globals.css:2486:8
Parsing CSS source code failed
  2484 |   }
  2485 | }
> 2486 | @import url('https://fonts.googleapis.com/css2?family=Playfair+Display:ital,wght@0,400;0...
       |        ^
  2487 | :root {
  2488 |   --background: #F5F0E8;
  2489 |   --background-dark: #0D1B2A;

@import rules must precede all rules aside from @charset and @layer statements

Generated code of PostCSS transform of file content of src/app/globals.css:
./src/app/globals.css:2486:8
  2484 |   }
  2485 | }
> 2486 | @import url('https://fonts.googleapis.com/css2?family=Playfair+Display:ital,wght@0,400;0...
       |        ^
  2487 | :root {
  2488 |   --background: #F5F0E8;
  2489 |   --background-dark: #0D1B2A;

Import trace:
  Client Component Browser:
    ./src/app/globals.css [Client Component Browser]
    ./src/app/(public)/layout.tsx [Server Component] @ http://localhost:3000/_next/static/chunks/node_modules_next_dist_0u_w_5s._.js:1945
[   27174ms] [ERROR] ./src/app/globals.css:2486:8
Parsing CSS source code failed
  2484 |   }
  2485 | }
> 2486 | @import url('https://fonts.googleapis.com/css2?family=Playfair+Display:ital,wght@0,400;0...
       |        ^
  2487 | :root {
  2488 |   --background: #F5F0E8;
  2489 |   --background-dark: #0D1B2A;

@import rules must precede all rules aside from @charset and @layer statements

Generated code of PostCSS transform of file content of src/app/globals.css:
./src/app/globals.css:2486:8
  2484 |   }
  2485 | }
> 2486 | @import url('https://fonts.googleapis.com/css2?family=Playfair+Display:ital,wght@0,400;0...
       |        ^
  2487 | :root {
  2488 |   --background: #F5F0E8;
  2489 |   --background-dark: #0D1B2A;

Import trace:
  Client Component Browser:
    ./src/app/globals.css [Client Component Browser]
    ./src/app/(public)/layout.tsx [Server Component] @ http://localhost:3000/_next/static/chunks/node_modules_next_dist_0u_w_5s._.js:1945
[   27225ms] [ERROR] ./src/app/globals.css:2486:8
Parsing CSS source code failed
  2484 |   }
  2485 | }
> 2486 | @import url('https://fonts.googleapis.com/css2?family=Playfair+Display:ital,wght@0,400;0...
       |        ^
  2487 | :root {
  2488 |   --background: #F5F0E8;
  2489 |   --background-dark: #0D1B2A;

@import rules must precede all rules aside from @charset and @layer statements

Generated code of PostCSS transform of file content of src/app/globals.css:
./src/app/globals.css:2486:8
  2484 |   }
  2485 | }
> 2486 | @import url('https://fonts.googleapis.com/css2?family=Playfair+Display:ital,wght@0,400;0...
       |        ^
  2487 | :root {
  2488 |   --background: #F5F0E8;
  2489 |   --background-dark: #0D1B2A;

Import trace:
  Client Component Browser:
    ./src/app/globals.css [Client Component Browser]
    ./src/app/(public)/layout.tsx [Server Component] @ http://localhost:3000/_next/static/chunks/node_modules_next_dist_0u_w_5s._.js:1945
[   27276ms] [ERROR] ./src/app/globals.css:2486:8
Parsing CSS source code failed
  2484 |   }
  2485 | }
> 2486 | @import url('https://fonts.googleapis.com/css2?family=Playfair+Display:ital,wght@0,400;0...
       |        ^
  2487 | :root {
  2488 |   --background: #F5F0E8;
  2489 |   --background-dark: #0D1B2A;

@import rules must precede all rules aside from @charset and @layer statements

Generated code of PostCSS transform of file content of src/app/globals.css:
./src/app/globals.css:2486:8
  2484 |   }
  2485 | }
> 2486 | @import url('https://fonts.googleapis.com/css2?family=Playfair+Display:ital,wght@0,400;0...
       |        ^
  2487 | :root {
  2488 |   --background: #F5F0E8;
  2489 |   --background-dark: #0D1B2A;

Import trace:
  Client Component Browser:
    ./src/app/globals.css [Client Component Browser]
    ./src/app/(public)/layout.tsx [Server Component] @ http://localhost:3000/_next/static/chunks/node_modules_next_dist_0u_w_5s._.js:1945
[   27327ms] [ERROR] ./src/app/globals.css:2486:8
Parsing CSS source code failed
  2484 |   }
  2485 | }
> 2486 | @import url('https://fonts.googleapis.com/css2?family=Playfair+Display:ital,wght@0,400;0...
       |        ^
  2487 | :root {
  2488 |   --background: #F5F0E8;
  2489 |   --background-dark: #0D1B2A;

@import rules must precede all rules aside from @charset and @layer statements

Generated code of PostCSS transform of file content of src/app/globals.css:
./src/app/globals.css:2486:8
  2484 |   }
  2485 | }
> 2486 | @import url('https://fonts.googleapis.com/css2?family=Playfair+Display:ital,wght@0,400;0...
       |        ^
  2487 | :root {
  2488 |   --background: #F5F0E8;
  2489 |   --background-dark: #0D1B2A;

Import trace:
  Client Component Browser:
    ./src/app/globals.css [Client Component Browser]
    ./src/app/(public)/layout.tsx [Server Component] @ http://localhost:3000/_next/static/chunks/node_modules_next_dist_0u_w_5s._.js:1945
[   27379ms] [ERROR] ./src/app/globals.css:2486:8
Parsing CSS source code failed
  2484 |   }
  2485 | }
> 2486 | @import url('https://fonts.googleapis.com/css2?family=Playfair+Display:ital,wght@0,400;0...
       |        ^
  2487 | :root {
  2488 |   --background: #F5F0E8;
  2489 |   --background-dark: #0D1B2A;

@import rules must precede all rules aside from @charset and @layer statements

Generated code of PostCSS transform of file content of src/app/globals.css:
./src/app/globals.css:2486:8
  2484 |   }
  2485 | }
> 2486 | @import url('https://fonts.googleapis.com/css2?family=Playfair+Display:ital,wght@0,400;0...
       |        ^
  2487 | :root {
  2488 |   --background: #F5F0E8;
  2489 |   --background-dark: #0D1B2A;

Import trace:
  Client Component Browser:
    ./src/app/globals.css [Client Component Browser]
    ./src/app/(public)/layout.tsx [Server Component] @ http://localhost:3000/_next/static/chunks/node_modules_next_dist_0u_w_5s._.js:1945
[   27432ms] [ERROR] ./src/app/globals.css:2486:8
Parsing CSS source code failed
  2484 |   }
  2485 | }
> 2486 | @import url('https://fonts.googleapis.com/css2?family=Playfair+Display:ital,wght@0,400;0...
       |        ^
  2487 | :root {
  2488 |   --background: #F5F0E8;
  2489 |   --background-dark: #0D1B2A;

@import rules must precede all rules aside from @charset and @layer statements

Generated code of PostCSS transform of file content of src/app/globals.css:
./src/app/globals.css:2486:8
  2484 |   }
  2485 | }
> 2486 | @import url('https://fonts.googleapis.com/css2?family=Playfair+Display:ital,wght@0,400;0...
       |        ^
  2487 | :root {
  2488 |   --background: #F5F0E8;
  2489 |   --background-dark: #0D1B2A;

Import trace:
  Client Component Browser:
    ./src/app/globals.css [Client Component Browser]
    ./src/app/(public)/layout.tsx [Server Component] @ http://localhost:3000/_next/static/chunks/node_modules_next_dist_0u_w_5s._.js:1945
[   27486ms] [ERROR] ./src/app/globals.css:2486:8
Parsing CSS source code failed
  2484 |   }
  2485 | }
> 2486 | @import url('https://fonts.googleapis.com/css2?family=Playfair+Display:ital,wght@0,400;0...
       |        ^
  2487 | :root {
  2488 |   --background: #F5F0E8;
  2489 |   --background-dark: #0D1B2A;

@import rules must precede all rules aside from @charset and @layer statements

Generated code of PostCSS transform of file content of src/app/globals.css:
./src/app/globals.css:2486:8
  2484 |   }
  2485 | }
> 2486 | @import url('https://fonts.googleapis.com/css2?family=Playfair+Display:ital,wght@0,400;0...
       |        ^
  2487 | :root {
  2488 |   --background: #F5F0E8;
  2489 |   --background-dark: #0D1B2A;

Import trace:
  Client Component Browser:
    ./src/app/globals.css [Client Component Browser]
    ./src/app/(public)/layout.tsx [Server Component] @ http://localhost:3000/_next/static/chunks/node_modules_next_dist_0u_w_5s._.js:1945
[   27538ms] [ERROR] ./src/app/globals.css:2486:8
Parsing CSS source code failed
  2484 |   }
  2485 | }
> 2486 | @import url('https://fonts.googleapis.com/css2?family=Playfair+Display:ital,wght@0,400;0...
       |        ^
  2487 | :root {
  2488 |   --background: #F5F0E8;
  2489 |   --background-dark: #0D1B2A;

@import rules must precede all rules aside from @charset and @layer statements

Generated code of PostCSS transform of file content of src/app/globals.css:
./src/app/globals.css:2486:8
  2484 |   }
  2485 | }
> 2486 | @import url('https://fonts.googleapis.com/css2?family=Playfair+Display:ital,wght@0,400;0...
       |        ^
  2487 | :root {
  2488 |   --background: #F5F0E8;
  2489 |   --background-dark: #0D1B2A;

Import trace:
  Client Component Browser:
    ./src/app/globals.css [Client Component Browser]
    ./src/app/(public)/layout.tsx [Server Component] @ http://localhost:3000/_next/static/chunks/node_modules_next_dist_0u_w_5s._.js:1945
[   27591ms] [ERROR] ./src/app/globals.css:2486:8
Parsing CSS source code failed
  2484 |   }
  2485 | }
> 2486 | @import url('https://fonts.googleapis.com/css2?family=Playfair+Display:ital,wght@0,400;0...
       |        ^
  2487 | :root {
  2488 |   --background: #F5F0E8;
  2489 |   --background-dark: #0D1B2A;

@import rules must precede all rules aside from @charset and @layer statements

Generated code of PostCSS transform of file content of src/app/globals.css:
./src/app/globals.css:2486:8
  2484 |   }
  2485 | }
> 2486 | @import url('https://fonts.googleapis.com/css2?family=Playfair+Display:ital,wght@0,400;0...
       |        ^
  2487 | :root {
  2488 |   --background: #F5F0E8;
  2489 |   --background-dark: #0D1B2A;

Import trace:
  Client Component Browser:
    ./src/app/globals.css [Client Component Browser]
    ./src/app/(public)/layout.tsx [Server Component] @ http://localhost:3000/_next/static/chunks/node_modules_next_dist_0u_w_5s._.js:1945
[   27644ms] [ERROR] ./src/app/globals.css:2486:8
Parsing CSS source code failed
  2484 |   }
  2485 | }
> 2486 | @import url('https://fonts.googleapis.com/css2?family=Playfair+Display:ital,wght@0,400;0...
       |        ^
  2487 | :root {
  2488 |   --background: #F5F0E8;
  2489 |   --background-dark: #0D1B2A;

@import rules must precede all rules aside from @charset and @layer statements

Generated code of PostCSS transform of file content of src/app/globals.css:
./src/app/globals.css:2486:8
  2484 |   }
  2485 | }
> 2486 | @import url('https://fonts.googleapis.com/css2?family=Playfair+Display:ital,wght@0,400;0...
       |        ^
  2487 | :root {
  2488 |   --background: #F5F0E8;
  2489 |   --background-dark: #0D1B2A;

Import trace:
  Client Component Browser:
    ./src/app/globals.css [Client Component Browser]
    ./src/app/(public)/layout.tsx [Server Component] @ http://localhost:3000/_next/static/chunks/node_modules_next_dist_0u_w_5s._.js:1945
[   27698ms] [ERROR] ./src/app/globals.css:2486:8
Parsing CSS source code failed
  2484 |   }
  2485 | }
> 2486 | @import url('https://fonts.googleapis.com/css2?family=Playfair+Display:ital,wght@0,400;0...
       |        ^
  2487 | :root {
  2488 |   --background: #F5F0E8;
  2489 |   --background-dark: #0D1B2A;

@import rules must precede all rules aside from @charset and @layer statements

Generated code of PostCSS transform of file content of src/app/globals.css:
./src/app/globals.css:2486:8
  2484 |   }
  2485 | }
> 2486 | @import url('https://fonts.googleapis.com/css2?family=Playfair+Display:ital,wght@0,400;0...
       |        ^
  2487 | :root {
  2488 |   --background: #F5F0E8;
  2489 |   --background-dark: #0D1B2A;

Import trace:
  Client Component Browser:
    ./src/app/globals.css [Client Component Browser]
    ./src/app/(public)/layout.tsx [Server Component] @ http://localhost:3000/_next/static/chunks/node_modules_next_dist_0u_w_5s._.js:1945
[   27754ms] [ERROR] ./src/app/globals.css:2486:8
Parsing CSS source code failed
  2484 |   }
  2485 | }
> 2486 | @import url('https://fonts.googleapis.com/css2?family=Playfair+Display:ital,wght@0,400;0...
       |        ^
  2487 | :root {
  2488 |   --background: #F5F0E8;
  2489 |   --background-dark: #0D1B2A;

@import rules must precede all rules aside from @charset and @layer statements

Generated code of PostCSS transform of file content of src/app/globals.css:
./src/app/globals.css:2486:8
  2484 |   }
  2485 | }
> 2486 | @import url('https://fonts.googleapis.com/css2?family=Playfair+Display:ital,wght@0,400;0...
       |        ^
  2487 | :root {
  2488 |   --background: #F5F0E8;
  2489 |   --background-dark: #0D1B2A;

Import trace:
  Client Component Browser:
    ./src/app/globals.css [Client Component Browser]
    ./src/app/(public)/layout.tsx [Server Component] @ http://localhost:3000/_next/static/chunks/node_modules_next_dist_0u_w_5s._.js:1945
[   27824ms] [ERROR] ./src/app/globals.css:2486:8
Parsing CSS source code failed
  2484 |   }
  2485 | }
> 2486 | @import url('https://fonts.googleapis.com/css2?family=Playfair+Display:ital,wght@0,400;0...
       |        ^
  2487 | :root {
  2488 |   --background: #F5F0E8;
  2489 |   --background-dark: #0D1B2A;

@import rules must precede all rules aside from @charset and @layer statements

Generated code of PostCSS transform of file content of src/app/globals.css:
./src/app/globals.css:2486:8
  2484 |   }
  2485 | }
> 2486 | @import url('https://fonts.googleapis.com/css2?family=Playfair+Display:ital,wght@0,400;0...
       |        ^
  2487 | :root {
  2488 |   --background: #F5F0E8;
  2489 |   --background-dark: #0D1B2A;

Import trace:
  Client Component Browser:
    ./src/app/globals.css [Client Component Browser]
    ./src/app/(public)/layout.tsx [Server Component] @ http://localhost:3000/_next/static/chunks/node_modules_next_dist_0u_w_5s._.js:1945
[   27873ms] [LOG] [Fast Refresh] rebuilding @ http://localhost:3000/_next/static/chunks/node_modules_next_dist_0u_w_5s._.js:1226
[   27960ms] [ERROR] ./src/app/globals.css:2486:8
Parsing CSS source code failed
  2484 |   }
  2485 | }
> 2486 | @import url('https://fonts.googleapis.com/css2?family=Playfair+Display:ital,wght@0,400;0...
       |        ^
  2487 | :root {
  2488 |   --background: #F5F0E8;
  2489 |   --background-dark: #0D1B2A;

@import rules must precede all rules aside from @charset and @layer statements

Generated code of PostCSS transform of file content of src/app/globals.css:
./src/app/globals.css:2486:8
  2484 |   }
  2485 | }
> 2486 | @import url('https://fonts.googleapis.com/css2?family=Playfair+Display:ital,wght@0,400;0...
       |        ^
  2487 | :root {
  2488 |   --background: #F5F0E8;
  2489 |   --background-dark: #0D1B2A;

Import trace:
  Client Component Browser:
    ./src/app/globals.css [Client Component Browser]
    ./src/app/(public)/layout.tsx [Server Component] @ http://localhost:3000/_next/static/chunks/node_modules_next_dist_0u_w_5s._.js:1945
[   28009ms] [ERROR] ./src/app/globals.css:2486:8
Parsing CSS source code failed
  2484 |   }
  2485 | }
> 2486 | @import url('https://fonts.googleapis.com/css2?family=Playfair+Display:ital,wght@0,400;0...
       |        ^
  2487 | :root {
  2488 |   --background: #F5F0E8;
  2489 |   --background-dark: #0D1B2A;

@import rules must precede all rules aside from @charset and @layer statements

Generated code of PostCSS transform of file content of src/app/globals.css:
./src/app/globals.css:2486:8
  2484 |   }
  2485 | }
> 2486 | @import url('https://fonts.googleapis.com/css2?family=Playfair+Display:ital,wght@0,400;0...
       |        ^
  2487 | :root {
  2488 |   --background: #F5F0E8;
  2489 |   --background-dark: #0D1B2A;

Import trace:
  Client Component Browser:
    ./src/app/globals.css [Client Component Browser]
    ./src/app/(public)/layout.tsx [Server Component] @ http://localhost:3000/_next/static/chunks/node_modules_next_dist_0u_w_5s._.js:1945
[   28058ms] [ERROR] ./src/app/globals.css:2486:8
Parsing CSS source code failed
  2484 |   }
  2485 | }
> 2486 | @import url('https://fonts.googleapis.com/css2?family=Playfair+Display:ital,wght@0,400;0...
       |        ^
  2487 | :root {
  2488 |   --background: #F5F0E8;
  2489 |   --background-dark: #0D1B2A;

@import rules must precede all rules aside from @charset and @layer statements

Generated code of PostCSS transform of file content of src/app/globals.css:
./src/app/globals.css:2486:8
  2484 |   }
  2485 | }
> 2486 | @import url('https://fonts.googleapis.com/css2?family=Playfair+Display:ital,wght@0,400;0...
       |        ^
  2487 | :root {
  2488 |   --background: #F5F0E8;
  2489 |   --background-dark: #0D1B2A;

Import trace:
  Client Component Browser:
    ./src/app/globals.css [Client Component Browser]
    ./src/app/(public)/layout.tsx [Server Component] @ http://localhost:3000/_next/static/chunks/node_modules_next_dist_0u_w_5s._.js:1945
[   28107ms] [ERROR] ./src/app/globals.css:2486:8
Parsing CSS source code failed
  2484 |   }
  2485 | }
> 2486 | @import url('https://fonts.googleapis.com/css2?family=Playfair+Display:ital,wght@0,400;0...
       |        ^
  2487 | :root {
  2488 |   --background: #F5F0E8;
  2489 |   --background-dark: #0D1B2A;

@import rules must precede all rules aside from @charset and @layer statements

Generated code of PostCSS transform of file content of src/app/globals.css:
./src/app/globals.css:2486:8
  2484 |   }
  2485 | }
> 2486 | @import url('https://fonts.googleapis.com/css2?family=Playfair+Display:ital,wght@0,400;0...
       |        ^
  2487 | :root {
  2488 |   --background: #F5F0E8;
  2489 |   --background-dark: #0D1B2A;

Import trace:
  Client Component Browser:
    ./src/app/globals.css [Client Component Browser]
    ./src/app/(public)/layout.tsx [Server Component] @ http://localhost:3000/_next/static/chunks/node_modules_next_dist_0u_w_5s._.js:1945
[   28156ms] [ERROR] ./src/app/globals.css:2486:8
Parsing CSS source code failed
  2484 |   }
  2485 | }
> 2486 | @import url('https://fonts.googleapis.com/css2?family=Playfair+Display:ital,wght@0,400;0...
       |        ^
  2487 | :root {
  2488 |   --background: #F5F0E8;
  2489 |   --background-dark: #0D1B2A;

@import rules must precede all rules aside from @charset and @layer statements

Generated code of PostCSS transform of file content of src/app/globals.css:
./src/app/globals.css:2486:8
  2484 |   }
  2485 | }
> 2486 | @import url('https://fonts.googleapis.com/css2?family=Playfair+Display:ital,wght@0,400;0...
       |        ^
  2487 | :root {
  2488 |   --background: #F5F0E8;
  2489 |   --background-dark: #0D1B2A;

Import trace:
  Client Component Browser:
    ./src/app/globals.css [Client Component Browser]
    ./src/app/(public)/layout.tsx [Server Component] @ http://localhost:3000/_next/static/chunks/node_modules_next_dist_0u_w_5s._.js:1945
[   28205ms] [ERROR] ./src/app/globals.css:2486:8
Parsing CSS source code failed
  2484 |   }
  2485 | }
> 2486 | @import url('https://fonts.googleapis.com/css2?family=Playfair+Display:ital,wght@0,400;0...
       |        ^
  2487 | :root {
  2488 |   --background: #F5F0E8;
  2489 |   --background-dark: #0D1B2A;

@import rules must precede all rules aside from @charset and @layer statements

Generated code of PostCSS transform of file content of src/app/globals.css:
./src/app/globals.css:2486:8
  2484 |   }
  2485 | }
> 2486 | @import url('https://fonts.googleapis.com/css2?family=Playfair+Display:ital,wght@0,400;0...
       |        ^
  2487 | :root {
  2488 |   --background: #F5F0E8;
  2489 |   --background-dark: #0D1B2A;

Import trace:
  Client Component Browser:
    ./src/app/globals.css [Client Component Browser]
    ./src/app/(public)/layout.tsx [Server Component] @ http://localhost:3000/_next/static/chunks/node_modules_next_dist_0u_w_5s._.js:1945
[   28253ms] [ERROR] ./src/app/globals.css:2486:8
Parsing CSS source code failed
  2484 |   }
  2485 | }
> 2486 | @import url('https://fonts.googleapis.com/css2?family=Playfair+Display:ital,wght@0,400;0...
       |        ^
  2487 | :root {
  2488 |   --background: #F5F0E8;
  2489 |   --background-dark: #0D1B2A;

@import rules must precede all rules aside from @charset and @layer statements

Generated code of PostCSS transform of file content of src/app/globals.css:
./src/app/globals.css:2486:8
  2484 |   }
  2485 | }
> 2486 | @import url('https://fonts.googleapis.com/css2?family=Playfair+Display:ital,wght@0,400;0...
       |        ^
  2487 | :root {
  2488 |   --background: #F5F0E8;
  2489 |   --background-dark: #0D1B2A;

Import trace:
  Client Component Browser:
    ./src/app/globals.css [Client Component Browser]
    ./src/app/(public)/layout.tsx [Server Component] @ http://localhost:3000/_next/static/chunks/node_modules_next_dist_0u_w_5s._.js:1945
[   28303ms] [ERROR] ./src/app/globals.css:2486:8
Parsing CSS source code failed
  2484 |   }
  2485 | }
> 2486 | @import url('https://fonts.googleapis.com/css2?family=Playfair+Display:ital,wght@0,400;0...
       |        ^
  2487 | :root {
  2488 |   --background: #F5F0E8;
  2489 |   --background-dark: #0D1B2A;

@import rules must precede all rules aside from @charset and @layer statements

Generated code of PostCSS transform of file content of src/app/globals.css:
./src/app/globals.css:2486:8
  2484 |   }
  2485 | }
> 2486 | @import url('https://fonts.googleapis.com/css2?family=Playfair+Display:ital,wght@0,400;0...
       |        ^
  2487 | :root {
  2488 |   --background: #F5F0E8;
  2489 |   --background-dark: #0D1B2A;

Import trace:
  Client Component Browser:
    ./src/app/globals.css [Client Component Browser]
    ./src/app/(public)/layout.tsx [Server Component] @ http://localhost:3000/_next/static/chunks/node_modules_next_dist_0u_w_5s._.js:1945
[   28351ms] [ERROR] ./src/app/globals.css:2486:8
Parsing CSS source code failed
  2484 |   }
  2485 | }
> 2486 | @import url('https://fonts.googleapis.com/css2?family=Playfair+Display:ital,wght@0,400;0...
       |        ^
  2487 | :root {
  2488 |   --background: #F5F0E8;
  2489 |   --background-dark: #0D1B2A;

@import rules must precede all rules aside from @charset and @layer statements

Generated code of PostCSS transform of file content of src/app/globals.css:
./src/app/globals.css:2486:8
  2484 |   }
  2485 | }
> 2486 | @import url('https://fonts.googleapis.com/css2?family=Playfair+Display:ital,wght@0,400;0...
       |        ^
  2487 | :root {
  2488 |   --background: #F5F0E8;
  2489 |   --background-dark: #0D1B2A;

Import trace:
  Client Component Browser:
    ./src/app/globals.css [Client Component Browser]
    ./src/app/(public)/layout.tsx [Server Component] @ http://localhost:3000/_next/static/chunks/node_modules_next_dist_0u_w_5s._.js:1945
[   28407ms] [ERROR] ./src/app/globals.css:2486:8
Parsing CSS source code failed
  2484 |   }
  2485 | }
> 2486 | @import url('https://fonts.googleapis.com/css2?family=Playfair+Display:ital,wght@0,400;0...
       |        ^
  2487 | :root {
  2488 |   --background: #F5F0E8;
  2489 |   --background-dark: #0D1B2A;

@import rules must precede all rules aside from @charset and @layer statements

Generated code of PostCSS transform of file content of src/app/globals.css:
./src/app/globals.css:2486:8
  2484 |   }
  2485 | }
> 2486 | @import url('https://fonts.googleapis.com/css2?family=Playfair+Display:ital,wght@0,400;0...
       |        ^
  2487 | :root {
  2488 |   --background: #F5F0E8;
  2489 |   --background-dark: #0D1B2A;

Import trace:
  Client Component Browser:
    ./src/app/globals.css [Client Component Browser]
    ./src/app/(public)/layout.tsx [Server Component] @ http://localhost:3000/_next/static/chunks/node_modules_next_dist_0u_w_5s._.js:1945
[   28457ms] [ERROR] ./src/app/globals.css:2486:8
Parsing CSS source code failed
  2484 |   }
  2485 | }
> 2486 | @import url('https://fonts.googleapis.com/css2?family=Playfair+Display:ital,wght@0,400;0...
       |        ^
  2487 | :root {
  2488 |   --background: #F5F0E8;
  2489 |   --background-dark: #0D1B2A;

@import rules must precede all rules aside from @charset and @layer statements

Generated code of PostCSS transform of file content of src/app/globals.css:
./src/app/globals.css:2486:8
  2484 |   }
  2485 | }
> 2486 | @import url('https://fonts.googleapis.com/css2?family=Playfair+Display:ital,wght@0,400;0...
       |        ^
  2487 | :root {
  2488 |   --background: #F5F0E8;
  2489 |   --background-dark: #0D1B2A;

Import trace:
  Client Component Browser:
    ./src/app/globals.css [Client Component Browser]
    ./src/app/(public)/layout.tsx [Server Component] @ http://localhost:3000/_next/static/chunks/node_modules_next_dist_0u_w_5s._.js:1945
[   28507ms] [ERROR] ./src/app/globals.css:2486:8
Parsing CSS source code failed
  2484 |   }
  2485 | }
> 2486 | @import url('https://fonts.googleapis.com/css2?family=Playfair+Display:ital,wght@0,400;0...
       |        ^
  2487 | :root {
  2488 |   --background: #F5F0E8;
  2489 |   --background-dark: #0D1B2A;

@import rules must precede all rules aside from @charset and @layer statements

Generated code of PostCSS transform of file content of src/app/globals.css:
./src/app/globals.css:2486:8
  2484 |   }
  2485 | }
> 2486 | @import url('https://fonts.googleapis.com/css2?family=Playfair+Display:ital,wght@0,400;0...
       |        ^
  2487 | :root {
  2488 |   --background: #F5F0E8;
  2489 |   --background-dark: #0D1B2A;

Import trace:
  Client Component Browser:
    ./src/app/globals.css [Client Component Browser]
    ./src/app/(public)/layout.tsx [Server Component] @ http://localhost:3000/_next/static/chunks/node_modules_next_dist_0u_w_5s._.js:1945
[   28555ms] [ERROR] ./src/app/globals.css:2486:8
Parsing CSS source code failed
  2484 |   }
  2485 | }
> 2486 | @import url('https://fonts.googleapis.com/css2?family=Playfair+Display:ital,wght@0,400;0...
       |        ^
  2487 | :root {
  2488 |   --background: #F5F0E8;
  2489 |   --background-dark: #0D1B2A;

@import rules must precede all rules aside from @charset and @layer statements

Generated code of PostCSS transform of file content of src/app/globals.css:
./src/app/globals.css:2486:8
  2484 |   }
  2485 | }
> 2486 | @import url('https://fonts.googleapis.com/css2?family=Playfair+Display:ital,wght@0,400;0...
       |        ^
  2487 | :root {
  2488 |   --background: #F5F0E8;
  2489 |   --background-dark: #0D1B2A;

Import trace:
  Client Component Browser:
    ./src/app/globals.css [Client Component Browser]
    ./src/app/(public)/layout.tsx [Server Component] @ http://localhost:3000/_next/static/chunks/node_modules_next_dist_0u_w_5s._.js:1945
[   28605ms] [ERROR] ./src/app/globals.css:2486:8
Parsing CSS source code failed
  2484 |   }
  2485 | }
> 2486 | @import url('https://fonts.googleapis.com/css2?family=Playfair+Display:ital,wght@0,400;0...
       |        ^
  2487 | :root {
  2488 |   --background: #F5F0E8;
  2489 |   --background-dark: #0D1B2A;

@import rules must precede all rules aside from @charset and @layer statements

Generated code of PostCSS transform of file content of src/app/globals.css:
./src/app/globals.css:2486:8
  2484 |   }
  2485 | }
> 2486 | @import url('https://fonts.googleapis.com/css2?family=Playfair+Display:ital,wght@0,400;0...
       |        ^
  2487 | :root {
  2488 |   --background: #F5F0E8;
  2489 |   --background-dark: #0D1B2A;

Import trace:
  Client Component Browser:
    ./src/app/globals.css [Client Component Browser]
    ./src/app/(public)/layout.tsx [Server Component] @ http://localhost:3000/_next/static/chunks/node_modules_next_dist_0u_w_5s._.js:1945
[   28658ms] [ERROR] ./src/app/globals.css:2486:8
Parsing CSS source code failed
  2484 |   }
  2485 | }
> 2486 | @import url('https://fonts.googleapis.com/css2?family=Playfair+Display:ital,wght@0,400;0...
       |        ^
  2487 | :root {
  2488 |   --background: #F5F0E8;
  2489 |   --background-dark: #0D1B2A;

@import rules must precede all rules aside from @charset and @layer statements

Generated code of PostCSS transform of file content of src/app/globals.css:
./src/app/globals.css:2486:8
  2484 |   }
  2485 | }
> 2486 | @import url('https://fonts.googleapis.com/css2?family=Playfair+Display:ital,wght@0,400;0...
       |        ^
  2487 | :root {
  2488 |   --background: #F5F0E8;
  2489 |   --background-dark: #0D1B2A;

Import trace:
  Client Component Browser:
    ./src/app/globals.css [Client Component Browser]
    ./src/app/(public)/layout.tsx [Server Component] @ http://localhost:3000/_next/static/chunks/node_modules_next_dist_0u_w_5s._.js:1945
[   28707ms] [ERROR] ./src/app/globals.css:2486:8
Parsing CSS source code failed
  2484 |   }
  2485 | }
> 2486 | @import url('https://fonts.googleapis.com/css2?family=Playfair+Display:ital,wght@0,400;0...
       |        ^
  2487 | :root {
  2488 |   --background: #F5F0E8;
  2489 |   --background-dark: #0D1B2A;

@import rules must precede all rules aside from @charset and @layer statements

Generated code of PostCSS transform of file content of src/app/globals.css:
./src/app/globals.css:2486:8
  2484 |   }
  2485 | }
> 2486 | @import url('https://fonts.googleapis.com/css2?family=Playfair+Display:ital,wght@0,400;0...
       |        ^
  2487 | :root {
  2488 |   --background: #F5F0E8;
  2489 |   --background-dark: #0D1B2A;

Import trace:
  Client Component Browser:
    ./src/app/globals.css [Client Component Browser]
    ./src/app/(public)/layout.tsx [Server Component] @ http://localhost:3000/_next/static/chunks/node_modules_next_dist_0u_w_5s._.js:1945
[   28760ms] [ERROR] ./src/app/globals.css:2486:8
Parsing CSS source code failed
  2484 |   }
  2485 | }
> 2486 | @import url('https://fonts.googleapis.com/css2?family=Playfair+Display:ital,wght@0,400;0...
       |        ^
  2487 | :root {
  2488 |   --background: #F5F0E8;
  2489 |   --background-dark: #0D1B2A;

@import rules must precede all rules aside from @charset and @layer statements

Generated code of PostCSS transform of file content of src/app/globals.css:
./src/app/globals.css:2486:8
  2484 |   }
  2485 | }
> 2486 | @import url('https://fonts.googleapis.com/css2?family=Playfair+Display:ital,wght@0,400;0...
       |        ^
  2487 | :root {
  2488 |   --background: #F5F0E8;
  2489 |   --background-dark: #0D1B2A;

Import trace:
  Client Component Browser:
    ./src/app/globals.css [Client Component Browser]
    ./src/app/(public)/layout.tsx [Server Component] @ http://localhost:3000/_next/static/chunks/node_modules_next_dist_0u_w_5s._.js:1945
[   28810ms] [ERROR] ./src/app/globals.css:2486:8
Parsing CSS source code failed
  2484 |   }
  2485 | }
> 2486 | @import url('https://fonts.googleapis.com/css2?family=Playfair+Display:ital,wght@0,400;0...
       |        ^
  2487 | :root {
  2488 |   --background: #F5F0E8;
  2489 |   --background-dark: #0D1B2A;

@import rules must precede all rules aside from @charset and @layer statements

Generated code of PostCSS transform of file content of src/app/globals.css:
./src/app/globals.css:2486:8
  2484 |   }
  2485 | }
> 2486 | @import url('https://fonts.googleapis.com/css2?family=Playfair+Display:ital,wght@0,400;0...
       |        ^
  2487 | :root {
  2488 |   --background: #F5F0E8;
  2489 |   --background-dark: #0D1B2A;

Import trace:
  Client Component Browser:
    ./src/app/globals.css [Client Component Browser]
    ./src/app/(public)/layout.tsx [Server Component] @ http://localhost:3000/_next/static/chunks/node_modules_next_dist_0u_w_5s._.js:1945
[   28858ms] [ERROR] ./src/app/globals.css:2486:8
Parsing CSS source code failed
  2484 |   }
  2485 | }
> 2486 | @import url('https://fonts.googleapis.com/css2?family=Playfair+Display:ital,wght@0,400;0...
       |        ^
  2487 | :root {
  2488 |   --background: #F5F0E8;
  2489 |   --background-dark: #0D1B2A;

@import rules must precede all rules aside from @charset and @layer statements

Generated code of PostCSS transform of file content of src/app/globals.css:
./src/app/globals.css:2486:8
  2484 |   }
  2485 | }
> 2486 | @import url('https://fonts.googleapis.com/css2?family=Playfair+Display:ital,wght@0,400;0...
       |        ^
  2487 | :root {
  2488 |   --background: #F5F0E8;
  2489 |   --background-dark: #0D1B2A;

Import trace:
  Client Component Browser:
    ./src/app/globals.css [Client Component Browser]
    ./src/app/(public)/layout.tsx [Server Component] @ http://localhost:3000/_next/static/chunks/node_modules_next_dist_0u_w_5s._.js:1945
[   28907ms] [ERROR] ./src/app/globals.css:2486:8
Parsing CSS source code failed
  2484 |   }
  2485 | }
> 2486 | @import url('https://fonts.googleapis.com/css2?family=Playfair+Display:ital,wght@0,400;0...
       |        ^
  2487 | :root {
  2488 |   --background: #F5F0E8;
  2489 |   --background-dark: #0D1B2A;

@import rules must precede all rules aside from @charset and @layer statements

Generated code of PostCSS transform of file content of src/app/globals.css:
./src/app/globals.css:2486:8
  2484 |   }
  2485 | }
> 2486 | @import url('https://fonts.googleapis.com/css2?family=Playfair+Display:ital,wght@0,400;0...
       |        ^
  2487 | :root {
  2488 |   --background: #F5F0E8;
  2489 |   --background-dark: #0D1B2A;

Import trace:
  Client Component Browser:
    ./src/app/globals.css [Client Component Browser]
    ./src/app/(public)/layout.tsx [Server Component] @ http://localhost:3000/_next/static/chunks/node_modules_next_dist_0u_w_5s._.js:1945
[   28957ms] [ERROR] ./src/app/globals.css:2486:8
Parsing CSS source code failed
  2484 |   }
  2485 | }
> 2486 | @import url('https://fonts.googleapis.com/css2?family=Playfair+Display:ital,wght@0,400;0...
       |        ^
  2487 | :root {
  2488 |   --background: #F5F0E8;
  2489 |   --background-dark: #0D1B2A;

@import rules must precede all rules aside from @charset and @layer statements

Generated code of PostCSS transform of file content of src/app/globals.css:
./src/app/globals.css:2486:8
  2484 |   }
  2485 | }
> 2486 | @import url('https://fonts.googleapis.com/css2?family=Playfair+Display:ital,wght@0,400;0...
       |        ^
  2487 | :root {
  2488 |   --background: #F5F0E8;
  2489 |   --background-dark: #0D1B2A;

Import trace:
  Client Component Browser:
    ./src/app/globals.css [Client Component Browser]
    ./src/app/(public)/layout.tsx [Server Component] @ http://localhost:3000/_next/static/chunks/node_modules_next_dist_0u_w_5s._.js:1945
[   29007ms] [ERROR] ./src/app/globals.css:2486:8
Parsing CSS source code failed
  2484 |   }
  2485 | }
> 2486 | @import url('https://fonts.googleapis.com/css2?family=Playfair+Display:ital,wght@0,400;0...
       |        ^
  2487 | :root {
  2488 |   --background: #F5F0E8;
  2489 |   --background-dark: #0D1B2A;

@import rules must precede all rules aside from @charset and @layer statements

Generated code of PostCSS transform of file content of src/app/globals.css:
./src/app/globals.css:2486:8
  2484 |   }
  2485 | }
> 2486 | @import url('https://fonts.googleapis.com/css2?family=Playfair+Display:ital,wght@0,400;0...
       |        ^
  2487 | :root {
  2488 |   --background: #F5F0E8;
  2489 |   --background-dark: #0D1B2A;

Import trace:
  Client Component Browser:
    ./src/app/globals.css [Client Component Browser]
    ./src/app/(public)/layout.tsx [Server Component] @ http://localhost:3000/_next/static/chunks/node_modules_next_dist_0u_w_5s._.js:1945
[   29152ms] [LOG] [Fast Refresh] rebuilding @ http://localhost:3000/_next/static/chunks/node_modules_next_dist_0u_w_5s._.js:1226
[   29341ms] [ERROR] ./src/app/globals.css:2486:8
Parsing CSS source code failed
  2484 |   }
  2485 | }
> 2486 | @import url('https://fonts.googleapis.com/css2?family=Playfair+Display:ital,wght@0,400;0...
       |        ^
  2487 | :root {
  2488 |   --background: #F5F0E8;
  2489 |   --background-dark: #0D1B2A;

@import rules must precede all rules aside from @charset and @layer statements

Generated code of PostCSS transform of file content of src/app/globals.css:
./src/app/globals.css:2486:8
  2484 |   }
  2485 | }
> 2486 | @import url('https://fonts.googleapis.com/css2?family=Playfair+Display:ital,wght@0,400;0...
       |        ^
  2487 | :root {
  2488 |   --background: #F5F0E8;
  2489 |   --background-dark: #0D1B2A;

Import trace:
  Client Component Browser:
    ./src/app/globals.css [Client Component Browser]
    ./src/app/(public)/layout.tsx [Server Component] @ http://localhost:3000/_next/static/chunks/node_modules_next_dist_0u_w_5s._.js:1945
[   29394ms] [ERROR] ./src/app/globals.css:2486:8
Parsing CSS source code failed
  2484 |   }
  2485 | }
> 2486 | @import url('https://fonts.googleapis.com/css2?family=Playfair+Display:ital,wght@0,400;0...
       |        ^
  2487 | :root {
  2488 |   --background: #F5F0E8;
  2489 |   --background-dark: #0D1B2A;

@import rules must precede all rules aside from @charset and @layer statements

Generated code of PostCSS transform of file content of src/app/globals.css:
./src/app/globals.css:2486:8
  2484 |   }
  2485 | }
> 2486 | @import url('https://fonts.googleapis.com/css2?family=Playfair+Display:ital,wght@0,400;0...
       |        ^
  2487 | :root {
  2488 |   --background: #F5F0E8;
  2489 |   --background-dark: #0D1B2A;

Import trace:
  Client Component Browser:
    ./src/app/globals.css [Client Component Browser]
    ./src/app/(public)/layout.tsx [Server Component] @ http://localhost:3000/_next/static/chunks/node_modules_next_dist_0u_w_5s._.js:1945
[   29445ms] [ERROR] ./src/app/globals.css:2486:8
Parsing CSS source code failed
  2484 |   }
  2485 | }
> 2486 | @import url('https://fonts.googleapis.com/css2?family=Playfair+Display:ital,wght@0,400;0...
       |        ^
  2487 | :root {
  2488 |   --background: #F5F0E8;
  2489 |   --background-dark: #0D1B2A;

@import rules must precede all rules aside from @charset and @layer statements

Generated code of PostCSS transform of file content of src/app/globals.css:
./src/app/globals.css:2486:8
  2484 |   }
  2485 | }
> 2486 | @import url('https://fonts.googleapis.com/css2?family=Playfair+Display:ital,wght@0,400;0...
       |        ^
  2487 | :root {
  2488 |   --background: #F5F0E8;
  2489 |   --background-dark: #0D1B2A;

Import trace:
  Client Component Browser:
    ./src/app/globals.css [Client Component Browser]
    ./src/app/(public)/layout.tsx [Server Component] @ http://localhost:3000/_next/static/chunks/node_modules_next_dist_0u_w_5s._.js:1945
[   29495ms] [ERROR] ./src/app/globals.css:2486:8
Parsing CSS source code failed
  2484 |   }
  2485 | }
> 2486 | @import url('https://fonts.googleapis.com/css2?family=Playfair+Display:ital,wght@0,400;0...
       |        ^
  2487 | :root {
  2488 |   --background: #F5F0E8;
  2489 |   --background-dark: #0D1B2A;

@import rules must precede all rules aside from @charset and @layer statements

Generated code of PostCSS transform of file content of src/app/globals.css:
./src/app/globals.css:2486:8
  2484 |   }
  2485 | }
> 2486 | @import url('https://fonts.googleapis.com/css2?family=Playfair+Display:ital,wght@0,400;0...
       |        ^
  2487 | :root {
  2488 |   --background: #F5F0E8;
  2489 |   --background-dark: #0D1B2A;

Import trace:
  Client Component Browser:
    ./src/app/globals.css [Client Component Browser]
    ./src/app/(public)/layout.tsx [Server Component] @ http://localhost:3000/_next/static/chunks/node_modules_next_dist_0u_w_5s._.js:1945
[   29554ms] [ERROR] ./src/app/globals.css:2486:8
Parsing CSS source code failed
  2484 |   }
  2485 | }
> 2486 | @import url('https://fonts.googleapis.com/css2?family=Playfair+Display:ital,wght@0,400;0...
       |        ^
  2487 | :root {
  2488 |   --background: #F5F0E8;
  2489 |   --background-dark: #0D1B2A;

@import rules must precede all rules aside from @charset and @layer statements

Generated code of PostCSS transform of file content of src/app/globals.css:
./src/app/globals.css:2486:8
  2484 |   }
  2485 | }
> 2486 | @import url('https://fonts.googleapis.com/css2?family=Playfair+Display:ital,wght@0,400;0...
       |        ^
  2487 | :root {
  2488 |   --background: #F5F0E8;
  2489 |   --background-dark: #0D1B2A;

Import trace:
  Client Component Browser:
    ./src/app/globals.css [Client Component Browser]
    ./src/app/(public)/layout.tsx [Server Component] @ http://localhost:3000/_next/static/chunks/node_modules_next_dist_0u_w_5s._.js:1945
[   29604ms] [ERROR] ./src/app/globals.css:2486:8
Parsing CSS source code failed
  2484 |   }
  2485 | }
> 2486 | @import url('https://fonts.googleapis.com/css2?family=Playfair+Display:ital,wght@0,400;0...
       |        ^
  2487 | :root {
  2488 |   --background: #F5F0E8;
  2489 |   --background-dark: #0D1B2A;

@import rules must precede all rules aside from @charset and @layer statements

Generated code of PostCSS transform of file content of src/app/globals.css:
./src/app/globals.css:2486:8
  2484 |   }
  2485 | }
> 2486 | @import url('https://fonts.googleapis.com/css2?family=Playfair+Display:ital,wght@0,400;0...
       |        ^
  2487 | :root {
  2488 |   --background: #F5F0E8;
  2489 |   --background-dark: #0D1B2A;

Import trace:
  Client Component Browser:
    ./src/app/globals.css [Client Component Browser]
    ./src/app/(public)/layout.tsx [Server Component] @ http://localhost:3000/_next/static/chunks/node_modules_next_dist_0u_w_5s._.js:1945
[   29655ms] [ERROR] ./src/app/globals.css:2486:8
Parsing CSS source code failed
  2484 |   }
  2485 | }
> 2486 | @import url('https://fonts.googleapis.com/css2?family=Playfair+Display:ital,wght@0,400;0...
       |        ^
  2487 | :root {
  2488 |   --background: #F5F0E8;
  2489 |   --background-dark: #0D1B2A;

@import rules must precede all rules aside from @charset and @layer statements

Generated code of PostCSS transform of file content of src/app/globals.css:
./src/app/globals.css:2486:8
  2484 |   }
  2485 | }
> 2486 | @import url('https://fonts.googleapis.com/css2?family=Playfair+Display:ital,wght@0,400;0...
       |        ^
  2487 | :root {
  2488 |   --background: #F5F0E8;
  2489 |   --background-dark: #0D1B2A;

Import trace:
  Client Component Browser:
    ./src/app/globals.css [Client Component Browser]
    ./src/app/(public)/layout.tsx [Server Component] @ http://localhost:3000/_next/static/chunks/node_modules_next_dist_0u_w_5s._.js:1945
[   29705ms] [ERROR] ./src/app/globals.css:2486:8
Parsing CSS source code failed
  2484 |   }
  2485 | }
> 2486 | @import url('https://fonts.googleapis.com/css2?family=Playfair+Display:ital,wght@0,400;0...
       |        ^
  2487 | :root {
  2488 |   --background: #F5F0E8;
  2489 |   --background-dark: #0D1B2A;

@import rules must precede all rules aside from @charset and @layer statements

Generated code of PostCSS transform of file content of src/app/globals.css:
./src/app/globals.css:2486:8
  2484 |   }
  2485 | }
> 2486 | @import url('https://fonts.googleapis.com/css2?family=Playfair+Display:ital,wght@0,400;0...
       |        ^
  2487 | :root {
  2488 |   --background: #F5F0E8;
  2489 |   --background-dark: #0D1B2A;

Import trace:
  Client Component Browser:
    ./src/app/globals.css [Client Component Browser]
    ./src/app/(public)/layout.tsx [Server Component] @ http://localhost:3000/_next/static/chunks/node_modules_next_dist_0u_w_5s._.js:1945
[   29760ms] [ERROR] ./src/app/globals.css:2486:8
Parsing CSS source code failed
  2484 |   }
  2485 | }
> 2486 | @import url('https://fonts.googleapis.com/css2?family=Playfair+Display:ital,wght@0,400;0...
       |        ^
  2487 | :root {
  2488 |   --background: #F5F0E8;
  2489 |   --background-dark: #0D1B2A;

@import rules must precede all rules aside from @charset and @layer statements

Generated code of PostCSS transform of file content of src/app/globals.css:
./src/app/globals.css:2486:8
  2484 |   }
  2485 | }
> 2486 | @import url('https://fonts.googleapis.com/css2?family=Playfair+Display:ital,wght@0,400;0...
       |        ^
  2487 | :root {
  2488 |   --background: #F5F0E8;
  2489 |   --background-dark: #0D1B2A;

Import trace:
  Client Component Browser:
    ./src/app/globals.css [Client Component Browser]
    ./src/app/(public)/layout.tsx [Server Component] @ http://localhost:3000/_next/static/chunks/node_modules_next_dist_0u_w_5s._.js:1945
[   29809ms] [ERROR] ./src/app/globals.css:2486:8
Parsing CSS source code failed
  2484 |   }
  2485 | }
> 2486 | @import url('https://fonts.googleapis.com/css2?family=Playfair+Display:ital,wght@0,400;0...
       |        ^
  2487 | :root {
  2488 |   --background: #F5F0E8;
  2489 |   --background-dark: #0D1B2A;

@import rules must precede all rules aside from @charset and @layer statements

Generated code of PostCSS transform of file content of src/app/globals.css:
./src/app/globals.css:2486:8
  2484 |   }
  2485 | }
> 2486 | @import url('https://fonts.googleapis.com/css2?family=Playfair+Display:ital,wght@0,400;0...
       |        ^
  2487 | :root {
  2488 |   --background: #F5F0E8;
  2489 |   --background-dark: #0D1B2A;

Import trace:
  Client Component Browser:
    ./src/app/globals.css [Client Component Browser]
    ./src/app/(public)/layout.tsx [Server Component] @ http://localhost:3000/_next/static/chunks/node_modules_next_dist_0u_w_5s._.js:1945
[   29862ms] [ERROR] ./src/app/globals.css:2486:8
Parsing CSS source code failed
  2484 |   }
  2485 | }
> 2486 | @import url('https://fonts.googleapis.com/css2?family=Playfair+Display:ital,wght@0,400;0...
       |        ^
  2487 | :root {
  2488 |   --background: #F5F0E8;
  2489 |   --background-dark: #0D1B2A;

@import rules must precede all rules aside from @charset and @layer statements

Generated code of PostCSS transform of file content of src/app/globals.css:
./src/app/globals.css:2486:8
  2484 |   }
  2485 | }
> 2486 | @import url('https://fonts.googleapis.com/css2?family=Playfair+Display:ital,wght@0,400;0...
       |        ^
  2487 | :root {
  2488 |   --background: #F5F0E8;
  2489 |   --background-dark: #0D1B2A;

Import trace:
  Client Component Browser:
    ./src/app/globals.css [Client Component Browser]
    ./src/app/(public)/layout.tsx [Server Component] @ http://localhost:3000/_next/static/chunks/node_modules_next_dist_0u_w_5s._.js:1945
[   29913ms] [ERROR] ./src/app/globals.css:2486:8
Parsing CSS source code failed
  2484 |   }
  2485 | }
> 2486 | @import url('https://fonts.googleapis.com/css2?family=Playfair+Display:ital,wght@0,400;0...
       |        ^
  2487 | :root {
  2488 |   --background: #F5F0E8;
  2489 |   --background-dark: #0D1B2A;

@import rules must precede all rules aside from @charset and @layer statements

Generated code of PostCSS transform of file content of src/app/globals.css:
./src/app/globals.css:2486:8
  2484 |   }
  2485 | }
> 2486 | @import url('https://fonts.googleapis.com/css2?family=Playfair+Display:ital,wght@0,400;0...
       |        ^
  2487 | :root {
  2488 |   --background: #F5F0E8;
  2489 |   --background-dark: #0D1B2A;

Import trace:
  Client Component Browser:
    ./src/app/globals.css [Client Component Browser]
    ./src/app/(public)/layout.tsx [Server Component] @ http://localhost:3000/_next/static/chunks/node_modules_next_dist_0u_w_5s._.js:1945
[   29980ms] [ERROR] ./src/app/globals.css:2486:8
Parsing CSS source code failed
  2484 |   }
  2485 | }
> 2486 | @import url('https://fonts.googleapis.com/css2?family=Playfair+Display:ital,wght@0,400;0...
       |        ^
  2487 | :root {
  2488 |   --background: #F5F0E8;
  2489 |   --background-dark: #0D1B2A;

@import rules must precede all rules aside from @charset and @layer statements

Generated code of PostCSS transform of file content of src/app/globals.css:
./src/app/globals.css:2486:8
  2484 |   }
  2485 | }
> 2486 | @import url('https://fonts.googleapis.com/css2?family=Playfair+Display:ital,wght@0,400;0...
       |        ^
  2487 | :root {
  2488 |   --background: #F5F0E8;
  2489 |   --background-dark: #0D1B2A;

Import trace:
  Client Component Browser:
    ./src/app/globals.css [Client Component Browser]
    ./src/app/(public)/layout.tsx [Server Component] @ http://localhost:3000/_next/static/chunks/node_modules_next_dist_0u_w_5s._.js:1945
[   30037ms] [ERROR] ./src/app/globals.css:2486:8
Parsing CSS source code failed
  2484 |   }
  2485 | }
> 2486 | @import url('https://fonts.googleapis.com/css2?family=Playfair+Display:ital,wght@0,400;0...
       |        ^
  2487 | :root {
  2488 |   --background: #F5F0E8;
  2489 |   --background-dark: #0D1B2A;

@import rules must precede all rules aside from @charset and @layer statements

Generated code of PostCSS transform of file content of src/app/globals.css:
./src/app/globals.css:2486:8
  2484 |   }
  2485 | }
> 2486 | @import url('https://fonts.googleapis.com/css2?family=Playfair+Display:ital,wght@0,400;0...
       |        ^
  2487 | :root {
  2488 |   --background: #F5F0E8;
  2489 |   --background-dark: #0D1B2A;

Import trace:
  Client Component Browser:
    ./src/app/globals.css [Client Component Browser]
    ./src/app/(public)/layout.tsx [Server Component] @ http://localhost:3000/_next/static/chunks/node_modules_next_dist_0u_w_5s._.js:1945
[   30094ms] [ERROR] ./src/app/globals.css:2486:8
Parsing CSS source code failed
  2484 |   }
  2485 | }
> 2486 | @import url('https://fonts.googleapis.com/css2?family=Playfair+Display:ital,wght@0,400;0...
       |        ^
  2487 | :root {
  2488 |   --background: #F5F0E8;
  2489 |   --background-dark: #0D1B2A;

@import rules must precede all rules aside from @charset and @layer statements

Generated code of PostCSS transform of file content of src/app/globals.css:
./src/app/globals.css:2486:8
  2484 |   }
  2485 | }
> 2486 | @import url('https://fonts.googleapis.com/css2?family=Playfair+Display:ital,wght@0,400;0...
       |        ^
  2487 | :root {
  2488 |   --background: #F5F0E8;
  2489 |   --background-dark: #0D1B2A;

Import trace:
  Client Component Browser:
    ./src/app/globals.css [Client Component Browser]
    ./src/app/(public)/layout.tsx [Server Component] @ http://localhost:3000/_next/static/chunks/node_modules_next_dist_0u_w_5s._.js:1945
[   30145ms] [ERROR] ./src/app/globals.css:2486:8
Parsing CSS source code failed
  2484 |   }
  2485 | }
> 2486 | @import url('https://fonts.googleapis.com/css2?family=Playfair+Display:ital,wght@0,400;0...
       |        ^
  2487 | :root {
  2488 |   --background: #F5F0E8;
  2489 |   --background-dark: #0D1B2A;

@import rules must precede all rules aside from @charset and @layer statements

Generated code of PostCSS transform of file content of src/app/globals.css:
./src/app/globals.css:2486:8
  2484 |   }
  2485 | }
> 2486 | @import url('https://fonts.googleapis.com/css2?family=Playfair+Display:ital,wght@0,400;0...
       |        ^
  2487 | :root {
  2488 |   --background: #F5F0E8;
  2489 |   --background-dark: #0D1B2A;

Import trace:
  Client Component Browser:
    ./src/app/globals.css [Client Component Browser]
    ./src/app/(public)/layout.tsx [Server Component] @ http://localhost:3000/_next/static/chunks/node_modules_next_dist_0u_w_5s._.js:1945
[   30193ms] [ERROR] ./src/app/globals.css:2486:8
Parsing CSS source code failed
  2484 |   }
  2485 | }
> 2486 | @import url('https://fonts.googleapis.com/css2?family=Playfair+Display:ital,wght@0,400;0...
       |        ^
  2487 | :root {
  2488 |   --background: #F5F0E8;
  2489 |   --background-dark: #0D1B2A;

@import rules must precede all rules aside from @charset and @layer statements

Generated code of PostCSS transform of file content of src/app/globals.css:
./src/app/globals.css:2486:8
  2484 |   }
  2485 | }
> 2486 | @import url('https://fonts.googleapis.com/css2?family=Playfair+Display:ital,wght@0,400;0...
       |        ^
  2487 | :root {
  2488 |   --background: #F5F0E8;
  2489 |   --background-dark: #0D1B2A;

Import trace:
  Client Component Browser:
    ./src/app/globals.css [Client Component Browser]
    ./src/app/(public)/layout.tsx [Server Component] @ http://localhost:3000/_next/static/chunks/node_modules_next_dist_0u_w_5s._.js:1945
[   30246ms] [ERROR] ./src/app/globals.css:2486:8
Parsing CSS source code failed
  2484 |   }
  2485 | }
> 2486 | @import url('https://fonts.googleapis.com/css2?family=Playfair+Display:ital,wght@0,400;0...
       |        ^
  2487 | :root {
  2488 |   --background: #F5F0E8;
  2489 |   --background-dark: #0D1B2A;

@import rules must precede all rules aside from @charset and @layer statements

Generated code of PostCSS transform of file content of src/app/globals.css:
./src/app/globals.css:2486:8
  2484 |   }
  2485 | }
> 2486 | @import url('https://fonts.googleapis.com/css2?family=Playfair+Display:ital,wght@0,400;0...
       |        ^
  2487 | :root {
  2488 |   --background: #F5F0E8;
  2489 |   --background-dark: #0D1B2A;

Import trace:
  Client Component Browser:
    ./src/app/globals.css [Client Component Browser]
    ./src/app/(public)/layout.tsx [Server Component] @ http://localhost:3000/_next/static/chunks/node_modules_next_dist_0u_w_5s._.js:1945
[   30294ms] [ERROR] ./src/app/globals.css:2486:8
Parsing CSS source code failed
  2484 |   }
  2485 | }
> 2486 | @import url('https://fonts.googleapis.com/css2?family=Playfair+Display:ital,wght@0,400;0...
       |        ^
  2487 | :root {
  2488 |   --background: #F5F0E8;
  2489 |   --background-dark: #0D1B2A;

@import rules must precede all rules aside from @charset and @layer statements

Generated code of PostCSS transform of file content of src/app/globals.css:
./src/app/globals.css:2486:8
  2484 |   }
  2485 | }
> 2486 | @import url('https://fonts.googleapis.com/css2?family=Playfair+Display:ital,wght@0,400;0...
       |        ^
  2487 | :root {
  2488 |   --background: #F5F0E8;
  2489 |   --background-dark: #0D1B2A;

Import trace:
  Client Component Browser:
    ./src/app/globals.css [Client Component Browser]
    ./src/app/(public)/layout.tsx [Server Component] @ http://localhost:3000/_next/static/chunks/node_modules_next_dist_0u_w_5s._.js:1945
[   30352ms] [ERROR] ./src/app/globals.css:2486:8
Parsing CSS source code failed
  2484 |   }
  2485 | }
> 2486 | @import url('https://fonts.googleapis.com/css2?family=Playfair+Display:ital,wght@0,400;0...
       |        ^
  2487 | :root {
  2488 |   --background: #F5F0E8;
  2489 |   --background-dark: #0D1B2A;

@import rules must precede all rules aside from @charset and @layer statements

Generated code of PostCSS transform of file content of src/app/globals.css:
./src/app/globals.css:2486:8
  2484 |   }
  2485 | }
> 2486 | @import url('https://fonts.googleapis.com/css2?family=Playfair+Display:ital,wght@0,400;0...
       |        ^
  2487 | :root {
  2488 |   --background: #F5F0E8;
  2489 |   --background-dark: #0D1B2A;

Import trace:
  Client Component Browser:
    ./src/app/globals.css [Client Component Browser]
    ./src/app/(public)/layout.tsx [Server Component] @ http://localhost:3000/_next/static/chunks/node_modules_next_dist_0u_w_5s._.js:1945
[   30403ms] [ERROR] ./src/app/globals.css:2486:8
Parsing CSS source code failed
  2484 |   }
  2485 | }
> 2486 | @import url('https://fonts.googleapis.com/css2?family=Playfair+Display:ital,wght@0,400;0...
       |        ^
  2487 | :root {
  2488 |   --background: #F5F0E8;
  2489 |   --background-dark: #0D1B2A;

@import rules must precede all rules aside from @charset and @layer statements

Generated code of PostCSS transform of file content of src/app/globals.css:
./src/app/globals.css:2486:8
  2484 |   }
  2485 | }
> 2486 | @import url('https://fonts.googleapis.com/css2?family=Playfair+Display:ital,wght@0,400;0...
       |        ^
  2487 | :root {
  2488 |   --background: #F5F0E8;
  2489 |   --background-dark: #0D1B2A;

Import trace:
  Client Component Browser:
    ./src/app/globals.css [Client Component Browser]
    ./src/app/(public)/layout.tsx [Server Component] @ http://localhost:3000/_next/static/chunks/node_modules_next_dist_0u_w_5s._.js:1945
[   30454ms] [ERROR] ./src/app/globals.css:2486:8
Parsing CSS source code failed
  2484 |   }
  2485 | }
> 2486 | @import url('https://fonts.googleapis.com/css2?family=Playfair+Display:ital,wght@0,400;0...
       |        ^
  2487 | :root {
  2488 |   --background: #F5F0E8;
  2489 |   --background-dark: #0D1B2A;

@import rules must precede all rules aside from @charset and @layer statements

Generated code of PostCSS transform of file content of src/app/globals.css:
./src/app/globals.css:2486:8
  2484 |   }
  2485 | }
> 2486 | @import url('https://fonts.googleapis.com/css2?family=Playfair+Display:ital,wght@0,400;0...
       |        ^
  2487 | :root {
  2488 |   --background: #F5F0E8;
  2489 |   --background-dark: #0D1B2A;

Import trace:
  Client Component Browser:
    ./src/app/globals.css [Client Component Browser]
    ./src/app/(public)/layout.tsx [Server Component] @ http://localhost:3000/_next/static/chunks/node_modules_next_dist_0u_w_5s._.js:1945
[   30507ms] [ERROR] ./src/app/globals.css:2486:8
Parsing CSS source code failed
  2484 |   }
  2485 | }
> 2486 | @import url('https://fonts.googleapis.com/css2?family=Playfair+Display:ital,wght@0,400;0...
       |        ^
  2487 | :root {
  2488 |   --background: #F5F0E8;
  2489 |   --background-dark: #0D1B2A;

@import rules must precede all rules aside from @charset and @layer statements

Generated code of PostCSS transform of file content of src/app/globals.css:
./src/app/globals.css:2486:8
  2484 |   }
  2485 | }
> 2486 | @import url('https://fonts.googleapis.com/css2?family=Playfair+Display:ital,wght@0,400;0...
       |        ^
  2487 | :root {
  2488 |   --background: #F5F0E8;
  2489 |   --background-dark: #0D1B2A;

Import trace:
  Client Component Browser:
    ./src/app/globals.css [Client Component Browser]
    ./src/app/(public)/layout.tsx [Server Component] @ http://localhost:3000/_next/static/chunks/node_modules_next_dist_0u_w_5s._.js:1945
[   30559ms] [ERROR] ./src/app/globals.css:2486:8
Parsing CSS source code failed
  2484 |   }
  2485 | }
> 2486 | @import url('https://fonts.googleapis.com/css2?family=Playfair+Display:ital,wght@0,400;0...
       |        ^
  2487 | :root {
  2488 |   --background: #F5F0E8;
  2489 |   --background-dark: #0D1B2A;

@import rules must precede all rules aside from @charset and @layer statements

Generated code of PostCSS transform of file content of src/app/globals.css:
./src/app/globals.css:2486:8
  2484 |   }
  2485 | }
> 2486 | @import url('https://fonts.googleapis.com/css2?family=Playfair+Display:ital,wght@0,400;0...
       |        ^
  2487 | :root {
  2488 |   --background: #F5F0E8;
  2489 |   --background-dark: #0D1B2A;

Import trace:
  Client Component Browser:
    ./src/app/globals.css [Client Component Browser]
    ./src/app/(public)/layout.tsx [Server Component] @ http://localhost:3000/_next/static/chunks/node_modules_next_dist_0u_w_5s._.js:1945
[   30610ms] [ERROR] ./src/app/globals.css:2486:8
Parsing CSS source code failed
  2484 |   }
  2485 | }
> 2486 | @import url('https://fonts.googleapis.com/css2?family=Playfair+Display:ital,wght@0,400;0...
       |        ^
  2487 | :root {
  2488 |   --background: #F5F0E8;
  2489 |   --background-dark: #0D1B2A;

@import rules must precede all rules aside from @charset and @layer statements

Generated code of PostCSS transform of file content of src/app/globals.css:
./src/app/globals.css:2486:8
  2484 |   }
  2485 | }
> 2486 | @import url('https://fonts.googleapis.com/css2?family=Playfair+Display:ital,wght@0,400;0...
       |        ^
  2487 | :root {
  2488 |   --background: #F5F0E8;
  2489 |   --background-dark: #0D1B2A;

Import trace:
  Client Component Browser:
    ./src/app/globals.css [Client Component Browser]
    ./src/app/(public)/layout.tsx [Server Component] @ http://localhost:3000/_next/static/chunks/node_modules_next_dist_0u_w_5s._.js:1945
[   30659ms] [ERROR] ./src/app/globals.css:2486:8
Parsing CSS source code failed
  2484 |   }
  2485 | }
> 2486 | @import url('https://fonts.googleapis.com/css2?family=Playfair+Display:ital,wght@0,400;0...
       |        ^
  2487 | :root {
  2488 |   --background: #F5F0E8;
  2489 |   --background-dark: #0D1B2A;

@import rules must precede all rules aside from @charset and @layer statements

Generated code of PostCSS transform of file content of src/app/globals.css:
./src/app/globals.css:2486:8
  2484 |   }
  2485 | }
> 2486 | @import url('https://fonts.googleapis.com/css2?family=Playfair+Display:ital,wght@0,400;0...
       |        ^
  2487 | :root {
  2488 |   --background: #F5F0E8;
  2489 |   --background-dark: #0D1B2A;

Import trace:
  Client Component Browser:
    ./src/app/globals.css [Client Component Browser]
    ./src/app/(public)/layout.tsx [Server Component] @ http://localhost:3000/_next/static/chunks/node_modules_next_dist_0u_w_5s._.js:1945
[   30710ms] [ERROR] ./src/app/globals.css:2486:8
Parsing CSS source code failed
  2484 |   }
  2485 | }
> 2486 | @import url('https://fonts.googleapis.com/css2?family=Playfair+Display:ital,wght@0,400;0...
       |        ^
  2487 | :root {
  2488 |   --background: #F5F0E8;
  2489 |   --background-dark: #0D1B2A;

@import rules must precede all rules aside from @charset and @layer statements

Generated code of PostCSS transform of file content of src/app/globals.css:
./src/app/globals.css:2486:8
  2484 |   }
  2485 | }
> 2486 | @import url('https://fonts.googleapis.com/css2?family=Playfair+Display:ital,wght@0,400;0...
       |        ^
  2487 | :root {
  2488 |   --background: #F5F0E8;
  2489 |   --background-dark: #0D1B2A;

Import trace:
  Client Component Browser:
    ./src/app/globals.css [Client Component Browser]
    ./src/app/(public)/layout.tsx [Server Component] @ http://localhost:3000/_next/static/chunks/node_modules_next_dist_0u_w_5s._.js:1945
[   30761ms] [ERROR] ./src/app/globals.css:2486:8
Parsing CSS source code failed
  2484 |   }
  2485 | }
> 2486 | @import url('https://fonts.googleapis.com/css2?family=Playfair+Display:ital,wght@0,400;0...
       |        ^
  2487 | :root {
  2488 |   --background: #F5F0E8;
  2489 |   --background-dark: #0D1B2A;

@import rules must precede all rules aside from @charset and @layer statements

Generated code of PostCSS transform of file content of src/app/globals.css:
./src/app/globals.css:2486:8
  2484 |   }
  2485 | }
> 2486 | @import url('https://fonts.googleapis.com/css2?family=Playfair+Display:ital,wght@0,400;0...
       |        ^
  2487 | :root {
  2488 |   --background: #F5F0E8;
  2489 |   --background-dark: #0D1B2A;

Import trace:
  Client Component Browser:
    ./src/app/globals.css [Client Component Browser]
    ./src/app/(public)/layout.tsx [Server Component] @ http://localhost:3000/_next/static/chunks/node_modules_next_dist_0u_w_5s._.js:1945
[   30813ms] [ERROR] ./src/app/globals.css:2486:8
Parsing CSS source code failed
  2484 |   }
  2485 | }
> 2486 | @import url('https://fonts.googleapis.com/css2?family=Playfair+Display:ital,wght@0,400;0...
       |        ^
  2487 | :root {
  2488 |   --background: #F5F0E8;
  2489 |   --background-dark: #0D1B2A;

@import rules must precede all rules aside from @charset and @layer statements

Generated code of PostCSS transform of file content of src/app/globals.css:
./src/app/globals.css:2486:8
  2484 |   }
  2485 | }
> 2486 | @import url('https://fonts.googleapis.com/css2?family=Playfair+Display:ital,wght@0,400;0...
       |        ^
  2487 | :root {
  2488 |   --background: #F5F0E8;
  2489 |   --background-dark: #0D1B2A;

Import trace:
  Client Component Browser:
    ./src/app/globals.css [Client Component Browser]
    ./src/app/(public)/layout.tsx [Server Component] @ http://localhost:3000/_next/static/chunks/node_modules_next_dist_0u_w_5s._.js:1945
[   30870ms] [ERROR] ./src/app/globals.css:2486:8
Parsing CSS source code failed
  2484 |   }
  2485 | }
> 2486 | @import url('https://fonts.googleapis.com/css2?family=Playfair+Display:ital,wght@0,400;0...
       |        ^
  2487 | :root {
  2488 |   --background: #F5F0E8;
  2489 |   --background-dark: #0D1B2A;

@import rules must precede all rules aside from @charset and @layer statements

Generated code of PostCSS transform of file content of src/app/globals.css:
./src/app/globals.css:2486:8
  2484 |   }
  2485 | }
> 2486 | @import url('https://fonts.googleapis.com/css2?family=Playfair+Display:ital,wght@0,400;0...
       |        ^
  2487 | :root {
  2488 |   --background: #F5F0E8;
  2489 |   --background-dark: #0D1B2A;

Import trace:
  Client Component Browser:
    ./src/app/globals.css [Client Component Browser]
    ./src/app/(public)/layout.tsx [Server Component] @ http://localhost:3000/_next/static/chunks/node_modules_next_dist_0u_w_5s._.js:1945
[   30921ms] [ERROR] ./src/app/globals.css:2486:8
Parsing CSS source code failed
  2484 |   }
  2485 | }
> 2486 | @import url('https://fonts.googleapis.com/css2?family=Playfair+Display:ital,wght@0,400;0...
       |        ^
  2487 | :root {
  2488 |   --background: #F5F0E8;
  2489 |   --background-dark: #0D1B2A;

@import rules must precede all rules aside from @charset and @layer statements

Generated code of PostCSS transform of file content of src/app/globals.css:
./src/app/globals.css:2486:8
  2484 |   }
  2485 | }
> 2486 | @import url('https://fonts.googleapis.com/css2?family=Playfair+Display:ital,wght@0,400;0...
       |        ^
  2487 | :root {
  2488 |   --background: #F5F0E8;
  2489 |   --background-dark: #0D1B2A;

Import trace:
  Client Component Browser:
    ./src/app/globals.css [Client Component Browser]
    ./src/app/(public)/layout.tsx [Server Component] @ http://localhost:3000/_next/static/chunks/node_modules_next_dist_0u_w_5s._.js:1945
[   30971ms] [ERROR] ./src/app/globals.css:2486:8
Parsing CSS source code failed
  2484 |   }
  2485 | }
> 2486 | @import url('https://fonts.googleapis.com/css2?family=Playfair+Display:ital,wght@0,400;0...
       |        ^
  2487 | :root {
  2488 |   --background: #F5F0E8;
  2489 |   --background-dark: #0D1B2A;

@import rules must precede all rules aside from @charset and @layer statements

Generated code of PostCSS transform of file content of src/app/globals.css:
./src/app/globals.css:2486:8
  2484 |   }
  2485 | }
> 2486 | @import url('https://fonts.googleapis.com/css2?family=Playfair+Display:ital,wght@0,400;0...
       |        ^
  2487 | :root {
  2488 |   --background: #F5F0E8;
  2489 |   --background-dark: #0D1B2A;

Import trace:
  Client Component Browser:
    ./src/app/globals.css [Client Component Browser]
    ./src/app/(public)/layout.tsx [Server Component] @ http://localhost:3000/_next/static/chunks/node_modules_next_dist_0u_w_5s._.js:1945
[   31022ms] [ERROR] ./src/app/globals.css:2486:8
Parsing CSS source code failed
  2484 |   }
  2485 | }
> 2486 | @import url('https://fonts.googleapis.com/css2?family=Playfair+Display:ital,wght@0,400;0...
       |        ^
  2487 | :root {
  2488 |   --background: #F5F0E8;
  2489 |   --background-dark: #0D1B2A;

@import rules must precede all rules aside from @charset and @layer statements

Generated code of PostCSS transform of file content of src/app/globals.css:
./src/app/globals.css:2486:8
  2484 |   }
  2485 | }
> 2486 | @import url('https://fonts.googleapis.com/css2?family=Playfair+Display:ital,wght@0,400;0...
       |        ^
  2487 | :root {
  2488 |   --background: #F5F0E8;
  2489 |   --background-dark: #0D1B2A;

Import trace:
  Client Component Browser:
    ./src/app/globals.css [Client Component Browser]
    ./src/app/(public)/layout.tsx [Server Component] @ http://localhost:3000/_next/static/chunks/node_modules_next_dist_0u_w_5s._.js:1945
[   31076ms] [ERROR] ./src/app/globals.css:2486:8
Parsing CSS source code failed
  2484 |   }
  2485 | }
> 2486 | @import url('https://fonts.googleapis.com/css2?family=Playfair+Display:ital,wght@0,400;0...
       |        ^
  2487 | :root {
  2488 |   --background: #F5F0E8;
  2489 |   --background-dark: #0D1B2A;

@import rules must precede all rules aside from @charset and @layer statements

Generated code of PostCSS transform of file content of src/app/globals.css:
./src/app/globals.css:2486:8
  2484 |   }
  2485 | }
> 2486 | @import url('https://fonts.googleapis.com/css2?family=Playfair+Display:ital,wght@0,400;0...
       |        ^
  2487 | :root {
  2488 |   --background: #F5F0E8;
  2489 |   --background-dark: #0D1B2A;

Import trace:
  Client Component Browser:
    ./src/app/globals.css [Client Component Browser]
    ./src/app/(public)/layout.tsx [Server Component] @ http://localhost:3000/_next/static/chunks/node_modules_next_dist_0u_w_5s._.js:1945
[   31168ms] [ERROR] ./src/app/globals.css:2486:8
Parsing CSS source code failed
  2484 |   }
  2485 | }
> 2486 | @import url('https://fonts.googleapis.com/css2?family=Playfair+Display:ital,wght@0,400;0...
       |        ^
  2487 | :root {
  2488 |   --background: #F5F0E8;
  2489 |   --background-dark: #0D1B2A;

@import rules must precede all rules aside from @charset and @layer statements

Generated code of PostCSS transform of file content of src/app/globals.css:
./src/app/globals.css:2486:8
  2484 |   }
  2485 | }
> 2486 | @import url('https://fonts.googleapis.com/css2?family=Playfair+Display:ital,wght@0,400;0...
       |        ^
  2487 | :root {
  2488 |   --background: #F5F0E8;
  2489 |   --background-dark: #0D1B2A;

Import trace:
  Client Component Browser:
    ./src/app/globals.css [Client Component Browser]
    ./src/app/(public)/layout.tsx [Server Component] @ http://localhost:3000/_next/static/chunks/node_modules_next_dist_0u_w_5s._.js:1945
[   31223ms] [ERROR] ./src/app/globals.css:2486:8
Parsing CSS source code failed
  2484 |   }
  2485 | }
> 2486 | @import url('https://fonts.googleapis.com/css2?family=Playfair+Display:ital,wght@0,400;0...
       |        ^
  2487 | :root {
  2488 |   --background: #F5F0E8;
  2489 |   --background-dark: #0D1B2A;

@import rules must precede all rules aside from @charset and @layer statements

Generated code of PostCSS transform of file content of src/app/globals.css:
./src/app/globals.css:2486:8
  2484 |   }
  2485 | }
> 2486 | @import url('https://fonts.googleapis.com/css2?family=Playfair+Display:ital,wght@0,400;0...
       |        ^
  2487 | :root {
  2488 |   --background: #F5F0E8;
  2489 |   --background-dark: #0D1B2A;

Import trace:
  Client Component Browser:
    ./src/app/globals.css [Client Component Browser]
    ./src/app/(public)/layout.tsx [Server Component] @ http://localhost:3000/_next/static/chunks/node_modules_next_dist_0u_w_5s._.js:1945
[   31295ms] [ERROR] ./src/app/globals.css:2486:8
Parsing CSS source code failed
  2484 |   }
  2485 | }
> 2486 | @import url('https://fonts.googleapis.com/css2?family=Playfair+Display:ital,wght@0,400;0...
       |        ^
  2487 | :root {
  2488 |   --background: #F5F0E8;
  2489 |   --background-dark: #0D1B2A;

@import rules must precede all rules aside from @charset and @layer statements

Generated code of PostCSS transform of file content of src/app/globals.css:
./src/app/globals.css:2486:8
  2484 |   }
  2485 | }
> 2486 | @import url('https://fonts.googleapis.com/css2?family=Playfair+Display:ital,wght@0,400;0...
       |        ^
  2487 | :root {
  2488 |   --background: #F5F0E8;
  2489 |   --background-dark: #0D1B2A;

Import trace:
  Client Component Browser:
    ./src/app/globals.css [Client Component Browser]
    ./src/app/(public)/layout.tsx [Server Component] @ http://localhost:3000/_next/static/chunks/node_modules_next_dist_0u_w_5s._.js:1945
[   31344ms] [ERROR] ./src/app/globals.css:2486:8
Parsing CSS source code failed
  2484 |   }
  2485 | }
> 2486 | @import url('https://fonts.googleapis.com/css2?family=Playfair+Display:ital,wght@0,400;0...
       |        ^
  2487 | :root {
  2488 |   --background: #F5F0E8;
  2489 |   --background-dark: #0D1B2A;

@import rules must precede all rules aside from @charset and @layer statements

Generated code of PostCSS transform of file content of src/app/globals.css:
./src/app/globals.css:2486:8
  2484 |   }
  2485 | }
> 2486 | @import url('https://fonts.googleapis.com/css2?family=Playfair+Display:ital,wght@0,400;0...
       |        ^
  2487 | :root {
  2488 |   --background: #F5F0E8;
  2489 |   --background-dark: #0D1B2A;

Import trace:
  Client Component Browser:
    ./src/app/globals.css [Client Component Browser]
    ./src/app/(public)/layout.tsx [Server Component] @ http://localhost:3000/_next/static/chunks/node_modules_next_dist_0u_w_5s._.js:1945
[   31393ms] [ERROR] ./src/app/globals.css:2486:8
Parsing CSS source code failed
  2484 |   }
  2485 | }
> 2486 | @import url('https://fonts.googleapis.com/css2?family=Playfair+Display:ital,wght@0,400;0...
       |        ^
  2487 | :root {
  2488 |   --background: #F5F0E8;
  2489 |   --background-dark: #0D1B2A;

@import rules must precede all rules aside from @charset and @layer statements

Generated code of PostCSS transform of file content of src/app/globals.css:
./src/app/globals.css:2486:8
  2484 |   }
  2485 | }
> 2486 | @import url('https://fonts.googleapis.com/css2?family=Playfair+Display:ital,wght@0,400;0...
       |        ^
  2487 | :root {
  2488 |   --background: #F5F0E8;
  2489 |   --background-dark: #0D1B2A;

Import trace:
  Client Component Browser:
    ./src/app/globals.css [Client Component Browser]
    ./src/app/(public)/layout.tsx [Server Component] @ http://localhost:3000/_next/static/chunks/node_modules_next_dist_0u_w_5s._.js:1945
[   31444ms] [ERROR] ./src/app/globals.css:2486:8
Parsing CSS source code failed
  2484 |   }
  2485 | }
> 2486 | @import url('https://fonts.googleapis.com/css2?family=Playfair+Display:ital,wght@0,400;0...
       |        ^
  2487 | :root {
  2488 |   --background: #F5F0E8;
  2489 |   --background-dark: #0D1B2A;

@import rules must precede all rules aside from @charset and @layer statements

Generated code of PostCSS transform of file content of src/app/globals.css:
./src/app/globals.css:2486:8
  2484 |   }
  2485 | }
> 2486 | @import url('https://fonts.googleapis.com/css2?family=Playfair+Display:ital,wght@0,400;0...
       |        ^
  2487 | :root {
  2488 |   --background: #F5F0E8;
  2489 |   --background-dark: #0D1B2A;

Import trace:
  Client Component Browser:
    ./src/app/globals.css [Client Component Browser]
    ./src/app/(public)/layout.tsx [Server Component] @ http://localhost:3000/_next/static/chunks/node_modules_next_dist_0u_w_5s._.js:1945
[   31494ms] [ERROR] ./src/app/globals.css:2486:8
Parsing CSS source code failed
  2484 |   }
  2485 | }
> 2486 | @import url('https://fonts.googleapis.com/css2?family=Playfair+Display:ital,wght@0,400;0...
       |        ^
  2487 | :root {
  2488 |   --background: #F5F0E8;
  2489 |   --background-dark: #0D1B2A;

@import rules must precede all rules aside from @charset and @layer statements

Generated code of PostCSS transform of file content of src/app/globals.css:
./src/app/globals.css:2486:8
  2484 |   }
  2485 | }
> 2486 | @import url('https://fonts.googleapis.com/css2?family=Playfair+Display:ital,wght@0,400;0...
       |        ^
  2487 | :root {
  2488 |   --background: #F5F0E8;
  2489 |   --background-dark: #0D1B2A;

Import trace:
  Client Component Browser:
    ./src/app/globals.css [Client Component Browser]
    ./src/app/(public)/layout.tsx [Server Component] @ http://localhost:3000/_next/static/chunks/node_modules_next_dist_0u_w_5s._.js:1945
[   31551ms] [ERROR] ./src/app/globals.css:2486:8
Parsing CSS source code failed
  2484 |   }
  2485 | }
> 2486 | @import url('https://fonts.googleapis.com/css2?family=Playfair+Display:ital,wght@0,400;0...
       |        ^
  2487 | :root {
  2488 |   --background: #F5F0E8;
  2489 |   --background-dark: #0D1B2A;

@import rules must precede all rules aside from @charset and @layer statements

Generated code of PostCSS transform of file content of src/app/globals.css:
./src/app/globals.css:2486:8
  2484 |   }
  2485 | }
> 2486 | @import url('https://fonts.googleapis.com/css2?family=Playfair+Display:ital,wght@0,400;0...
       |        ^
  2487 | :root {
  2488 |   --background: #F5F0E8;
  2489 |   --background-dark: #0D1B2A;

Import trace:
  Client Component Browser:
    ./src/app/globals.css [Client Component Browser]
    ./src/app/(public)/layout.tsx [Server Component] @ http://localhost:3000/_next/static/chunks/node_modules_next_dist_0u_w_5s._.js:1945
[   31606ms] [ERROR] ./src/app/globals.css:2486:8
Parsing CSS source code failed
  2484 |   }
  2485 | }
> 2486 | @import url('https://fonts.googleapis.com/css2?family=Playfair+Display:ital,wght@0,400;0...
       |        ^
  2487 | :root {
  2488 |   --background: #F5F0E8;
  2489 |   --background-dark: #0D1B2A;

@import rules must precede all rules aside from @charset and @layer statements

Generated code of PostCSS transform of file content of src/app/globals.css:
./src/app/globals.css:2486:8
  2484 |   }
  2485 | }
> 2486 | @import url('https://fonts.googleapis.com/css2?family=Playfair+Display:ital,wght@0,400;0...
       |        ^
  2487 | :root {
  2488 |   --background: #F5F0E8;
  2489 |   --background-dark: #0D1B2A;

Import trace:
  Client Component Browser:
    ./src/app/globals.css [Client Component Browser]
    ./src/app/(public)/layout.tsx [Server Component] @ http://localhost:3000/_next/static/chunks/node_modules_next_dist_0u_w_5s._.js:1945
[   31657ms] [ERROR] ./src/app/globals.css:2486:8
Parsing CSS source code failed
  2484 |   }
  2485 | }
> 2486 | @import url('https://fonts.googleapis.com/css2?family=Playfair+Display:ital,wght@0,400;0...
       |        ^
  2487 | :root {
  2488 |   --background: #F5F0E8;
  2489 |   --background-dark: #0D1B2A;

@import rules must precede all rules aside from @charset and @layer statements

Generated code of PostCSS transform of file content of src/app/globals.css:
./src/app/globals.css:2486:8
  2484 |   }
  2485 | }
> 2486 | @import url('https://fonts.googleapis.com/css2?family=Playfair+Display:ital,wght@0,400;0...
       |        ^
  2487 | :root {
  2488 |   --background: #F5F0E8;
  2489 |   --background-dark: #0D1B2A;

Import trace:
  Client Component Browser:
    ./src/app/globals.css [Client Component Browser]
    ./src/app/(public)/layout.tsx [Server Component] @ http://localhost:3000/_next/static/chunks/node_modules_next_dist_0u_w_5s._.js:1945
[   31708ms] [ERROR] ./src/app/globals.css:2486:8
Parsing CSS source code failed
  2484 |   }
  2485 | }
> 2486 | @import url('https://fonts.googleapis.com/css2?family=Playfair+Display:ital,wght@0,400;0...
       |        ^
  2487 | :root {
  2488 |   --background: #F5F0E8;
  2489 |   --background-dark: #0D1B2A;

@import rules must precede all rules aside from @charset and @layer statements

Generated code of PostCSS transform of file content of src/app/globals.css:
./src/app/globals.css:2486:8
  2484 |   }
  2485 | }
> 2486 | @import url('https://fonts.googleapis.com/css2?family=Playfair+Display:ital,wght@0,400;0...
       |        ^
  2487 | :root {
  2488 |   --background: #F5F0E8;
  2489 |   --background-dark: #0D1B2A;

Import trace:
  Client Component Browser:
    ./src/app/globals.css [Client Component Browser]
    ./src/app/(public)/layout.tsx [Server Component] @ http://localhost:3000/_next/static/chunks/node_modules_next_dist_0u_w_5s._.js:1945
[   31762ms] [ERROR] ./src/app/globals.css:2486:8
Parsing CSS source code failed
  2484 |   }
  2485 | }
> 2486 | @import url('https://fonts.googleapis.com/css2?family=Playfair+Display:ital,wght@0,400;0...
       |        ^
  2487 | :root {
  2488 |   --background: #F5F0E8;
  2489 |   --background-dark: #0D1B2A;

@import rules must precede all rules aside from @charset and @layer statements

Generated code of PostCSS transform of file content of src/app/globals.css:
./src/app/globals.css:2486:8
  2484 |   }
  2485 | }
> 2486 | @import url('https://fonts.googleapis.com/css2?family=Playfair+Display:ital,wght@0,400;0...
       |        ^
  2487 | :root {
  2488 |   --background: #F5F0E8;
  2489 |   --background-dark: #0D1B2A;

Import trace:
  Client Component Browser:
    ./src/app/globals.css [Client Component Browser]
    ./src/app/(public)/layout.tsx [Server Component] @ http://localhost:3000/_next/static/chunks/node_modules_next_dist_0u_w_5s._.js:1945
[   31811ms] [ERROR] ./src/app/globals.css:2486:8
Parsing CSS source code failed
  2484 |   }
  2485 | }
> 2486 | @import url('https://fonts.googleapis.com/css2?family=Playfair+Display:ital,wght@0,400;0...
       |        ^
  2487 | :root {
  2488 |   --background: #F5F0E8;
  2489 |   --background-dark: #0D1B2A;

@import rules must precede all rules aside from @charset and @layer statements

Generated code of PostCSS transform of file content of src/app/globals.css:
./src/app/globals.css:2486:8
  2484 |   }
  2485 | }
> 2486 | @import url('https://fonts.googleapis.com/css2?family=Playfair+Display:ital,wght@0,400;0...
       |        ^
  2487 | :root {
  2488 |   --background: #F5F0E8;
  2489 |   --background-dark: #0D1B2A;

Import trace:
  Client Component Browser:
    ./src/app/globals.css [Client Component Browser]
    ./src/app/(public)/layout.tsx [Server Component] @ http://localhost:3000/_next/static/chunks/node_modules_next_dist_0u_w_5s._.js:1945
[   31860ms] [ERROR] ./src/app/globals.css:2486:8
Parsing CSS source code failed
  2484 |   }
  2485 | }
> 2486 | @import url('https://fonts.googleapis.com/css2?family=Playfair+Display:ital,wght@0,400;0...
       |        ^
  2487 | :root {
  2488 |   --background: #F5F0E8;
  2489 |   --background-dark: #0D1B2A;

@import rules must precede all rules aside from @charset and @layer statements

Generated code of PostCSS transform of file content of src/app/globals.css:
./src/app/globals.css:2486:8
  2484 |   }
  2485 | }
> 2486 | @import url('https://fonts.googleapis.com/css2?family=Playfair+Display:ital,wght@0,400;0...
       |        ^
  2487 | :root {
  2488 |   --background: #F5F0E8;
  2489 |   --background-dark: #0D1B2A;

Import trace:
  Client Component Browser:
    ./src/app/globals.css [Client Component Browser]
    ./src/app/(public)/layout.tsx [Server Component] @ http://localhost:3000/_next/static/chunks/node_modules_next_dist_0u_w_5s._.js:1945
[   31911ms] [ERROR] ./src/app/globals.css:2486:8
Parsing CSS source code failed
  2484 |   }
  2485 | }
> 2486 | @import url('https://fonts.googleapis.com/css2?family=Playfair+Display:ital,wght@0,400;0...
       |        ^
  2487 | :root {
  2488 |   --background: #F5F0E8;
  2489 |   --background-dark: #0D1B2A;

@import rules must precede all rules aside from @charset and @layer statements

Generated code of PostCSS transform of file content of src/app/globals.css:
./src/app/globals.css:2486:8
  2484 |   }
  2485 | }
> 2486 | @import url('https://fonts.googleapis.com/css2?family=Playfair+Display:ital,wght@0,400;0...
       |        ^
  2487 | :root {
  2488 |   --background: #F5F0E8;
  2489 |   --background-dark: #0D1B2A;

Import trace:
  Client Component Browser:
    ./src/app/globals.css [Client Component Browser]
    ./src/app/(public)/layout.tsx [Server Component] @ http://localhost:3000/_next/static/chunks/node_modules_next_dist_0u_w_5s._.js:1945
[   31961ms] [ERROR] ./src/app/globals.css:2486:8
Parsing CSS source code failed
  2484 |   }
  2485 | }
> 2486 | @import url('https://fonts.googleapis.com/css2?family=Playfair+Display:ital,wght@0,400;0...
       |        ^
  2487 | :root {
  2488 |   --background: #F5F0E8;
  2489 |   --background-dark: #0D1B2A;

@import rules must precede all rules aside from @charset and @layer statements

Generated code of PostCSS transform of file content of src/app/globals.css:
./src/app/globals.css:2486:8
  2484 |   }
  2485 | }
> 2486 | @import url('https://fonts.googleapis.com/css2?family=Playfair+Display:ital,wght@0,400;0...
       |        ^
  2487 | :root {
  2488 |   --background: #F5F0E8;
  2489 |   --background-dark: #0D1B2A;

Import trace:
  Client Component Browser:
    ./src/app/globals.css [Client Component Browser]
    ./src/app/(public)/layout.tsx [Server Component] @ http://localhost:3000/_next/static/chunks/node_modules_next_dist_0u_w_5s._.js:1945
[   32013ms] [ERROR] ./src/app/globals.css:2486:8
Parsing CSS source code failed
  2484 |   }
  2485 | }
> 2486 | @import url('https://fonts.googleapis.com/css2?family=Playfair+Display:ital,wght@0,400;0...
       |        ^
  2487 | :root {
  2488 |   --background: #F5F0E8;
  2489 |   --background-dark: #0D1B2A;

@import rules must precede all rules aside from @charset and @layer statements

Generated code of PostCSS transform of file content of src/app/globals.css:
./src/app/globals.css:2486:8
  2484 |   }
  2485 | }
> 2486 | @import url('https://fonts.googleapis.com/css2?family=Playfair+Display:ital,wght@0,400;0...
       |        ^
  2487 | :root {
  2488 |   --background: #F5F0E8;
  2489 |   --background-dark: #0D1B2A;

Import trace:
  Client Component Browser:
    ./src/app/globals.css [Client Component Browser]
    ./src/app/(public)/layout.tsx [Server Component] @ http://localhost:3000/_next/static/chunks/node_modules_next_dist_0u_w_5s._.js:1945
[   32062ms] [ERROR] ./src/app/globals.css:2486:8
Parsing CSS source code failed
  2484 |   }
  2485 | }
> 2486 | @import url('https://fonts.googleapis.com/css2?family=Playfair+Display:ital,wght@0,400;0...
       |        ^
  2487 | :root {
  2488 |   --background: #F5F0E8;
  2489 |   --background-dark: #0D1B2A;

@import rules must precede all rules aside from @charset and @layer statements

Generated code of PostCSS transform of file content of src/app/globals.css:
./src/app/globals.css:2486:8
  2484 |   }
  2485 | }
> 2486 | @import url('https://fonts.googleapis.com/css2?family=Playfair+Display:ital,wght@0,400;0...
       |        ^
  2487 | :root {
  2488 |   --background: #F5F0E8;
  2489 |   --background-dark: #0D1B2A;

Import trace:
  Client Component Browser:
    ./src/app/globals.css [Client Component Browser]
    ./src/app/(public)/layout.tsx [Server Component] @ http://localhost:3000/_next/static/chunks/node_modules_next_dist_0u_w_5s._.js:1945
[   32114ms] [ERROR] ./src/app/globals.css:2486:8
Parsing CSS source code failed
  2484 |   }
  2485 | }
> 2486 | @import url('https://fonts.googleapis.com/css2?family=Playfair+Display:ital,wght@0,400;0...
       |        ^
  2487 | :root {
  2488 |   --background: #F5F0E8;
  2489 |   --background-dark: #0D1B2A;

@import rules must precede all rules aside from @charset and @layer statements

Generated code of PostCSS transform of file content of src/app/globals.css:
./src/app/globals.css:2486:8
  2484 |   }
  2485 | }
> 2486 | @import url('https://fonts.googleapis.com/css2?family=Playfair+Display:ital,wght@0,400;0...
       |        ^
  2487 | :root {
  2488 |   --background: #F5F0E8;
  2489 |   --background-dark: #0D1B2A;

Import trace:
  Client Component Browser:
    ./src/app/globals.css [Client Component Browser]
    ./src/app/(public)/layout.tsx [Server Component] @ http://localhost:3000/_next/static/chunks/node_modules_next_dist_0u_w_5s._.js:1945
[   32170ms] [ERROR] ./src/app/globals.css:2486:8
Parsing CSS source code failed
  2484 |   }
  2485 | }
> 2486 | @import url('https://fonts.googleapis.com/css2?family=Playfair+Display:ital,wght@0,400;0...
       |        ^
  2487 | :root {
  2488 |   --background: #F5F0E8;
  2489 |   --background-dark: #0D1B2A;

@import rules must precede all rules aside from @charset and @layer statements

Generated code of PostCSS transform of file content of src/app/globals.css:
./src/app/globals.css:2486:8
  2484 |   }
  2485 | }
> 2486 | @import url('https://fonts.googleapis.com/css2?family=Playfair+Display:ital,wght@0,400;0...
       |        ^
  2487 | :root {
  2488 |   --background: #F5F0E8;
  2489 |   --background-dark: #0D1B2A;

Import trace:
  Client Component Browser:
    ./src/app/globals.css [Client Component Browser]
    ./src/app/(public)/layout.tsx [Server Component] @ http://localhost:3000/_next/static/chunks/node_modules_next_dist_0u_w_5s._.js:1945
[   32224ms] [ERROR] ./src/app/globals.css:2486:8
Parsing CSS source code failed
  2484 |   }
  2485 | }
> 2486 | @import url('https://fonts.googleapis.com/css2?family=Playfair+Display:ital,wght@0,400;0...
       |        ^
  2487 | :root {
  2488 |   --background: #F5F0E8;
  2489 |   --background-dark: #0D1B2A;

@import rules must precede all rules aside from @charset and @layer statements

Generated code of PostCSS transform of file content of src/app/globals.css:
./src/app/globals.css:2486:8
  2484 |   }
  2485 | }
> 2486 | @import url('https://fonts.googleapis.com/css2?family=Playfair+Display:ital,wght@0,400;0...
       |        ^
  2487 | :root {
  2488 |   --background: #F5F0E8;
  2489 |   --background-dark: #0D1B2A;

Import trace:
  Client Component Browser:
    ./src/app/globals.css [Client Component Browser]
    ./src/app/(public)/layout.tsx [Server Component] @ http://localhost:3000/_next/static/chunks/node_modules_next_dist_0u_w_5s._.js:1945
[   32274ms] [ERROR] ./src/app/globals.css:2486:8
Parsing CSS source code failed
  2484 |   }
  2485 | }
> 2486 | @import url('https://fonts.googleapis.com/css2?family=Playfair+Display:ital,wght@0,400;0...
       |        ^
  2487 | :root {
  2488 |   --background: #F5F0E8;
  2489 |   --background-dark: #0D1B2A;

@import rules must precede all rules aside from @charset and @layer statements

Generated code of PostCSS transform of file content of src/app/globals.css:
./src/app/globals.css:2486:8
  2484 |   }
  2485 | }
> 2486 | @import url('https://fonts.googleapis.com/css2?family=Playfair+Display:ital,wght@0,400;0...
       |        ^
  2487 | :root {
  2488 |   --background: #F5F0E8;
  2489 |   --background-dark: #0D1B2A;

Import trace:
  Client Component Browser:
    ./src/app/globals.css [Client Component Browser]
    ./src/app/(public)/layout.tsx [Server Component] @ http://localhost:3000/_next/static/chunks/node_modules_next_dist_0u_w_5s._.js:1945
[   32328ms] [ERROR] ./src/app/globals.css:2486:8
Parsing CSS source code failed
  2484 |   }
  2485 | }
> 2486 | @import url('https://fonts.googleapis.com/css2?family=Playfair+Display:ital,wght@0,400;0...
       |        ^
  2487 | :root {
  2488 |   --background: #F5F0E8;
  2489 |   --background-dark: #0D1B2A;

@import rules must precede all rules aside from @charset and @layer statements

Generated code of PostCSS transform of file content of src/app/globals.css:
./src/app/globals.css:2486:8
  2484 |   }
  2485 | }
> 2486 | @import url('https://fonts.googleapis.com/css2?family=Playfair+Display:ital,wght@0,400;0...
       |        ^
  2487 | :root {
  2488 |   --background: #F5F0E8;
  2489 |   --background-dark: #0D1B2A;

Import trace:
  Client Component Browser:
    ./src/app/globals.css [Client Component Browser]
    ./src/app/(public)/layout.tsx [Server Component] @ http://localhost:3000/_next/static/chunks/node_modules_next_dist_0u_w_5s._.js:1945
[   32387ms] [ERROR] ./src/app/globals.css:2486:8
Parsing CSS source code failed
  2484 |   }
  2485 | }
> 2486 | @import url('https://fonts.googleapis.com/css2?family=Playfair+Display:ital,wght@0,400;0...
       |        ^
  2487 | :root {
  2488 |   --background: #F5F0E8;
  2489 |   --background-dark: #0D1B2A;

@import rules must precede all rules aside from @charset and @layer statements

Generated code of PostCSS transform of file content of src/app/globals.css:
./src/app/globals.css:2486:8
  2484 |   }
  2485 | }
> 2486 | @import url('https://fonts.googleapis.com/css2?family=Playfair+Display:ital,wght@0,400;0...
       |        ^
  2487 | :root {
  2488 |   --background: #F5F0E8;
  2489 |   --background-dark: #0D1B2A;

Import trace:
  Client Component Browser:
    ./src/app/globals.css [Client Component Browser]
    ./src/app/(public)/layout.tsx [Server Component] @ http://localhost:3000/_next/static/chunks/node_modules_next_dist_0u_w_5s._.js:1945
[   32440ms] [ERROR] ./src/app/globals.css:2486:8
Parsing CSS source code failed
  2484 |   }
  2485 | }
> 2486 | @import url('https://fonts.googleapis.com/css2?family=Playfair+Display:ital,wght@0,400;0...
       |        ^
  2487 | :root {
  2488 |   --background: #F5F0E8;
  2489 |   --background-dark: #0D1B2A;

@import rules must precede all rules aside from @charset and @layer statements

Generated code of PostCSS transform of file content of src/app/globals.css:
./src/app/globals.css:2486:8
  2484 |   }
  2485 | }
> 2486 | @import url('https://fonts.googleapis.com/css2?family=Playfair+Display:ital,wght@0,400;0...
       |        ^
  2487 | :root {
  2488 |   --background: #F5F0E8;
  2489 |   --background-dark: #0D1B2A;

Import trace:
  Client Component Browser:
    ./src/app/globals.css [Client Component Browser]
    ./src/app/(public)/layout.tsx [Server Component] @ http://localhost:3000/_next/static/chunks/node_modules_next_dist_0u_w_5s._.js:1945
[   32493ms] [ERROR] ./src/app/globals.css:2486:8
Parsing CSS source code failed
  2484 |   }
  2485 | }
> 2486 | @import url('https://fonts.googleapis.com/css2?family=Playfair+Display:ital,wght@0,400;0...
       |        ^
  2487 | :root {
  2488 |   --background: #F5F0E8;
  2489 |   --background-dark: #0D1B2A;

@import rules must precede all rules aside from @charset and @layer statements

Generated code of PostCSS transform of file content of src/app/globals.css:
./src/app/globals.css:2486:8
  2484 |   }
  2485 | }
> 2486 | @import url('https://fonts.googleapis.com/css2?family=Playfair+Display:ital,wght@0,400;0...
       |        ^
  2487 | :root {
  2488 |   --background: #F5F0E8;
  2489 |   --background-dark: #0D1B2A;

Import trace:
  Client Component Browser:
    ./src/app/globals.css [Client Component Browser]
    ./src/app/(public)/layout.tsx [Server Component] @ http://localhost:3000/_next/static/chunks/node_modules_next_dist_0u_w_5s._.js:1945
[   32544ms] [ERROR] ./src/app/globals.css:2486:8
Parsing CSS source code failed
  2484 |   }
  2485 | }
> 2486 | @import url('https://fonts.googleapis.com/css2?family=Playfair+Display:ital,wght@0,400;0...
       |        ^
  2487 | :root {
  2488 |   --background: #F5F0E8;
  2489 |   --background-dark: #0D1B2A;

@import rules must precede all rules aside from @charset and @layer statements

Generated code of PostCSS transform of file content of src/app/globals.css:
./src/app/globals.css:2486:8
  2484 |   }
  2485 | }
> 2486 | @import url('https://fonts.googleapis.com/css2?family=Playfair+Display:ital,wght@0,400;0...
       |        ^
  2487 | :root {
  2488 |   --background: #F5F0E8;
  2489 |   --background-dark: #0D1B2A;

Import trace:
  Client Component Browser:
    ./src/app/globals.css [Client Component Browser]
    ./src/app/(public)/layout.tsx [Server Component] @ http://localhost:3000/_next/static/chunks/node_modules_next_dist_0u_w_5s._.js:1945
[   32603ms] [ERROR] ./src/app/globals.css:2486:8
Parsing CSS source code failed
  2484 |   }
  2485 | }
> 2486 | @import url('https://fonts.googleapis.com/css2?family=Playfair+Display:ital,wght@0,400;0...
       |        ^
  2487 | :root {
  2488 |   --background: #F5F0E8;
  2489 |   --background-dark: #0D1B2A;

@import rules must precede all rules aside from @charset and @layer statements

Generated code of PostCSS transform of file content of src/app/globals.css:
./src/app/globals.css:2486:8
  2484 |   }
  2485 | }
> 2486 | @import url('https://fonts.googleapis.com/css2?family=Playfair+Display:ital,wght@0,400;0...
       |        ^
  2487 | :root {
  2488 |   --background: #F5F0E8;
  2489 |   --background-dark: #0D1B2A;

Import trace:
  Client Component Browser:
    ./src/app/globals.css [Client Component Browser]
    ./src/app/(public)/layout.tsx [Server Component] @ http://localhost:3000/_next/static/chunks/node_modules_next_dist_0u_w_5s._.js:1945
[   32660ms] [ERROR] ./src/app/globals.css:2486:8
Parsing CSS source code failed
  2484 |   }
  2485 | }
> 2486 | @import url('https://fonts.googleapis.com/css2?family=Playfair+Display:ital,wght@0,400;0...
       |        ^
  2487 | :root {
  2488 |   --background: #F5F0E8;
  2489 |   --background-dark: #0D1B2A;

@import rules must precede all rules aside from @charset and @layer statements

Generated code of PostCSS transform of file content of src/app/globals.css:
./src/app/globals.css:2486:8
  2484 |   }
  2485 | }
> 2486 | @import url('https://fonts.googleapis.com/css2?family=Playfair+Display:ital,wght@0,400;0...
       |        ^
  2487 | :root {
  2488 |   --background: #F5F0E8;
  2489 |   --background-dark: #0D1B2A;

Import trace:
  Client Component Browser:
    ./src/app/globals.css [Client Component Browser]
    ./src/app/(public)/layout.tsx [Server Component] @ http://localhost:3000/_next/static/chunks/node_modules_next_dist_0u_w_5s._.js:1945
[   32711ms] [ERROR] ./src/app/globals.css:2486:8
Parsing CSS source code failed
  2484 |   }
  2485 | }
> 2486 | @import url('https://fonts.googleapis.com/css2?family=Playfair+Display:ital,wght@0,400;0...
       |        ^
  2487 | :root {
  2488 |   --background: #F5F0E8;
  2489 |   --background-dark: #0D1B2A;

@import rules must precede all rules aside from @charset and @layer statements

Generated code of PostCSS transform of file content of src/app/globals.css:
./src/app/globals.css:2486:8
  2484 |   }
  2485 | }
> 2486 | @import url('https://fonts.googleapis.com/css2?family=Playfair+Display:ital,wght@0,400;0...
       |        ^
  2487 | :root {
  2488 |   --background: #F5F0E8;
  2489 |   --background-dark: #0D1B2A;

Import trace:
  Client Component Browser:
    ./src/app/globals.css [Client Component Browser]
    ./src/app/(public)/layout.tsx [Server Component] @ http://localhost:3000/_next/static/chunks/node_modules_next_dist_0u_w_5s._.js:1945
[   32761ms] [ERROR] ./src/app/globals.css:2486:8
Parsing CSS source code failed
  2484 |   }
  2485 | }
> 2486 | @import url('https://fonts.googleapis.com/css2?family=Playfair+Display:ital,wght@0,400;0...
       |        ^
  2487 | :root {
  2488 |   --background: #F5F0E8;
  2489 |   --background-dark: #0D1B2A;

@import rules must precede all rules aside from @charset and @layer statements

Generated code of PostCSS transform of file content of src/app/globals.css:
./src/app/globals.css:2486:8
  2484 |   }
  2485 | }
> 2486 | @import url('https://fonts.googleapis.com/css2?family=Playfair+Display:ital,wght@0,400;0...
       |        ^
  2487 | :root {
  2488 |   --background: #F5F0E8;
  2489 |   --background-dark: #0D1B2A;

Import trace:
  Client Component Browser:
    ./src/app/globals.css [Client Component Browser]
    ./src/app/(public)/layout.tsx [Server Component] @ http://localhost:3000/_next/static/chunks/node_modules_next_dist_0u_w_5s._.js:1945
[   32815ms] [ERROR] ./src/app/globals.css:2486:8
Parsing CSS source code failed
  2484 |   }
  2485 | }
> 2486 | @import url('https://fonts.googleapis.com/css2?family=Playfair+Display:ital,wght@0,400;0...
       |        ^
  2487 | :root {
  2488 |   --background: #F5F0E8;
  2489 |   --background-dark: #0D1B2A;

@import rules must precede all rules aside from @charset and @layer statements

Generated code of PostCSS transform of file content of src/app/globals.css:
./src/app/globals.css:2486:8
  2484 |   }
  2485 | }
> 2486 | @import url('https://fonts.googleapis.com/css2?family=Playfair+Display:ital,wght@0,400;0...
       |        ^
  2487 | :root {
  2488 |   --background: #F5F0E8;
  2489 |   --background-dark: #0D1B2A;

Import trace:
  Client Component Browser:
    ./src/app/globals.css [Client Component Browser]
    ./src/app/(public)/layout.tsx [Server Component] @ http://localhost:3000/_next/static/chunks/node_modules_next_dist_0u_w_5s._.js:1945
[   32870ms] [ERROR] ./src/app/globals.css:2486:8
Parsing CSS source code failed
  2484 |   }
  2485 | }
> 2486 | @import url('https://fonts.googleapis.com/css2?family=Playfair+Display:ital,wght@0,400;0...
       |        ^
  2487 | :root {
  2488 |   --background: #F5F0E8;
  2489 |   --background-dark: #0D1B2A;

@import rules must precede all rules aside from @charset and @layer statements

Generated code of PostCSS transform of file content of src/app/globals.css:
./src/app/globals.css:2486:8
  2484 |   }
  2485 | }
> 2486 | @import url('https://fonts.googleapis.com/css2?family=Playfair+Display:ital,wght@0,400;0...
       |        ^
  2487 | :root {
  2488 |   --background: #F5F0E8;
  2489 |   --background-dark: #0D1B2A;

Import trace:
  Client Component Browser:
    ./src/app/globals.css [Client Component Browser]
    ./src/app/(public)/layout.tsx [Server Component] @ http://localhost:3000/_next/static/chunks/node_modules_next_dist_0u_w_5s._.js:1945
[   32923ms] [ERROR] ./src/app/globals.css:2486:8
Parsing CSS source code failed
  2484 |   }
  2485 | }
> 2486 | @import url('https://fonts.googleapis.com/css2?family=Playfair+Display:ital,wght@0,400;0...
       |        ^
  2487 | :root {
  2488 |   --background: #F5F0E8;
  2489 |   --background-dark: #0D1B2A;

@import rules must precede all rules aside from @charset and @layer statements

Generated code of PostCSS transform of file content of src/app/globals.css:
./src/app/globals.css:2486:8
  2484 |   }
  2485 | }
> 2486 | @import url('https://fonts.googleapis.com/css2?family=Playfair+Display:ital,wght@0,400;0...
       |        ^
  2487 | :root {
  2488 |   --background: #F5F0E8;
  2489 |   --background-dark: #0D1B2A;

Import trace:
  Client Component Browser:
    ./src/app/globals.css [Client Component Browser]
    ./src/app/(public)/layout.tsx [Server Component] @ http://localhost:3000/_next/static/chunks/node_modules_next_dist_0u_w_5s._.js:1945
[   32976ms] [ERROR] ./src/app/globals.css:2486:8
Parsing CSS source code failed
  2484 |   }
  2485 | }
> 2486 | @import url('https://fonts.googleapis.com/css2?family=Playfair+Display:ital,wght@0,400;0...
       |        ^
  2487 | :root {
  2488 |   --background: #F5F0E8;
  2489 |   --background-dark: #0D1B2A;

@import rules must precede all rules aside from @charset and @layer statements

Generated code of PostCSS transform of file content of src/app/globals.css:
./src/app/globals.css:2486:8
  2484 |   }
  2485 | }
> 2486 | @import url('https://fonts.googleapis.com/css2?family=Playfair+Display:ital,wght@0,400;0...
       |        ^
  2487 | :root {
  2488 |   --background: #F5F0E8;
  2489 |   --background-dark: #0D1B2A;

Import trace:
  Client Component Browser:
    ./src/app/globals.css [Client Component Browser]
    ./src/app/(public)/layout.tsx [Server Component] @ http://localhost:3000/_next/static/chunks/node_modules_next_dist_0u_w_5s._.js:1945
[   33026ms] [ERROR] ./src/app/globals.css:2486:8
Parsing CSS source code failed
  2484 |   }
  2485 | }
> 2486 | @import url('https://fonts.googleapis.com/css2?family=Playfair+Display:ital,wght@0,400;0...
       |        ^
  2487 | :root {
  2488 |   --background: #F5F0E8;
  2489 |   --background-dark: #0D1B2A;

@import rules must precede all rules aside from @charset and @layer statements

Generated code of PostCSS transform of file content of src/app/globals.css:
./src/app/globals.css:2486:8
  2484 |   }
  2485 | }
> 2486 | @import url('https://fonts.googleapis.com/css2?family=Playfair+Display:ital,wght@0,400;0...
       |        ^
  2487 | :root {
  2488 |   --background: #F5F0E8;
  2489 |   --background-dark: #0D1B2A;

Import trace:
  Client Component Browser:
    ./src/app/globals.css [Client Component Browser]
    ./src/app/(public)/layout.tsx [Server Component] @ http://localhost:3000/_next/static/chunks/node_modules_next_dist_0u_w_5s._.js:1945
[   33080ms] [ERROR] ./src/app/globals.css:2486:8
Parsing CSS source code failed
  2484 |   }
  2485 | }
> 2486 | @import url('https://fonts.googleapis.com/css2?family=Playfair+Display:ital,wght@0,400;0...
       |        ^
  2487 | :root {
  2488 |   --background: #F5F0E8;
  2489 |   --background-dark: #0D1B2A;

@import rules must precede all rules aside from @charset and @layer statements

Generated code of PostCSS transform of file content of src/app/globals.css:
./src/app/globals.css:2486:8
  2484 |   }
  2485 | }
> 2486 | @import url('https://fonts.googleapis.com/css2?family=Playfair+Display:ital,wght@0,400;0...
       |        ^
  2487 | :root {
  2488 |   --background: #F5F0E8;
  2489 |   --background-dark: #0D1B2A;

Import trace:
  Client Component Browser:
    ./src/app/globals.css [Client Component Browser]
    ./src/app/(public)/layout.tsx [Server Component] @ http://localhost:3000/_next/static/chunks/node_modules_next_dist_0u_w_5s._.js:1945
[   33131ms] [ERROR] ./src/app/globals.css:2486:8
Parsing CSS source code failed
  2484 |   }
  2485 | }
> 2486 | @import url('https://fonts.googleapis.com/css2?family=Playfair+Display:ital,wght@0,400;0...
       |        ^
  2487 | :root {
  2488 |   --background: #F5F0E8;
  2489 |   --background-dark: #0D1B2A;

@import rules must precede all rules aside from @charset and @layer statements

Generated code of PostCSS transform of file content of src/app/globals.css:
./src/app/globals.css:2486:8
  2484 |   }
  2485 | }
> 2486 | @import url('https://fonts.googleapis.com/css2?family=Playfair+Display:ital,wght@0,400;0...
       |        ^
  2487 | :root {
  2488 |   --background: #F5F0E8;
  2489 |   --background-dark: #0D1B2A;

Import trace:
  Client Component Browser:
    ./src/app/globals.css [Client Component Browser]
    ./src/app/(public)/layout.tsx [Server Component] @ http://localhost:3000/_next/static/chunks/node_modules_next_dist_0u_w_5s._.js:1945
[   33186ms] [ERROR] ./src/app/globals.css:2486:8
Parsing CSS source code failed
  2484 |   }
  2485 | }
> 2486 | @import url('https://fonts.googleapis.com/css2?family=Playfair+Display:ital,wght@0,400;0...
       |        ^
  2487 | :root {
  2488 |   --background: #F5F0E8;
  2489 |   --background-dark: #0D1B2A;

@import rules must precede all rules aside from @charset and @layer statements

Generated code of PostCSS transform of file content of src/app/globals.css:
./src/app/globals.css:2486:8
  2484 |   }
  2485 | }
> 2486 | @import url('https://fonts.googleapis.com/css2?family=Playfair+Display:ital,wght@0,400;0...
       |        ^
  2487 | :root {
  2488 |   --background: #F5F0E8;
  2489 |   --background-dark: #0D1B2A;

Import trace:
  Client Component Browser:
    ./src/app/globals.css [Client Component Browser]
    ./src/app/(public)/layout.tsx [Server Component] @ http://localhost:3000/_next/static/chunks/node_modules_next_dist_0u_w_5s._.js:1945
[   33240ms] [ERROR] ./src/app/globals.css:2486:8
Parsing CSS source code failed
  2484 |   }
  2485 | }
> 2486 | @import url('https://fonts.googleapis.com/css2?family=Playfair+Display:ital,wght@0,400;0...
       |        ^
  2487 | :root {
  2488 |   --background: #F5F0E8;
  2489 |   --background-dark: #0D1B2A;

@import rules must precede all rules aside from @charset and @layer statements

Generated code of PostCSS transform of file content of src/app/globals.css:
./src/app/globals.css:2486:8
  2484 |   }
  2485 | }
> 2486 | @import url('https://fonts.googleapis.com/css2?family=Playfair+Display:ital,wght@0,400;0...
       |        ^
  2487 | :root {
  2488 |   --background: #F5F0E8;
  2489 |   --background-dark: #0D1B2A;

Import trace:
  Client Component Browser:
    ./src/app/globals.css [Client Component Browser]
    ./src/app/(public)/layout.tsx [Server Component] @ http://localhost:3000/_next/static/chunks/node_modules_next_dist_0u_w_5s._.js:1945
[   33293ms] [ERROR] ./src/app/globals.css:2486:8
Parsing CSS source code failed
  2484 |   }
  2485 | }
> 2486 | @import url('https://fonts.googleapis.com/css2?family=Playfair+Display:ital,wght@0,400;0...
       |        ^
  2487 | :root {
  2488 |   --background: #F5F0E8;
  2489 |   --background-dark: #0D1B2A;

@import rules must precede all rules aside from @charset and @layer statements

Generated code of PostCSS transform of file content of src/app/globals.css:
./src/app/globals.css:2486:8
  2484 |   }
  2485 | }
> 2486 | @import url('https://fonts.googleapis.com/css2?family=Playfair+Display:ital,wght@0,400;0...
       |        ^
  2487 | :root {
  2488 |   --background: #F5F0E8;
  2489 |   --background-dark: #0D1B2A;

Import trace:
  Client Component Browser:
    ./src/app/globals.css [Client Component Browser]
    ./src/app/(public)/layout.tsx [Server Component] @ http://localhost:3000/_next/static/chunks/node_modules_next_dist_0u_w_5s._.js:1945
[   33347ms] [ERROR] ./src/app/globals.css:2486:8
Parsing CSS source code failed
  2484 |   }
  2485 | }
> 2486 | @import url('https://fonts.googleapis.com/css2?family=Playfair+Display:ital,wght@0,400;0...
       |        ^
  2487 | :root {
  2488 |   --background: #F5F0E8;
  2489 |   --background-dark: #0D1B2A;

@import rules must precede all rules aside from @charset and @layer statements

Generated code of PostCSS transform of file content of src/app/globals.css:
./src/app/globals.css:2486:8
  2484 |   }
  2485 | }
> 2486 | @import url('https://fonts.googleapis.com/css2?family=Playfair+Display:ital,wght@0,400;0...
       |        ^
  2487 | :root {
  2488 |   --background: #F5F0E8;
  2489 |   --background-dark: #0D1B2A;

Import trace:
  Client Component Browser:
    ./src/app/globals.css [Client Component Browser]
    ./src/app/(public)/layout.tsx [Server Component] @ http://localhost:3000/_next/static/chunks/node_modules_next_dist_0u_w_5s._.js:1945
[   33400ms] [ERROR] ./src/app/globals.css:2486:8
Parsing CSS source code failed
  2484 |   }
  2485 | }
> 2486 | @import url('https://fonts.googleapis.com/css2?family=Playfair+Display:ital,wght@0,400;0...
       |        ^
  2487 | :root {
  2488 |   --background: #F5F0E8;
  2489 |   --background-dark: #0D1B2A;

@import rules must precede all rules aside from @charset and @layer statements

Generated code of PostCSS transform of file content of src/app/globals.css:
./src/app/globals.css:2486:8
  2484 |   }
  2485 | }
> 2486 | @import url('https://fonts.googleapis.com/css2?family=Playfair+Display:ital,wght@0,400;0...
       |        ^
  2487 | :root {
  2488 |   --background: #F5F0E8;
  2489 |   --background-dark: #0D1B2A;

Import trace:
  Client Component Browser:
    ./src/app/globals.css [Client Component Browser]
    ./src/app/(public)/layout.tsx [Server Component] @ http://localhost:3000/_next/static/chunks/node_modules_next_dist_0u_w_5s._.js:1945
[   33452ms] [ERROR] ./src/app/globals.css:2486:8
Parsing CSS source code failed
  2484 |   }
  2485 | }
> 2486 | @import url('https://fonts.googleapis.com/css2?family=Playfair+Display:ital,wght@0,400;0...
       |        ^
  2487 | :root {
  2488 |   --background: #F5F0E8;
  2489 |   --background-dark: #0D1B2A;

@import rules must precede all rules aside from @charset and @layer statements

Generated code of PostCSS transform of file content of src/app/globals.css:
./src/app/globals.css:2486:8
  2484 |   }
  2485 | }
> 2486 | @import url('https://fonts.googleapis.com/css2?family=Playfair+Display:ital,wght@0,400;0...
       |        ^
  2487 | :root {
  2488 |   --background: #F5F0E8;
  2489 |   --background-dark: #0D1B2A;

Import trace:
  Client Component Browser:
    ./src/app/globals.css [Client Component Browser]
    ./src/app/(public)/layout.tsx [Server Component] @ http://localhost:3000/_next/static/chunks/node_modules_next_dist_0u_w_5s._.js:1945
[   33500ms] [ERROR] ./src/app/globals.css:2486:8
Parsing CSS source code failed
  2484 |   }
  2485 | }
> 2486 | @import url('https://fonts.googleapis.com/css2?family=Playfair+Display:ital,wght@0,400;0...
       |        ^
  2487 | :root {
  2488 |   --background: #F5F0E8;
  2489 |   --background-dark: #0D1B2A;

@import rules must precede all rules aside from @charset and @layer statements

Generated code of PostCSS transform of file content of src/app/globals.css:
./src/app/globals.css:2486:8
  2484 |   }
  2485 | }
> 2486 | @import url('https://fonts.googleapis.com/css2?family=Playfair+Display:ital,wght@0,400;0...
       |        ^
  2487 | :root {
  2488 |   --background: #F5F0E8;
  2489 |   --background-dark: #0D1B2A;

Import trace:
  Client Component Browser:
    ./src/app/globals.css [Client Component Browser]
    ./src/app/(public)/layout.tsx [Server Component] @ http://localhost:3000/_next/static/chunks/node_modules_next_dist_0u_w_5s._.js:1945
[   33555ms] [ERROR] ./src/app/globals.css:2486:8
Parsing CSS source code failed
  2484 |   }
  2485 | }
> 2486 | @import url('https://fonts.googleapis.com/css2?family=Playfair+Display:ital,wght@0,400;0...
       |        ^
  2487 | :root {
  2488 |   --background: #F5F0E8;
  2489 |   --background-dark: #0D1B2A;

@import rules must precede all rules aside from @charset and @layer statements

Generated code of PostCSS transform of file content of src/app/globals.css:
./src/app/globals.css:2486:8
  2484 |   }
  2485 | }
> 2486 | @import url('https://fonts.googleapis.com/css2?family=Playfair+Display:ital,wght@0,400;0...
       |        ^
  2487 | :root {
  2488 |   --background: #F5F0E8;
  2489 |   --background-dark: #0D1B2A;

Import trace:
  Client Component Browser:
    ./src/app/globals.css [Client Component Browser]
    ./src/app/(public)/layout.tsx [Server Component] @ http://localhost:3000/_next/static/chunks/node_modules_next_dist_0u_w_5s._.js:1945
[   33606ms] [ERROR] ./src/app/globals.css:2486:8
Parsing CSS source code failed
  2484 |   }
  2485 | }
> 2486 | @import url('https://fonts.googleapis.com/css2?family=Playfair+Display:ital,wght@0,400;0...
       |        ^
  2487 | :root {
  2488 |   --background: #F5F0E8;
  2489 |   --background-dark: #0D1B2A;

@import rules must precede all rules aside from @charset and @layer statements

Generated code of PostCSS transform of file content of src/app/globals.css:
./src/app/globals.css:2486:8
  2484 |   }
  2485 | }
> 2486 | @import url('https://fonts.googleapis.com/css2?family=Playfair+Display:ital,wght@0,400;0...
       |        ^
  2487 | :root {
  2488 |   --background: #F5F0E8;
  2489 |   --background-dark: #0D1B2A;

Import trace:
  Client Component Browser:
    ./src/app/globals.css [Client Component Browser]
    ./src/app/(public)/layout.tsx [Server Component] @ http://localhost:3000/_next/static/chunks/node_modules_next_dist_0u_w_5s._.js:1945
[   33659ms] [ERROR] ./src/app/globals.css:2486:8
Parsing CSS source code failed
  2484 |   }
  2485 | }
> 2486 | @import url('https://fonts.googleapis.com/css2?family=Playfair+Display:ital,wght@0,400;0...
       |        ^
  2487 | :root {
  2488 |   --background: #F5F0E8;
  2489 |   --background-dark: #0D1B2A;

@import rules must precede all rules aside from @charset and @layer statements

Generated code of PostCSS transform of file content of src/app/globals.css:
./src/app/globals.css:2486:8
  2484 |   }
  2485 | }
> 2486 | @import url('https://fonts.googleapis.com/css2?family=Playfair+Display:ital,wght@0,400;0...
       |        ^
  2487 | :root {
  2488 |   --background: #F5F0E8;
  2489 |   --background-dark: #0D1B2A;

Import trace:
  Client Component Browser:
    ./src/app/globals.css [Client Component Browser]
    ./src/app/(public)/layout.tsx [Server Component] @ http://localhost:3000/_next/static/chunks/node_modules_next_dist_0u_w_5s._.js:1945
[   33710ms] [ERROR] ./src/app/globals.css:2486:8
Parsing CSS source code failed
  2484 |   }
  2485 | }
> 2486 | @import url('https://fonts.googleapis.com/css2?family=Playfair+Display:ital,wght@0,400;0...
       |        ^
  2487 | :root {
  2488 |   --background: #F5F0E8;
  2489 |   --background-dark: #0D1B2A;

@import rules must precede all rules aside from @charset and @layer statements

Generated code of PostCSS transform of file content of src/app/globals.css:
./src/app/globals.css:2486:8
  2484 |   }
  2485 | }
> 2486 | @import url('https://fonts.googleapis.com/css2?family=Playfair+Display:ital,wght@0,400;0...
       |        ^
  2487 | :root {
  2488 |   --background: #F5F0E8;
  2489 |   --background-dark: #0D1B2A;

Import trace:
  Client Component Browser:
    ./src/app/globals.css [Client Component Browser]
    ./src/app/(public)/layout.tsx [Server Component] @ http://localhost:3000/_next/static/chunks/node_modules_next_dist_0u_w_5s._.js:1945
[   33760ms] [ERROR] ./src/app/globals.css:2486:8
Parsing CSS source code failed
  2484 |   }
  2485 | }
> 2486 | @import url('https://fonts.googleapis.com/css2?family=Playfair+Display:ital,wght@0,400;0...
       |        ^
  2487 | :root {
  2488 |   --background: #F5F0E8;
  2489 |   --background-dark: #0D1B2A;

@import rules must precede all rules aside from @charset and @layer statements

Generated code of PostCSS transform of file content of src/app/globals.css:
./src/app/globals.css:2486:8
  2484 |   }
  2485 | }
> 2486 | @import url('https://fonts.googleapis.com/css2?family=Playfair+Display:ital,wght@0,400;0...
       |        ^
  2487 | :root {
  2488 |   --background: #F5F0E8;
  2489 |   --background-dark: #0D1B2A;

Import trace:
  Client Component Browser:
    ./src/app/globals.css [Client Component Browser]
    ./src/app/(public)/layout.tsx [Server Component] @ http://localhost:3000/_next/static/chunks/node_modules_next_dist_0u_w_5s._.js:1945
[   33810ms] [ERROR] ./src/app/globals.css:2486:8
Parsing CSS source code failed
  2484 |   }
  2485 | }
> 2486 | @import url('https://fonts.googleapis.com/css2?family=Playfair+Display:ital,wght@0,400;0...
       |        ^
  2487 | :root {
  2488 |   --background: #F5F0E8;
  2489 |   --background-dark: #0D1B2A;

@import rules must precede all rules aside from @charset and @layer statements

Generated code of PostCSS transform of file content of src/app/globals.css:
./src/app/globals.css:2486:8
  2484 |   }
  2485 | }
> 2486 | @import url('https://fonts.googleapis.com/css2?family=Playfair+Display:ital,wght@0,400;0...
       |        ^
  2487 | :root {
  2488 |   --background: #F5F0E8;
  2489 |   --background-dark: #0D1B2A;

Import trace:
  Client Component Browser:
    ./src/app/globals.css [Client Component Browser]
    ./src/app/(public)/layout.tsx [Server Component] @ http://localhost:3000/_next/static/chunks/node_modules_next_dist_0u_w_5s._.js:1945
[   33860ms] [ERROR] ./src/app/globals.css:2486:8
Parsing CSS source code failed
  2484 |   }
  2485 | }
> 2486 | @import url('https://fonts.googleapis.com/css2?family=Playfair+Display:ital,wght@0,400;0...
       |        ^
  2487 | :root {
  2488 |   --background: #F5F0E8;
  2489 |   --background-dark: #0D1B2A;

@import rules must precede all rules aside from @charset and @layer statements

Generated code of PostCSS transform of file content of src/app/globals.css:
./src/app/globals.css:2486:8
  2484 |   }
  2485 | }
> 2486 | @import url('https://fonts.googleapis.com/css2?family=Playfair+Display:ital,wght@0,400;0...
       |        ^
  2487 | :root {
  2488 |   --background: #F5F0E8;
  2489 |   --background-dark: #0D1B2A;

Import trace:
  Client Component Browser:
    ./src/app/globals.css [Client Component Browser]
    ./src/app/(public)/layout.tsx [Server Component] @ http://localhost:3000/_next/static/chunks/node_modules_next_dist_0u_w_5s._.js:1945
[   33909ms] [ERROR] ./src/app/globals.css:2486:8
Parsing CSS source code failed
  2484 |   }
  2485 | }
> 2486 | @import url('https://fonts.googleapis.com/css2?family=Playfair+Display:ital,wght@0,400;0...
       |        ^
  2487 | :root {
  2488 |   --background: #F5F0E8;
  2489 |   --background-dark: #0D1B2A;

@import rules must precede all rules aside from @charset and @layer statements

Generated code of PostCSS transform of file content of src/app/globals.css:
./src/app/globals.css:2486:8
  2484 |   }
  2485 | }
> 2486 | @import url('https://fonts.googleapis.com/css2?family=Playfair+Display:ital,wght@0,400;0...
       |        ^
  2487 | :root {
  2488 |   --background: #F5F0E8;
  2489 |   --background-dark: #0D1B2A;

Import trace:
  Client Component Browser:
    ./src/app/globals.css [Client Component Browser]
    ./src/app/(public)/layout.tsx [Server Component] @ http://localhost:3000/_next/static/chunks/node_modules_next_dist_0u_w_5s._.js:1945
[   33959ms] [ERROR] ./src/app/globals.css:2486:8
Parsing CSS source code failed
  2484 |   }
  2485 | }
> 2486 | @import url('https://fonts.googleapis.com/css2?family=Playfair+Display:ital,wght@0,400;0...
       |        ^
  2487 | :root {
  2488 |   --background: #F5F0E8;
  2489 |   --background-dark: #0D1B2A;

@import rules must precede all rules aside from @charset and @layer statements

Generated code of PostCSS transform of file content of src/app/globals.css:
./src/app/globals.css:2486:8
  2484 |   }
  2485 | }
> 2486 | @import url('https://fonts.googleapis.com/css2?family=Playfair+Display:ital,wght@0,400;0...
       |        ^
  2487 | :root {
  2488 |   --background: #F5F0E8;
  2489 |   --background-dark: #0D1B2A;

Import trace:
  Client Component Browser:
    ./src/app/globals.css [Client Component Browser]
    ./src/app/(public)/layout.tsx [Server Component] @ http://localhost:3000/_next/static/chunks/node_modules_next_dist_0u_w_5s._.js:1945
[   34010ms] [ERROR] ./src/app/globals.css:2486:8
Parsing CSS source code failed
  2484 |   }
  2485 | }
> 2486 | @import url('https://fonts.googleapis.com/css2?family=Playfair+Display:ital,wght@0,400;0...
       |        ^
  2487 | :root {
  2488 |   --background: #F5F0E8;
  2489 |   --background-dark: #0D1B2A;

@import rules must precede all rules aside from @charset and @layer statements

Generated code of PostCSS transform of file content of src/app/globals.css:
./src/app/globals.css:2486:8
  2484 |   }
  2485 | }
> 2486 | @import url('https://fonts.googleapis.com/css2?family=Playfair+Display:ital,wght@0,400;0...
       |        ^
  2487 | :root {
  2488 |   --background: #F5F0E8;
  2489 |   --background-dark: #0D1B2A;

Import trace:
  Client Component Browser:
    ./src/app/globals.css [Client Component Browser]
    ./src/app/(public)/layout.tsx [Server Component] @ http://localhost:3000/_next/static/chunks/node_modules_next_dist_0u_w_5s._.js:1945
[   34062ms] [ERROR] ./src/app/globals.css:2486:8
Parsing CSS source code failed
  2484 |   }
  2485 | }
> 2486 | @import url('https://fonts.googleapis.com/css2?family=Playfair+Display:ital,wght@0,400;0...
       |        ^
  2487 | :root {
  2488 |   --background: #F5F0E8;
  2489 |   --background-dark: #0D1B2A;

@import rules must precede all rules aside from @charset and @layer statements

Generated code of PostCSS transform of file content of src/app/globals.css:
./src/app/globals.css:2486:8
  2484 |   }
  2485 | }
> 2486 | @import url('https://fonts.googleapis.com/css2?family=Playfair+Display:ital,wght@0,400;0...
       |        ^
  2487 | :root {
  2488 |   --background: #F5F0E8;
  2489 |   --background-dark: #0D1B2A;

Import trace:
  Client Component Browser:
    ./src/app/globals.css [Client Component Browser]
    ./src/app/(public)/layout.tsx [Server Component] @ http://localhost:3000/_next/static/chunks/node_modules_next_dist_0u_w_5s._.js:1945
[   34119ms] [ERROR] ./src/app/globals.css:2486:8
Parsing CSS source code failed
  2484 |   }
  2485 | }
> 2486 | @import url('https://fonts.googleapis.com/css2?family=Playfair+Display:ital,wght@0,400;0...
       |        ^
  2487 | :root {
  2488 |   --background: #F5F0E8;
  2489 |   --background-dark: #0D1B2A;

@import rules must precede all rules aside from @charset and @layer statements

Generated code of PostCSS transform of file content of src/app/globals.css:
./src/app/globals.css:2486:8
  2484 |   }
  2485 | }
> 2486 | @import url('https://fonts.googleapis.com/css2?family=Playfair+Display:ital,wght@0,400;0...
       |        ^
  2487 | :root {
  2488 |   --background: #F5F0E8;
  2489 |   --background-dark: #0D1B2A;

Import trace:
  Client Component Browser:
    ./src/app/globals.css [Client Component Browser]
    ./src/app/(public)/layout.tsx [Server Component] @ http://localhost:3000/_next/static/chunks/node_modules_next_dist_0u_w_5s._.js:1945
[   34175ms] [ERROR] ./src/app/globals.css:2486:8
Parsing CSS source code failed
  2484 |   }
  2485 | }
> 2486 | @import url('https://fonts.googleapis.com/css2?family=Playfair+Display:ital,wght@0,400;0...
       |        ^
  2487 | :root {
  2488 |   --background: #F5F0E8;
  2489 |   --background-dark: #0D1B2A;

@import rules must precede all rules aside from @charset and @layer statements

Generated code of PostCSS transform of file content of src/app/globals.css:
./src/app/globals.css:2486:8
  2484 |   }
  2485 | }
> 2486 | @import url('https://fonts.googleapis.com/css2?family=Playfair+Display:ital,wght@0,400;0...
       |        ^
  2487 | :root {
  2488 |   --background: #F5F0E8;
  2489 |   --background-dark: #0D1B2A;

Import trace:
  Client Component Browser:
    ./src/app/globals.css [Client Component Browser]
    ./src/app/(public)/layout.tsx [Server Component] @ http://localhost:3000/_next/static/chunks/node_modules_next_dist_0u_w_5s._.js:1945
[   34227ms] [ERROR] ./src/app/globals.css:2486:8
Parsing CSS source code failed
  2484 |   }
  2485 | }
> 2486 | @import url('https://fonts.googleapis.com/css2?family=Playfair+Display:ital,wght@0,400;0...
       |        ^
  2487 | :root {
  2488 |   --background: #F5F0E8;
  2489 |   --background-dark: #0D1B2A;

@import rules must precede all rules aside from @charset and @layer statements

Generated code of PostCSS transform of file content of src/app/globals.css:
./src/app/globals.css:2486:8
  2484 |   }
  2485 | }
> 2486 | @import url('https://fonts.googleapis.com/css2?family=Playfair+Display:ital,wght@0,400;0...
       |        ^
  2487 | :root {
  2488 |   --background: #F5F0E8;
  2489 |   --background-dark: #0D1B2A;

Import trace:
  Client Component Browser:
    ./src/app/globals.css [Client Component Browser]
    ./src/app/(public)/layout.tsx [Server Component] @ http://localhost:3000/_next/static/chunks/node_modules_next_dist_0u_w_5s._.js:1945
[   34275ms] [ERROR] ./src/app/globals.css:2486:8
Parsing CSS source code failed
  2484 |   }
  2485 | }
> 2486 | @import url('https://fonts.googleapis.com/css2?family=Playfair+Display:ital,wght@0,400;0...
       |        ^
  2487 | :root {
  2488 |   --background: #F5F0E8;
  2489 |   --background-dark: #0D1B2A;

@import rules must precede all rules aside from @charset and @layer statements

Generated code of PostCSS transform of file content of src/app/globals.css:
./src/app/globals.css:2486:8
  2484 |   }
  2485 | }
> 2486 | @import url('https://fonts.googleapis.com/css2?family=Playfair+Display:ital,wght@0,400;0...
       |        ^
  2487 | :root {
  2488 |   --background: #F5F0E8;
  2489 |   --background-dark: #0D1B2A;

Import trace:
  Client Component Browser:
    ./src/app/globals.css [Client Component Browser]
    ./src/app/(public)/layout.tsx [Server Component] @ http://localhost:3000/_next/static/chunks/node_modules_next_dist_0u_w_5s._.js:1945
[   34326ms] [ERROR] ./src/app/globals.css:2486:8
Parsing CSS source code failed
  2484 |   }
  2485 | }
> 2486 | @import url('https://fonts.googleapis.com/css2?family=Playfair+Display:ital,wght@0,400;0...
       |        ^
  2487 | :root {
  2488 |   --background: #F5F0E8;
  2489 |   --background-dark: #0D1B2A;

@import rules must precede all rules aside from @charset and @layer statements

Generated code of PostCSS transform of file content of src/app/globals.css:
./src/app/globals.css:2486:8
  2484 |   }
  2485 | }
> 2486 | @import url('https://fonts.googleapis.com/css2?family=Playfair+Display:ital,wght@0,400;0...
       |        ^
  2487 | :root {
  2488 |   --background: #F5F0E8;
  2489 |   --background-dark: #0D1B2A;

Import trace:
  Client Component Browser:
    ./src/app/globals.css [Client Component Browser]
    ./src/app/(public)/layout.tsx [Server Component] @ http://localhost:3000/_next/static/chunks/node_modules_next_dist_0u_w_5s._.js:1945
[   34377ms] [ERROR] ./src/app/globals.css:2486:8
Parsing CSS source code failed
  2484 |   }
  2485 | }
> 2486 | @import url('https://fonts.googleapis.com/css2?family=Playfair+Display:ital,wght@0,400;0...
       |        ^
  2487 | :root {
  2488 |   --background: #F5F0E8;
  2489 |   --background-dark: #0D1B2A;

@import rules must precede all rules aside from @charset and @layer statements

Generated code of PostCSS transform of file content of src/app/globals.css:
./src/app/globals.css:2486:8
  2484 |   }
  2485 | }
> 2486 | @import url('https://fonts.googleapis.com/css2?family=Playfair+Display:ital,wght@0,400;0...
       |        ^
  2487 | :root {
  2488 |   --background: #F5F0E8;
  2489 |   --background-dark: #0D1B2A;

Import trace:
  Client Component Browser:
    ./src/app/globals.css [Client Component Browser]
    ./src/app/(public)/layout.tsx [Server Component] @ http://localhost:3000/_next/static/chunks/node_modules_next_dist_0u_w_5s._.js:1945
[   34428ms] [ERROR] ./src/app/globals.css:2486:8
Parsing CSS source code failed
  2484 |   }
  2485 | }
> 2486 | @import url('https://fonts.googleapis.com/css2?family=Playfair+Display:ital,wght@0,400;0...
       |        ^
  2487 | :root {
  2488 |   --background: #F5F0E8;
  2489 |   --background-dark: #0D1B2A;

@import rules must precede all rules aside from @charset and @layer statements

Generated code of PostCSS transform of file content of src/app/globals.css:
./src/app/globals.css:2486:8
  2484 |   }
  2485 | }
> 2486 | @import url('https://fonts.googleapis.com/css2?family=Playfair+Display:ital,wght@0,400;0...
       |        ^
  2487 | :root {
  2488 |   --background: #F5F0E8;
  2489 |   --background-dark: #0D1B2A;

Import trace:
  Client Component Browser:
    ./src/app/globals.css [Client Component Browser]
    ./src/app/(public)/layout.tsx [Server Component] @ http://localhost:3000/_next/static/chunks/node_modules_next_dist_0u_w_5s._.js:1945
[   34486ms] [ERROR] ./src/app/globals.css:2486:8
Parsing CSS source code failed
  2484 |   }
  2485 | }
> 2486 | @import url('https://fonts.googleapis.com/css2?family=Playfair+Display:ital,wght@0,400;0...
       |        ^
  2487 | :root {
  2488 |   --background: #F5F0E8;
  2489 |   --background-dark: #0D1B2A;

@import rules must precede all rules aside from @charset and @layer statements

Generated code of PostCSS transform of file content of src/app/globals.css:
./src/app/globals.css:2486:8
  2484 |   }
  2485 | }
> 2486 | @import url('https://fonts.googleapis.com/css2?family=Playfair+Display:ital,wght@0,400;0...
       |        ^
  2487 | :root {
  2488 |   --background: #F5F0E8;
  2489 |   --background-dark: #0D1B2A;

Import trace:
  Client Component Browser:
    ./src/app/globals.css [Client Component Browser]
    ./src/app/(public)/layout.tsx [Server Component] @ http://localhost:3000/_next/static/chunks/node_modules_next_dist_0u_w_5s._.js:1945
[   34543ms] [ERROR] ./src/app/globals.css:2486:8
Parsing CSS source code failed
  2484 |   }
  2485 | }
> 2486 | @import url('https://fonts.googleapis.com/css2?family=Playfair+Display:ital,wght@0,400;0...
       |        ^
  2487 | :root {
  2488 |   --background: #F5F0E8;
  2489 |   --background-dark: #0D1B2A;

@import rules must precede all rules aside from @charset and @layer statements

Generated code of PostCSS transform of file content of src/app/globals.css:
./src/app/globals.css:2486:8
  2484 |   }
  2485 | }
> 2486 | @import url('https://fonts.googleapis.com/css2?family=Playfair+Display:ital,wght@0,400;0...
       |        ^
  2487 | :root {
  2488 |   --background: #F5F0E8;
  2489 |   --background-dark: #0D1B2A;

Import trace:
  Client Component Browser:
    ./src/app/globals.css [Client Component Browser]
    ./src/app/(public)/layout.tsx [Server Component] @ http://localhost:3000/_next/static/chunks/node_modules_next_dist_0u_w_5s._.js:1945
[   34595ms] [ERROR] ./src/app/globals.css:2486:8
Parsing CSS source code failed
  2484 |   }
  2485 | }
> 2486 | @import url('https://fonts.googleapis.com/css2?family=Playfair+Display:ital,wght@0,400;0...
       |        ^
  2487 | :root {
  2488 |   --background: #F5F0E8;
  2489 |   --background-dark: #0D1B2A;

@import rules must precede all rules aside from @charset and @layer statements

Generated code of PostCSS transform of file content of src/app/globals.css:
./src/app/globals.css:2486:8
  2484 |   }
  2485 | }
> 2486 | @import url('https://fonts.googleapis.com/css2?family=Playfair+Display:ital,wght@0,400;0...
       |        ^
  2487 | :root {
  2488 |   --background: #F5F0E8;
  2489 |   --background-dark: #0D1B2A;

Import trace:
  Client Component Browser:
    ./src/app/globals.css [Client Component Browser]
    ./src/app/(public)/layout.tsx [Server Component] @ http://localhost:3000/_next/static/chunks/node_modules_next_dist_0u_w_5s._.js:1945
[   34645ms] [ERROR] ./src/app/globals.css:2486:8
Parsing CSS source code failed
  2484 |   }
  2485 | }
> 2486 | @import url('https://fonts.googleapis.com/css2?family=Playfair+Display:ital,wght@0,400;0...
       |        ^
  2487 | :root {
  2488 |   --background: #F5F0E8;
  2489 |   --background-dark: #0D1B2A;

@import rules must precede all rules aside from @charset and @layer statements

Generated code of PostCSS transform of file content of src/app/globals.css:
./src/app/globals.css:2486:8
  2484 |   }
  2485 | }
> 2486 | @import url('https://fonts.googleapis.com/css2?family=Playfair+Display:ital,wght@0,400;0...
       |        ^
  2487 | :root {
  2488 |   --background: #F5F0E8;
  2489 |   --background-dark: #0D1B2A;

Import trace:
  Client Component Browser:
    ./src/app/globals.css [Client Component Browser]
    ./src/app/(public)/layout.tsx [Server Component] @ http://localhost:3000/_next/static/chunks/node_modules_next_dist_0u_w_5s._.js:1945
[   34703ms] [ERROR] ./src/app/globals.css:2486:8
Parsing CSS source code failed
  2484 |   }
  2485 | }
> 2486 | @import url('https://fonts.googleapis.com/css2?family=Playfair+Display:ital,wght@0,400;0...
       |        ^
  2487 | :root {
  2488 |   --background: #F5F0E8;
  2489 |   --background-dark: #0D1B2A;

@import rules must precede all rules aside from @charset and @layer statements

Generated code of PostCSS transform of file content of src/app/globals.css:
./src/app/globals.css:2486:8
  2484 |   }
  2485 | }
> 2486 | @import url('https://fonts.googleapis.com/css2?family=Playfair+Display:ital,wght@0,400;0...
       |        ^
  2487 | :root {
  2488 |   --background: #F5F0E8;
  2489 |   --background-dark: #0D1B2A;

Import trace:
  Client Component Browser:
    ./src/app/globals.css [Client Component Browser]
    ./src/app/(public)/layout.tsx [Server Component] @ http://localhost:3000/_next/static/chunks/node_modules_next_dist_0u_w_5s._.js:1945
[   34758ms] [ERROR] ./src/app/globals.css:2486:8
Parsing CSS source code failed
  2484 |   }
  2485 | }
> 2486 | @import url('https://fonts.googleapis.com/css2?family=Playfair+Display:ital,wght@0,400;0...
       |        ^
  2487 | :root {
  2488 |   --background: #F5F0E8;
  2489 |   --background-dark: #0D1B2A;

@import rules must precede all rules aside from @charset and @layer statements

Generated code of PostCSS transform of file content of src/app/globals.css:
./src/app/globals.css:2486:8
  2484 |   }
  2485 | }
> 2486 | @import url('https://fonts.googleapis.com/css2?family=Playfair+Display:ital,wght@0,400;0...
       |        ^
  2487 | :root {
  2488 |   --background: #F5F0E8;
  2489 |   --background-dark: #0D1B2A;

Import trace:
  Client Component Browser:
    ./src/app/globals.css [Client Component Browser]
    ./src/app/(public)/layout.tsx [Server Component] @ http://localhost:3000/_next/static/chunks/node_modules_next_dist_0u_w_5s._.js:1945
[   34809ms] [ERROR] ./src/app/globals.css:2486:8
Parsing CSS source code failed
  2484 |   }
  2485 | }
> 2486 | @import url('https://fonts.googleapis.com/css2?family=Playfair+Display:ital,wght@0,400;0...
       |        ^
  2487 | :root {
  2488 |   --background: #F5F0E8;
  2489 |   --background-dark: #0D1B2A;

@import rules must precede all rules aside from @charset and @layer statements

Generated code of PostCSS transform of file content of src/app/globals.css:
./src/app/globals.css:2486:8
  2484 |   }
  2485 | }
> 2486 | @import url('https://fonts.googleapis.com/css2?family=Playfair+Display:ital,wght@0,400;0...
       |        ^
  2487 | :root {
  2488 |   --background: #F5F0E8;
  2489 |   --background-dark: #0D1B2A;

Import trace:
  Client Component Browser:
    ./src/app/globals.css [Client Component Browser]
    ./src/app/(public)/layout.tsx [Server Component] @ http://localhost:3000/_next/static/chunks/node_modules_next_dist_0u_w_5s._.js:1945
[   34859ms] [ERROR] ./src/app/globals.css:2486:8
Parsing CSS source code failed
  2484 |   }
  2485 | }
> 2486 | @import url('https://fonts.googleapis.com/css2?family=Playfair+Display:ital,wght@0,400;0...
       |        ^
  2487 | :root {
  2488 |   --background: #F5F0E8;
  2489 |   --background-dark: #0D1B2A;

@import rules must precede all rules aside from @charset and @layer statements

Generated code of PostCSS transform of file content of src/app/globals.css:
./src/app/globals.css:2486:8
  2484 |   }
  2485 | }
> 2486 | @import url('https://fonts.googleapis.com/css2?family=Playfair+Display:ital,wght@0,400;0...
       |        ^
  2487 | :root {
  2488 |   --background: #F5F0E8;
  2489 |   --background-dark: #0D1B2A;

Import trace:
  Client Component Browser:
    ./src/app/globals.css [Client Component Browser]
    ./src/app/(public)/layout.tsx [Server Component] @ http://localhost:3000/_next/static/chunks/node_modules_next_dist_0u_w_5s._.js:1945
[   34907ms] [ERROR] ./src/app/globals.css:2486:8
Parsing CSS source code failed
  2484 |   }
  2485 | }
> 2486 | @import url('https://fonts.googleapis.com/css2?family=Playfair+Display:ital,wght@0,400;0...
       |        ^
  2487 | :root {
  2488 |   --background: #F5F0E8;
  2489 |   --background-dark: #0D1B2A;

@import rules must precede all rules aside from @charset and @layer statements

Generated code of PostCSS transform of file content of src/app/globals.css:
./src/app/globals.css:2486:8
  2484 |   }
  2485 | }
> 2486 | @import url('https://fonts.googleapis.com/css2?family=Playfair+Display:ital,wght@0,400;0...
       |        ^
  2487 | :root {
  2488 |   --background: #F5F0E8;
  2489 |   --background-dark: #0D1B2A;

Import trace:
  Client Component Browser:
    ./src/app/globals.css [Client Component Browser]
    ./src/app/(public)/layout.tsx [Server Component] @ http://localhost:3000/_next/static/chunks/node_modules_next_dist_0u_w_5s._.js:1945
[   34957ms] [ERROR] ./src/app/globals.css:2486:8
Parsing CSS source code failed
  2484 |   }
  2485 | }
> 2486 | @import url('https://fonts.googleapis.com/css2?family=Playfair+Display:ital,wght@0,400;0...
       |        ^
  2487 | :root {
  2488 |   --background: #F5F0E8;
  2489 |   --background-dark: #0D1B2A;

@import rules must precede all rules aside from @charset and @layer statements

Generated code of PostCSS transform of file content of src/app/globals.css:
./src/app/globals.css:2486:8
  2484 |   }
  2485 | }
> 2486 | @import url('https://fonts.googleapis.com/css2?family=Playfair+Display:ital,wght@0,400;0...
       |        ^
  2487 | :root {
  2488 |   --background: #F5F0E8;
  2489 |   --background-dark: #0D1B2A;

Import trace:
  Client Component Browser:
    ./src/app/globals.css [Client Component Browser]
    ./src/app/(public)/layout.tsx [Server Component] @ http://localhost:3000/_next/static/chunks/node_modules_next_dist_0u_w_5s._.js:1945
[   35009ms] [ERROR] ./src/app/globals.css:2486:8
Parsing CSS source code failed
  2484 |   }
  2485 | }
> 2486 | @import url('https://fonts.googleapis.com/css2?family=Playfair+Display:ital,wght@0,400;0...
       |        ^
  2487 | :root {
  2488 |   --background: #F5F0E8;
  2489 |   --background-dark: #0D1B2A;

@import rules must precede all rules aside from @charset and @layer statements

Generated code of PostCSS transform of file content of src/app/globals.css:
./src/app/globals.css:2486:8
  2484 |   }
  2485 | }
> 2486 | @import url('https://fonts.googleapis.com/css2?family=Playfair+Display:ital,wght@0,400;0...
       |        ^
  2487 | :root {
  2488 |   --background: #F5F0E8;
  2489 |   --background-dark: #0D1B2A;

Import trace:
  Client Component Browser:
    ./src/app/globals.css [Client Component Browser]
    ./src/app/(public)/layout.tsx [Server Component] @ http://localhost:3000/_next/static/chunks/node_modules_next_dist_0u_w_5s._.js:1945
[   35059ms] [ERROR] ./src/app/globals.css:2486:8
Parsing CSS source code failed
  2484 |   }
  2485 | }
> 2486 | @import url('https://fonts.googleapis.com/css2?family=Playfair+Display:ital,wght@0,400;0...
       |        ^
  2487 | :root {
  2488 |   --background: #F5F0E8;
  2489 |   --background-dark: #0D1B2A;

@import rules must precede all rules aside from @charset and @layer statements

Generated code of PostCSS transform of file content of src/app/globals.css:
./src/app/globals.css:2486:8
  2484 |   }
  2485 | }
> 2486 | @import url('https://fonts.googleapis.com/css2?family=Playfair+Display:ital,wght@0,400;0...
       |        ^
  2487 | :root {
  2488 |   --background: #F5F0E8;
  2489 |   --background-dark: #0D1B2A;

Import trace:
  Client Component Browser:
    ./src/app/globals.css [Client Component Browser]
    ./src/app/(public)/layout.tsx [Server Component] @ http://localhost:3000/_next/static/chunks/node_modules_next_dist_0u_w_5s._.js:1945
[   35108ms] [ERROR] ./src/app/globals.css:2486:8
Parsing CSS source code failed
  2484 |   }
  2485 | }
> 2486 | @import url('https://fonts.googleapis.com/css2?family=Playfair+Display:ital,wght@0,400;0...
       |        ^
  2487 | :root {
  2488 |   --background: #F5F0E8;
  2489 |   --background-dark: #0D1B2A;

@import rules must precede all rules aside from @charset and @layer statements

Generated code of PostCSS transform of file content of src/app/globals.css:
./src/app/globals.css:2486:8
  2484 |   }
  2485 | }
> 2486 | @import url('https://fonts.googleapis.com/css2?family=Playfair+Display:ital,wght@0,400;0...
       |        ^
  2487 | :root {
  2488 |   --background: #F5F0E8;
  2489 |   --background-dark: #0D1B2A;

Import trace:
  Client Component Browser:
    ./src/app/globals.css [Client Component Browser]
    ./src/app/(public)/layout.tsx [Server Component] @ http://localhost:3000/_next/static/chunks/node_modules_next_dist_0u_w_5s._.js:1945
[   35159ms] [ERROR] ./src/app/globals.css:2486:8
Parsing CSS source code failed
  2484 |   }
  2485 | }
> 2486 | @import url('https://fonts.googleapis.com/css2?family=Playfair+Display:ital,wght@0,400;0...
       |        ^
  2487 | :root {
  2488 |   --background: #F5F0E8;
  2489 |   --background-dark: #0D1B2A;

@import rules must precede all rules aside from @charset and @layer statements

Generated code of PostCSS transform of file content of src/app/globals.css:
./src/app/globals.css:2486:8
  2484 |   }
  2485 | }
> 2486 | @import url('https://fonts.googleapis.com/css2?family=Playfair+Display:ital,wght@0,400;0...
       |        ^
  2487 | :root {
  2488 |   --background: #F5F0E8;
  2489 |   --background-dark: #0D1B2A;

Import trace:
  Client Component Browser:
    ./src/app/globals.css [Client Component Browser]
    ./src/app/(public)/layout.tsx [Server Component] @ http://localhost:3000/_next/static/chunks/node_modules_next_dist_0u_w_5s._.js:1945
[   35211ms] [ERROR] ./src/app/globals.css:2486:8
Parsing CSS source code failed
  2484 |   }
  2485 | }
> 2486 | @import url('https://fonts.googleapis.com/css2?family=Playfair+Display:ital,wght@0,400;0...
       |        ^
  2487 | :root {
  2488 |   --background: #F5F0E8;
  2489 |   --background-dark: #0D1B2A;

@import rules must precede all rules aside from @charset and @layer statements

Generated code of PostCSS transform of file content of src/app/globals.css:
./src/app/globals.css:2486:8
  2484 |   }
  2485 | }
> 2486 | @import url('https://fonts.googleapis.com/css2?family=Playfair+Display:ital,wght@0,400;0...
       |        ^
  2487 | :root {
  2488 |   --background: #F5F0E8;
  2489 |   --background-dark: #0D1B2A;

Import trace:
  Client Component Browser:
    ./src/app/globals.css [Client Component Browser]
    ./src/app/(public)/layout.tsx [Server Component] @ http://localhost:3000/_next/static/chunks/node_modules_next_dist_0u_w_5s._.js:1945
[   35261ms] [ERROR] ./src/app/globals.css:2486:8
Parsing CSS source code failed
  2484 |   }
  2485 | }
> 2486 | @import url('https://fonts.googleapis.com/css2?family=Playfair+Display:ital,wght@0,400;0...
       |        ^
  2487 | :root {
  2488 |   --background: #F5F0E8;
  2489 |   --background-dark: #0D1B2A;

@import rules must precede all rules aside from @charset and @layer statements

Generated code of PostCSS transform of file content of src/app/globals.css:
./src/app/globals.css:2486:8
  2484 |   }
  2485 | }
> 2486 | @import url('https://fonts.googleapis.com/css2?family=Playfair+Display:ital,wght@0,400;0...
       |        ^
  2487 | :root {
  2488 |   --background: #F5F0E8;
  2489 |   --background-dark: #0D1B2A;

Import trace:
  Client Component Browser:
    ./src/app/globals.css [Client Component Browser]
    ./src/app/(public)/layout.tsx [Server Component] @ http://localhost:3000/_next/static/chunks/node_modules_next_dist_0u_w_5s._.js:1945
[   35310ms] [ERROR] ./src/app/globals.css:2486:8
Parsing CSS source code failed
  2484 |   }
  2485 | }
> 2486 | @import url('https://fonts.googleapis.com/css2?family=Playfair+Display:ital,wght@0,400;0...
       |        ^
  2487 | :root {
  2488 |   --background: #F5F0E8;
  2489 |   --background-dark: #0D1B2A;

@import rules must precede all rules aside from @charset and @layer statements

Generated code of PostCSS transform of file content of src/app/globals.css:
./src/app/globals.css:2486:8
  2484 |   }
  2485 | }
> 2486 | @import url('https://fonts.googleapis.com/css2?family=Playfair+Display:ital,wght@0,400;0...
       |        ^
  2487 | :root {
  2488 |   --background: #F5F0E8;
  2489 |   --background-dark: #0D1B2A;

Import trace:
  Client Component Browser:
    ./src/app/globals.css [Client Component Browser]
    ./src/app/(public)/layout.tsx [Server Component] @ http://localhost:3000/_next/static/chunks/node_modules_next_dist_0u_w_5s._.js:1945
[   35362ms] [ERROR] ./src/app/globals.css:2486:8
Parsing CSS source code failed
  2484 |   }
  2485 | }
> 2486 | @import url('https://fonts.googleapis.com/css2?family=Playfair+Display:ital,wght@0,400;0...
       |        ^
  2487 | :root {
  2488 |   --background: #F5F0E8;
  2489 |   --background-dark: #0D1B2A;

@import rules must precede all rules aside from @charset and @layer statements

Generated code of PostCSS transform of file content of src/app/globals.css:
./src/app/globals.css:2486:8
  2484 |   }
  2485 | }
> 2486 | @import url('https://fonts.googleapis.com/css2?family=Playfair+Display:ital,wght@0,400;0...
       |        ^
  2487 | :root {
  2488 |   --background: #F5F0E8;
  2489 |   --background-dark: #0D1B2A;

Import trace:
  Client Component Browser:
    ./src/app/globals.css [Client Component Browser]
    ./src/app/(public)/layout.tsx [Server Component] @ http://localhost:3000/_next/static/chunks/node_modules_next_dist_0u_w_5s._.js:1945
[   35419ms] [ERROR] ./src/app/globals.css:2486:8
Parsing CSS source code failed
  2484 |   }
  2485 | }
> 2486 | @import url('https://fonts.googleapis.com/css2?family=Playfair+Display:ital,wght@0,400;0...
       |        ^
  2487 | :root {
  2488 |   --background: #F5F0E8;
  2489 |   --background-dark: #0D1B2A;

@import rules must precede all rules aside from @charset and @layer statements

Generated code of PostCSS transform of file content of src/app/globals.css:
./src/app/globals.css:2486:8
  2484 |   }
  2485 | }
> 2486 | @import url('https://fonts.googleapis.com/css2?family=Playfair+Display:ital,wght@0,400;0...
       |        ^
  2487 | :root {
  2488 |   --background: #F5F0E8;
  2489 |   --background-dark: #0D1B2A;

Import trace:
  Client Component Browser:
    ./src/app/globals.css [Client Component Browser]
    ./src/app/(public)/layout.tsx [Server Component] @ http://localhost:3000/_next/static/chunks/node_modules_next_dist_0u_w_5s._.js:1945
[   35470ms] [ERROR] ./src/app/globals.css:2486:8
Parsing CSS source code failed
  2484 |   }
  2485 | }
> 2486 | @import url('https://fonts.googleapis.com/css2?family=Playfair+Display:ital,wght@0,400;0...
       |        ^
  2487 | :root {
  2488 |   --background: #F5F0E8;
  2489 |   --background-dark: #0D1B2A;

@import rules must precede all rules aside from @charset and @layer statements

Generated code of PostCSS transform of file content of src/app/globals.css:
./src/app/globals.css:2486:8
  2484 |   }
  2485 | }
> 2486 | @import url('https://fonts.googleapis.com/css2?family=Playfair+Display:ital,wght@0,400;0...
       |        ^
  2487 | :root {
  2488 |   --background: #F5F0E8;
  2489 |   --background-dark: #0D1B2A;

Import trace:
  Client Component Browser:
    ./src/app/globals.css [Client Component Browser]
    ./src/app/(public)/layout.tsx [Server Component] @ http://localhost:3000/_next/static/chunks/node_modules_next_dist_0u_w_5s._.js:1945
[   35520ms] [ERROR] ./src/app/globals.css:2486:8
Parsing CSS source code failed
  2484 |   }
  2485 | }
> 2486 | @import url('https://fonts.googleapis.com/css2?family=Playfair+Display:ital,wght@0,400;0...
       |        ^
  2487 | :root {
  2488 |   --background: #F5F0E8;
  2489 |   --background-dark: #0D1B2A;

@import rules must precede all rules aside from @charset and @layer statements

Generated code of PostCSS transform of file content of src/app/globals.css:
./src/app/globals.css:2486:8
  2484 |   }
  2485 | }
> 2486 | @import url('https://fonts.googleapis.com/css2?family=Playfair+Display:ital,wght@0,400;0...
       |        ^
  2487 | :root {
  2488 |   --background: #F5F0E8;
  2489 |   --background-dark: #0D1B2A;

Import trace:
  Client Component Browser:
    ./src/app/globals.css [Client Component Browser]
    ./src/app/(public)/layout.tsx [Server Component] @ http://localhost:3000/_next/static/chunks/node_modules_next_dist_0u_w_5s._.js:1945
[   35572ms] [ERROR] ./src/app/globals.css:2486:8
Parsing CSS source code failed
  2484 |   }
  2485 | }
> 2486 | @import url('https://fonts.googleapis.com/css2?family=Playfair+Display:ital,wght@0,400;0...
       |        ^
  2487 | :root {
  2488 |   --background: #F5F0E8;
  2489 |   --background-dark: #0D1B2A;

@import rules must precede all rules aside from @charset and @layer statements

Generated code of PostCSS transform of file content of src/app/globals.css:
./src/app/globals.css:2486:8
  2484 |   }
  2485 | }
> 2486 | @import url('https://fonts.googleapis.com/css2?family=Playfair+Display:ital,wght@0,400;0...
       |        ^
  2487 | :root {
  2488 |   --background: #F5F0E8;
  2489 |   --background-dark: #0D1B2A;

Import trace:
  Client Component Browser:
    ./src/app/globals.css [Client Component Browser]
    ./src/app/(public)/layout.tsx [Server Component] @ http://localhost:3000/_next/static/chunks/node_modules_next_dist_0u_w_5s._.js:1945
[   35624ms] [ERROR] ./src/app/globals.css:2486:8
Parsing CSS source code failed
  2484 |   }
  2485 | }
> 2486 | @import url('https://fonts.googleapis.com/css2?family=Playfair+Display:ital,wght@0,400;0...
       |        ^
  2487 | :root {
  2488 |   --background: #F5F0E8;
  2489 |   --background-dark: #0D1B2A;

@import rules must precede all rules aside from @charset and @layer statements

Generated code of PostCSS transform of file content of src/app/globals.css:
./src/app/globals.css:2486:8
  2484 |   }
  2485 | }
> 2486 | @import url('https://fonts.googleapis.com/css2?family=Playfair+Display:ital,wght@0,400;0...
       |        ^
  2487 | :root {
  2488 |   --background: #F5F0E8;
  2489 |   --background-dark: #0D1B2A;

Import trace:
  Client Component Browser:
    ./src/app/globals.css [Client Component Browser]
    ./src/app/(public)/layout.tsx [Server Component] @ http://localhost:3000/_next/static/chunks/node_modules_next_dist_0u_w_5s._.js:1945
[   35680ms] [ERROR] ./src/app/globals.css:2486:8
Parsing CSS source code failed
  2484 |   }
  2485 | }
> 2486 | @import url('https://fonts.googleapis.com/css2?family=Playfair+Display:ital,wght@0,400;0...
       |        ^
  2487 | :root {
  2488 |   --background: #F5F0E8;
  2489 |   --background-dark: #0D1B2A;

@import rules must precede all rules aside from @charset and @layer statements

Generated code of PostCSS transform of file content of src/app/globals.css:
./src/app/globals.css:2486:8
  2484 |   }
  2485 | }
> 2486 | @import url('https://fonts.googleapis.com/css2?family=Playfair+Display:ital,wght@0,400;0...
       |        ^
  2487 | :root {
  2488 |   --background: #F5F0E8;
  2489 |   --background-dark: #0D1B2A;

Import trace:
  Client Component Browser:
    ./src/app/globals.css [Client Component Browser]
    ./src/app/(public)/layout.tsx [Server Component] @ http://localhost:3000/_next/static/chunks/node_modules_next_dist_0u_w_5s._.js:1945
[   35739ms] [ERROR] ./src/app/globals.css:2486:8
Parsing CSS source code failed
  2484 |   }
  2485 | }
> 2486 | @import url('https://fonts.googleapis.com/css2?family=Playfair+Display:ital,wght@0,400;0...
       |        ^
  2487 | :root {
  2488 |   --background: #F5F0E8;
  2489 |   --background-dark: #0D1B2A;

@import rules must precede all rules aside from @charset and @layer statements

Generated code of PostCSS transform of file content of src/app/globals.css:
./src/app/globals.css:2486:8
  2484 |   }
  2485 | }
> 2486 | @import url('https://fonts.googleapis.com/css2?family=Playfair+Display:ital,wght@0,400;0...
       |        ^
  2487 | :root {
  2488 |   --background: #F5F0E8;
  2489 |   --background-dark: #0D1B2A;

Import trace:
  Client Component Browser:
    ./src/app/globals.css [Client Component Browser]
    ./src/app/(public)/layout.tsx [Server Component] @ http://localhost:3000/_next/static/chunks/node_modules_next_dist_0u_w_5s._.js:1945
[   35802ms] [ERROR] ./src/app/globals.css:2486:8
Parsing CSS source code failed
  2484 |   }
  2485 | }
> 2486 | @import url('https://fonts.googleapis.com/css2?family=Playfair+Display:ital,wght@0,400;0...
       |        ^
  2487 | :root {
  2488 |   --background: #F5F0E8;
  2489 |   --background-dark: #0D1B2A;

@import rules must precede all rules aside from @charset and @layer statements

Generated code of PostCSS transform of file content of src/app/globals.css:
./src/app/globals.css:2486:8
  2484 |   }
  2485 | }
> 2486 | @import url('https://fonts.googleapis.com/css2?family=Playfair+Display:ital,wght@0,400;0...
       |        ^
  2487 | :root {
  2488 |   --background: #F5F0E8;
  2489 |   --background-dark: #0D1B2A;

Import trace:
  Client Component Browser:
    ./src/app/globals.css [Client Component Browser]
    ./src/app/(public)/layout.tsx [Server Component] @ http://localhost:3000/_next/static/chunks/node_modules_next_dist_0u_w_5s._.js:1945
[   35854ms] [ERROR] ./src/app/globals.css:2486:8
Parsing CSS source code failed
  2484 |   }
  2485 | }
> 2486 | @import url('https://fonts.googleapis.com/css2?family=Playfair+Display:ital,wght@0,400;0...
       |        ^
  2487 | :root {
  2488 |   --background: #F5F0E8;
  2489 |   --background-dark: #0D1B2A;

@import rules must precede all rules aside from @charset and @layer statements

Generated code of PostCSS transform of file content of src/app/globals.css:
./src/app/globals.css:2486:8
  2484 |   }
  2485 | }
> 2486 | @import url('https://fonts.googleapis.com/css2?family=Playfair+Display:ital,wght@0,400;0...
       |        ^
  2487 | :root {
  2488 |   --background: #F5F0E8;
  2489 |   --background-dark: #0D1B2A;

Import trace:
  Client Component Browser:
    ./src/app/globals.css [Client Component Browser]
    ./src/app/(public)/layout.tsx [Server Component] @ http://localhost:3000/_next/static/chunks/node_modules_next_dist_0u_w_5s._.js:1945
[   35902ms] [ERROR] ./src/app/globals.css:2486:8
Parsing CSS source code failed
  2484 |   }
  2485 | }
> 2486 | @import url('https://fonts.googleapis.com/css2?family=Playfair+Display:ital,wght@0,400;0...
       |        ^
  2487 | :root {
  2488 |   --background: #F5F0E8;
  2489 |   --background-dark: #0D1B2A;

@import rules must precede all rules aside from @charset and @layer statements

Generated code of PostCSS transform of file content of src/app/globals.css:
./src/app/globals.css:2486:8
  2484 |   }
  2485 | }
> 2486 | @import url('https://fonts.googleapis.com/css2?family=Playfair+Display:ital,wght@0,400;0...
       |        ^
  2487 | :root {
  2488 |   --background: #F5F0E8;
  2489 |   --background-dark: #0D1B2A;

Import trace:
  Client Component Browser:
    ./src/app/globals.css [Client Component Browser]
    ./src/app/(public)/layout.tsx [Server Component] @ http://localhost:3000/_next/static/chunks/node_modules_next_dist_0u_w_5s._.js:1945
[   35953ms] [ERROR] ./src/app/globals.css:2486:8
Parsing CSS source code failed
  2484 |   }
  2485 | }
> 2486 | @import url('https://fonts.googleapis.com/css2?family=Playfair+Display:ital,wght@0,400;0...
       |        ^
  2487 | :root {
  2488 |   --background: #F5F0E8;
  2489 |   --background-dark: #0D1B2A;

@import rules must precede all rules aside from @charset and @layer statements

Generated code of PostCSS transform of file content of src/app/globals.css:
./src/app/globals.css:2486:8
  2484 |   }
  2485 | }
> 2486 | @import url('https://fonts.googleapis.com/css2?family=Playfair+Display:ital,wght@0,400;0...
       |        ^
  2487 | :root {
  2488 |   --background: #F5F0E8;
  2489 |   --background-dark: #0D1B2A;

Import trace:
  Client Component Browser:
    ./src/app/globals.css [Client Component Browser]
    ./src/app/(public)/layout.tsx [Server Component] @ http://localhost:3000/_next/static/chunks/node_modules_next_dist_0u_w_5s._.js:1945
[   36004ms] [ERROR] ./src/app/globals.css:2486:8
Parsing CSS source code failed
  2484 |   }
  2485 | }
> 2486 | @import url('https://fonts.googleapis.com/css2?family=Playfair+Display:ital,wght@0,400;0...
       |        ^
  2487 | :root {
  2488 |   --background: #F5F0E8;
  2489 |   --background-dark: #0D1B2A;

@import rules must precede all rules aside from @charset and @layer statements

Generated code of PostCSS transform of file content of src/app/globals.css:
./src/app/globals.css:2486:8
  2484 |   }
  2485 | }
> 2486 | @import url('https://fonts.googleapis.com/css2?family=Playfair+Display:ital,wght@0,400;0...
       |        ^
  2487 | :root {
  2488 |   --background: #F5F0E8;
  2489 |   --background-dark: #0D1B2A;

Import trace:
  Client Component Browser:
    ./src/app/globals.css [Client Component Browser]
    ./src/app/(public)/layout.tsx [Server Component] @ http://localhost:3000/_next/static/chunks/node_modules_next_dist_0u_w_5s._.js:1945
[   36056ms] [ERROR] ./src/app/globals.css:2486:8
Parsing CSS source code failed
  2484 |   }
  2485 | }
> 2486 | @import url('https://fonts.googleapis.com/css2?family=Playfair+Display:ital,wght@0,400;0...
       |        ^
  2487 | :root {
  2488 |   --background: #F5F0E8;
  2489 |   --background-dark: #0D1B2A;

@import rules must precede all rules aside from @charset and @layer statements

Generated code of PostCSS transform of file content of src/app/globals.css:
./src/app/globals.css:2486:8
  2484 |   }
  2485 | }
> 2486 | @import url('https://fonts.googleapis.com/css2?family=Playfair+Display:ital,wght@0,400;0...
       |        ^
  2487 | :root {
  2488 |   --background: #F5F0E8;
  2489 |   --background-dark: #0D1B2A;

Import trace:
  Client Component Browser:
    ./src/app/globals.css [Client Component Browser]
    ./src/app/(public)/layout.tsx [Server Component] @ http://localhost:3000/_next/static/chunks/node_modules_next_dist_0u_w_5s._.js:1945
[   36109ms] [ERROR] ./src/app/globals.css:2486:8
Parsing CSS source code failed
  2484 |   }
  2485 | }
> 2486 | @import url('https://fonts.googleapis.com/css2?family=Playfair+Display:ital,wght@0,400;0...
       |        ^
  2487 | :root {
  2488 |   --background: #F5F0E8;
  2489 |   --background-dark: #0D1B2A;

@import rules must precede all rules aside from @charset and @layer statements

Generated code of PostCSS transform of file content of src/app/globals.css:
./src/app/globals.css:2486:8
  2484 |   }
  2485 | }
> 2486 | @import url('https://fonts.googleapis.com/css2?family=Playfair+Display:ital,wght@0,400;0...
       |        ^
  2487 | :root {
  2488 |   --background: #F5F0E8;
  2489 |   --background-dark: #0D1B2A;

Import trace:
  Client Component Browser:
    ./src/app/globals.css [Client Component Browser]
    ./src/app/(public)/layout.tsx [Server Component] @ http://localhost:3000/_next/static/chunks/node_modules_next_dist_0u_w_5s._.js:1945
[   36183ms] [ERROR] ./src/app/globals.css:2486:8
Parsing CSS source code failed
  2484 |   }
  2485 | }
> 2486 | @import url('https://fonts.googleapis.com/css2?family=Playfair+Display:ital,wght@0,400;0...
       |        ^
  2487 | :root {
  2488 |   --background: #F5F0E8;
  2489 |   --background-dark: #0D1B2A;

@import rules must precede all rules aside from @charset and @layer statements

Generated code of PostCSS transform of file content of src/app/globals.css:
./src/app/globals.css:2486:8
  2484 |   }
  2485 | }
> 2486 | @import url('https://fonts.googleapis.com/css2?family=Playfair+Display:ital,wght@0,400;0...
       |        ^
  2487 | :root {
  2488 |   --background: #F5F0E8;
  2489 |   --background-dark: #0D1B2A;

Import trace:
  Client Component Browser:
    ./src/app/globals.css [Client Component Browser]
    ./src/app/(public)/layout.tsx [Server Component] @ http://localhost:3000/_next/static/chunks/node_modules_next_dist_0u_w_5s._.js:1945
[   36240ms] [ERROR] ./src/app/globals.css:2486:8
Parsing CSS source code failed
  2484 |   }
  2485 | }
> 2486 | @import url('https://fonts.googleapis.com/css2?family=Playfair+Display:ital,wght@0,400;0...
       |        ^
  2487 | :root {
  2488 |   --background: #F5F0E8;
  2489 |   --background-dark: #0D1B2A;

@import rules must precede all rules aside from @charset and @layer statements

Generated code of PostCSS transform of file content of src/app/globals.css:
./src/app/globals.css:2486:8
  2484 |   }
  2485 | }
> 2486 | @import url('https://fonts.googleapis.com/css2?family=Playfair+Display:ital,wght@0,400;0...
       |        ^
  2487 | :root {
  2488 |   --background: #F5F0E8;
  2489 |   --background-dark: #0D1B2A;

Import trace:
  Client Component Browser:
    ./src/app/globals.css [Client Component Browser]
    ./src/app/(public)/layout.tsx [Server Component] @ http://localhost:3000/_next/static/chunks/node_modules_next_dist_0u_w_5s._.js:1945
[   36296ms] [ERROR] ./src/app/globals.css:2486:8
Parsing CSS source code failed
  2484 |   }
  2485 | }
> 2486 | @import url('https://fonts.googleapis.com/css2?family=Playfair+Display:ital,wght@0,400;0...
       |        ^
  2487 | :root {
  2488 |   --background: #F5F0E8;
  2489 |   --background-dark: #0D1B2A;

@import rules must precede all rules aside from @charset and @layer statements

Generated code of PostCSS transform of file content of src/app/globals.css:
./src/app/globals.css:2486:8
  2484 |   }
  2485 | }
> 2486 | @import url('https://fonts.googleapis.com/css2?family=Playfair+Display:ital,wght@0,400;0...
       |        ^
  2487 | :root {
  2488 |   --background: #F5F0E8;
  2489 |   --background-dark: #0D1B2A;

Import trace:
  Client Component Browser:
    ./src/app/globals.css [Client Component Browser]
    ./src/app/(public)/layout.tsx [Server Component] @ http://localhost:3000/_next/static/chunks/node_modules_next_dist_0u_w_5s._.js:1945
[   36358ms] [ERROR] ./src/app/globals.css:2486:8
Parsing CSS source code failed
  2484 |   }
  2485 | }
> 2486 | @import url('https://fonts.googleapis.com/css2?family=Playfair+Display:ital,wght@0,400;0...
       |        ^
  2487 | :root {
  2488 |   --background: #F5F0E8;
  2489 |   --background-dark: #0D1B2A;

@import rules must precede all rules aside from @charset and @layer statements

Generated code of PostCSS transform of file content of src/app/globals.css:
./src/app/globals.css:2486:8
  2484 |   }
  2485 | }
> 2486 | @import url('https://fonts.googleapis.com/css2?family=Playfair+Display:ital,wght@0,400;0...
       |        ^
  2487 | :root {
  2488 |   --background: #F5F0E8;
  2489 |   --background-dark: #0D1B2A;

Import trace:
  Client Component Browser:
    ./src/app/globals.css [Client Component Browser]
    ./src/app/(public)/layout.tsx [Server Component] @ http://localhost:3000/_next/static/chunks/node_modules_next_dist_0u_w_5s._.js:1945
[   36408ms] [ERROR] ./src/app/globals.css:2486:8
Parsing CSS source code failed
  2484 |   }
  2485 | }
> 2486 | @import url('https://fonts.googleapis.com/css2?family=Playfair+Display:ital,wght@0,400;0...
       |        ^
  2487 | :root {
  2488 |   --background: #F5F0E8;
  2489 |   --background-dark: #0D1B2A;

@import rules must precede all rules aside from @charset and @layer statements

Generated code of PostCSS transform of file content of src/app/globals.css:
./src/app/globals.css:2486:8
  2484 |   }
  2485 | }
> 2486 | @import url('https://fonts.googleapis.com/css2?family=Playfair+Display:ital,wght@0,400;0...
       |        ^
  2487 | :root {
  2488 |   --background: #F5F0E8;
  2489 |   --background-dark: #0D1B2A;

Import trace:
  Client Component Browser:
    ./src/app/globals.css [Client Component Browser]
    ./src/app/(public)/layout.tsx [Server Component] @ http://localhost:3000/_next/static/chunks/node_modules_next_dist_0u_w_5s._.js:1945
[   36462ms] [ERROR] ./src/app/globals.css:2486:8
Parsing CSS source code failed
  2484 |   }
  2485 | }
> 2486 | @import url('https://fonts.googleapis.com/css2?family=Playfair+Display:ital,wght@0,400;0...
       |        ^
  2487 | :root {
  2488 |   --background: #F5F0E8;
  2489 |   --background-dark: #0D1B2A;

@import rules must precede all rules aside from @charset and @layer statements

Generated code of PostCSS transform of file content of src/app/globals.css:
./src/app/globals.css:2486:8
  2484 |   }
  2485 | }
> 2486 | @import url('https://fonts.googleapis.com/css2?family=Playfair+Display:ital,wght@0,400;0...
       |        ^
  2487 | :root {
  2488 |   --background: #F5F0E8;
  2489 |   --background-dark: #0D1B2A;

Import trace:
  Client Component Browser:
    ./src/app/globals.css [Client Component Browser]
    ./src/app/(public)/layout.tsx [Server Component] @ http://localhost:3000/_next/static/chunks/node_modules_next_dist_0u_w_5s._.js:1945
[   36511ms] [ERROR] ./src/app/globals.css:2486:8
Parsing CSS source code failed
  2484 |   }
  2485 | }
> 2486 | @import url('https://fonts.googleapis.com/css2?family=Playfair+Display:ital,wght@0,400;0...
       |        ^
  2487 | :root {
  2488 |   --background: #F5F0E8;
  2489 |   --background-dark: #0D1B2A;

@import rules must precede all rules aside from @charset and @layer statements

Generated code of PostCSS transform of file content of src/app/globals.css:
./src/app/globals.css:2486:8
  2484 |   }
  2485 | }
> 2486 | @import url('https://fonts.googleapis.com/css2?family=Playfair+Display:ital,wght@0,400;0...
       |        ^
  2487 | :root {
  2488 |   --background: #F5F0E8;
  2489 |   --background-dark: #0D1B2A;

Import trace:
  Client Component Browser:
    ./src/app/globals.css [Client Component Browser]
    ./src/app/(public)/layout.tsx [Server Component] @ http://localhost:3000/_next/static/chunks/node_modules_next_dist_0u_w_5s._.js:1945
[   36559ms] [ERROR] ./src/app/globals.css:2486:8
Parsing CSS source code failed
  2484 |   }
  2485 | }
> 2486 | @import url('https://fonts.googleapis.com/css2?family=Playfair+Display:ital,wght@0,400;0...
       |        ^
  2487 | :root {
  2488 |   --background: #F5F0E8;
  2489 |   --background-dark: #0D1B2A;

@import rules must precede all rules aside from @charset and @layer statements

Generated code of PostCSS transform of file content of src/app/globals.css:
./src/app/globals.css:2486:8
  2484 |   }
  2485 | }
> 2486 | @import url('https://fonts.googleapis.com/css2?family=Playfair+Display:ital,wght@0,400;0...
       |        ^
  2487 | :root {
  2488 |   --background: #F5F0E8;
  2489 |   --background-dark: #0D1B2A;

Import trace:
  Client Component Browser:
    ./src/app/globals.css [Client Component Browser]
    ./src/app/(public)/layout.tsx [Server Component] @ http://localhost:3000/_next/static/chunks/node_modules_next_dist_0u_w_5s._.js:1945
[   36609ms] [ERROR] ./src/app/globals.css:2486:8
Parsing CSS source code failed
  2484 |   }
  2485 | }
> 2486 | @import url('https://fonts.googleapis.com/css2?family=Playfair+Display:ital,wght@0,400;0...
       |        ^
  2487 | :root {
  2488 |   --background: #F5F0E8;
  2489 |   --background-dark: #0D1B2A;

@import rules must precede all rules aside from @charset and @layer statements

Generated code of PostCSS transform of file content of src/app/globals.css:
./src/app/globals.css:2486:8
  2484 |   }
  2485 | }
> 2486 | @import url('https://fonts.googleapis.com/css2?family=Playfair+Display:ital,wght@0,400;0...
       |        ^
  2487 | :root {
  2488 |   --background: #F5F0E8;
  2489 |   --background-dark: #0D1B2A;

Import trace:
  Client Component Browser:
    ./src/app/globals.css [Client Component Browser]
    ./src/app/(public)/layout.tsx [Server Component] @ http://localhost:3000/_next/static/chunks/node_modules_next_dist_0u_w_5s._.js:1945
[   36660ms] [ERROR] ./src/app/globals.css:2486:8
Parsing CSS source code failed
  2484 |   }
  2485 | }
> 2486 | @import url('https://fonts.googleapis.com/css2?family=Playfair+Display:ital,wght@0,400;0...
       |        ^
  2487 | :root {
  2488 |   --background: #F5F0E8;
  2489 |   --background-dark: #0D1B2A;

@import rules must precede all rules aside from @charset and @layer statements

Generated code of PostCSS transform of file content of src/app/globals.css:
./src/app/globals.css:2486:8
  2484 |   }
  2485 | }
> 2486 | @import url('https://fonts.googleapis.com/css2?family=Playfair+Display:ital,wght@0,400;0...
       |        ^
  2487 | :root {
  2488 |   --background: #F5F0E8;
  2489 |   --background-dark: #0D1B2A;

Import trace:
  Client Component Browser:
    ./src/app/globals.css [Client Component Browser]
    ./src/app/(public)/layout.tsx [Server Component] @ http://localhost:3000/_next/static/chunks/node_modules_next_dist_0u_w_5s._.js:1945
[   36710ms] [ERROR] ./src/app/globals.css:2486:8
Parsing CSS source code failed
  2484 |   }
  2485 | }
> 2486 | @import url('https://fonts.googleapis.com/css2?family=Playfair+Display:ital,wght@0,400;0...
       |        ^
  2487 | :root {
  2488 |   --background: #F5F0E8;
  2489 |   --background-dark: #0D1B2A;

@import rules must precede all rules aside from @charset and @layer statements

Generated code of PostCSS transform of file content of src/app/globals.css:
./src/app/globals.css:2486:8
  2484 |   }
  2485 | }
> 2486 | @import url('https://fonts.googleapis.com/css2?family=Playfair+Display:ital,wght@0,400;0...
       |        ^
  2487 | :root {
  2488 |   --background: #F5F0E8;
  2489 |   --background-dark: #0D1B2A;

Import trace:
  Client Component Browser:
    ./src/app/globals.css [Client Component Browser]
    ./src/app/(public)/layout.tsx [Server Component] @ http://localhost:3000/_next/static/chunks/node_modules_next_dist_0u_w_5s._.js:1945
[   36763ms] [ERROR] ./src/app/globals.css:2486:8
Parsing CSS source code failed
  2484 |   }
  2485 | }
> 2486 | @import url('https://fonts.googleapis.com/css2?family=Playfair+Display:ital,wght@0,400;0...
       |        ^
  2487 | :root {
  2488 |   --background: #F5F0E8;
  2489 |   --background-dark: #0D1B2A;

@import rules must precede all rules aside from @charset and @layer statements

Generated code of PostCSS transform of file content of src/app/globals.css:
./src/app/globals.css:2486:8
  2484 |   }
  2485 | }
> 2486 | @import url('https://fonts.googleapis.com/css2?family=Playfair+Display:ital,wght@0,400;0...
       |        ^
  2487 | :root {
  2488 |   --background: #F5F0E8;
  2489 |   --background-dark: #0D1B2A;

Import trace:
  Client Component Browser:
    ./src/app/globals.css [Client Component Browser]
    ./src/app/(public)/layout.tsx [Server Component] @ http://localhost:3000/_next/static/chunks/node_modules_next_dist_0u_w_5s._.js:1945
[   36821ms] [ERROR] ./src/app/globals.css:2486:8
Parsing CSS source code failed
  2484 |   }
  2485 | }
> 2486 | @import url('https://fonts.googleapis.com/css2?family=Playfair+Display:ital,wght@0,400;0...
       |        ^
  2487 | :root {
  2488 |   --background: #F5F0E8;
  2489 |   --background-dark: #0D1B2A;

@import rules must precede all rules aside from @charset and @layer statements

Generated code of PostCSS transform of file content of src/app/globals.css:
./src/app/globals.css:2486:8
  2484 |   }
  2485 | }
> 2486 | @import url('https://fonts.googleapis.com/css2?family=Playfair+Display:ital,wght@0,400;0...
       |        ^
  2487 | :root {
  2488 |   --background: #F5F0E8;
  2489 |   --background-dark: #0D1B2A;

Import trace:
  Client Component Browser:
    ./src/app/globals.css [Client Component Browser]
    ./src/app/(public)/layout.tsx [Server Component] @ http://localhost:3000/_next/static/chunks/node_modules_next_dist_0u_w_5s._.js:1945
[   36874ms] [ERROR] ./src/app/globals.css:2486:8
Parsing CSS source code failed
  2484 |   }
  2485 | }
> 2486 | @import url('https://fonts.googleapis.com/css2?family=Playfair+Display:ital,wght@0,400;0...
       |        ^
  2487 | :root {
  2488 |   --background: #F5F0E8;
  2489 |   --background-dark: #0D1B2A;

@import rules must precede all rules aside from @charset and @layer statements

Generated code of PostCSS transform of file content of src/app/globals.css:
./src/app/globals.css:2486:8
  2484 |   }
  2485 | }
> 2486 | @import url('https://fonts.googleapis.com/css2?family=Playfair+Display:ital,wght@0,400;0...
       |        ^
  2487 | :root {
  2488 |   --background: #F5F0E8;
  2489 |   --background-dark: #0D1B2A;

Import trace:
  Client Component Browser:
    ./src/app/globals.css [Client Component Browser]
    ./src/app/(public)/layout.tsx [Server Component] @ http://localhost:3000/_next/static/chunks/node_modules_next_dist_0u_w_5s._.js:1945
[   36925ms] [ERROR] ./src/app/globals.css:2486:8
Parsing CSS source code failed
  2484 |   }
  2485 | }
> 2486 | @import url('https://fonts.googleapis.com/css2?family=Playfair+Display:ital,wght@0,400;0...
       |        ^
  2487 | :root {
  2488 |   --background: #F5F0E8;
  2489 |   --background-dark: #0D1B2A;

@import rules must precede all rules aside from @charset and @layer statements

Generated code of PostCSS transform of file content of src/app/globals.css:
./src/app/globals.css:2486:8
  2484 |   }
  2485 | }
> 2486 | @import url('https://fonts.googleapis.com/css2?family=Playfair+Display:ital,wght@0,400;0...
       |        ^
  2487 | :root {
  2488 |   --background: #F5F0E8;
  2489 |   --background-dark: #0D1B2A;

Import trace:
  Client Component Browser:
    ./src/app/globals.css [Client Component Browser]
    ./src/app/(public)/layout.tsx [Server Component] @ http://localhost:3000/_next/static/chunks/node_modules_next_dist_0u_w_5s._.js:1945
[   36976ms] [ERROR] ./src/app/globals.css:2486:8
Parsing CSS source code failed
  2484 |   }
  2485 | }
> 2486 | @import url('https://fonts.googleapis.com/css2?family=Playfair+Display:ital,wght@0,400;0...
       |        ^
  2487 | :root {
  2488 |   --background: #F5F0E8;
  2489 |   --background-dark: #0D1B2A;

@import rules must precede all rules aside from @charset and @layer statements

Generated code of PostCSS transform of file content of src/app/globals.css:
./src/app/globals.css:2486:8
  2484 |   }
  2485 | }
> 2486 | @import url('https://fonts.googleapis.com/css2?family=Playfair+Display:ital,wght@0,400;0...
       |        ^
  2487 | :root {
  2488 |   --background: #F5F0E8;
  2489 |   --background-dark: #0D1B2A;

Import trace:
  Client Component Browser:
    ./src/app/globals.css [Client Component Browser]
    ./src/app/(public)/layout.tsx [Server Component] @ http://localhost:3000/_next/static/chunks/node_modules_next_dist_0u_w_5s._.js:1945
[   37027ms] [ERROR] ./src/app/globals.css:2486:8
Parsing CSS source code failed
  2484 |   }
  2485 | }
> 2486 | @import url('https://fonts.googleapis.com/css2?family=Playfair+Display:ital,wght@0,400;0...
       |        ^
  2487 | :root {
  2488 |   --background: #F5F0E8;
  2489 |   --background-dark: #0D1B2A;

@import rules must precede all rules aside from @charset and @layer statements

Generated code of PostCSS transform of file content of src/app/globals.css:
./src/app/globals.css:2486:8
  2484 |   }
  2485 | }
> 2486 | @import url('https://fonts.googleapis.com/css2?family=Playfair+Display:ital,wght@0,400;0...
       |        ^
  2487 | :root {
  2488 |   --background: #F5F0E8;
  2489 |   --background-dark: #0D1B2A;

Import trace:
  Client Component Browser:
    ./src/app/globals.css [Client Component Browser]
    ./src/app/(public)/layout.tsx [Server Component] @ http://localhost:3000/_next/static/chunks/node_modules_next_dist_0u_w_5s._.js:1945
[   37087ms] [ERROR] ./src/app/globals.css:2486:8
Parsing CSS source code failed
  2484 |   }
  2485 | }
> 2486 | @import url('https://fonts.googleapis.com/css2?family=Playfair+Display:ital,wght@0,400;0...
       |        ^
  2487 | :root {
  2488 |   --background: #F5F0E8;
  2489 |   --background-dark: #0D1B2A;

@import rules must precede all rules aside from @charset and @layer statements

Generated code of PostCSS transform of file content of src/app/globals.css:
./src/app/globals.css:2486:8
  2484 |   }
  2485 | }
> 2486 | @import url('https://fonts.googleapis.com/css2?family=Playfair+Display:ital,wght@0,400;0...
       |        ^
  2487 | :root {
  2488 |   --background: #F5F0E8;
  2489 |   --background-dark: #0D1B2A;

Import trace:
  Client Component Browser:
    ./src/app/globals.css [Client Component Browser]
    ./src/app/(public)/layout.tsx [Server Component] @ http://localhost:3000/_next/static/chunks/node_modules_next_dist_0u_w_5s._.js:1945
[   37143ms] [ERROR] ./src/app/globals.css:2486:8
Parsing CSS source code failed
  2484 |   }
  2485 | }
> 2486 | @import url('https://fonts.googleapis.com/css2?family=Playfair+Display:ital,wght@0,400;0...
       |        ^
  2487 | :root {
  2488 |   --background: #F5F0E8;
  2489 |   --background-dark: #0D1B2A;

@import rules must precede all rules aside from @charset and @layer statements

Generated code of PostCSS transform of file content of src/app/globals.css:
./src/app/globals.css:2486:8
  2484 |   }
  2485 | }
> 2486 | @import url('https://fonts.googleapis.com/css2?family=Playfair+Display:ital,wght@0,400;0...
       |        ^
  2487 | :root {
  2488 |   --background: #F5F0E8;
  2489 |   --background-dark: #0D1B2A;

Import trace:
  Client Component Browser:
    ./src/app/globals.css [Client Component Browser]
    ./src/app/(public)/layout.tsx [Server Component] @ http://localhost:3000/_next/static/chunks/node_modules_next_dist_0u_w_5s._.js:1945
[   37193ms] [ERROR] ./src/app/globals.css:2486:8
Parsing CSS source code failed
  2484 |   }
  2485 | }
> 2486 | @import url('https://fonts.googleapis.com/css2?family=Playfair+Display:ital,wght@0,400;0...
       |        ^
  2487 | :root {
  2488 |   --background: #F5F0E8;
  2489 |   --background-dark: #0D1B2A;

@import rules must precede all rules aside from @charset and @layer statements

Generated code of PostCSS transform of file content of src/app/globals.css:
./src/app/globals.css:2486:8
  2484 |   }
  2485 | }
> 2486 | @import url('https://fonts.googleapis.com/css2?family=Playfair+Display:ital,wght@0,400;0...
       |        ^
  2487 | :root {
  2488 |   --background: #F5F0E8;
  2489 |   --background-dark: #0D1B2A;

Import trace:
  Client Component Browser:
    ./src/app/globals.css [Client Component Browser]
    ./src/app/(public)/layout.tsx [Server Component] @ http://localhost:3000/_next/static/chunks/node_modules_next_dist_0u_w_5s._.js:1945
[   37246ms] [ERROR] ./src/app/globals.css:2486:8
Parsing CSS source code failed
  2484 |   }
  2485 | }
> 2486 | @import url('https://fonts.googleapis.com/css2?family=Playfair+Display:ital,wght@0,400;0...
       |        ^
  2487 | :root {
  2488 |   --background: #F5F0E8;
  2489 |   --background-dark: #0D1B2A;

@import rules must precede all rules aside from @charset and @layer statements

Generated code of PostCSS transform of file content of src/app/globals.css:
./src/app/globals.css:2486:8
  2484 |   }
  2485 | }
> 2486 | @import url('https://fonts.googleapis.com/css2?family=Playfair+Display:ital,wght@0,400;0...
       |        ^
  2487 | :root {
  2488 |   --background: #F5F0E8;
  2489 |   --background-dark: #0D1B2A;

Import trace:
  Client Component Browser:
    ./src/app/globals.css [Client Component Browser]
    ./src/app/(public)/layout.tsx [Server Component] @ http://localhost:3000/_next/static/chunks/node_modules_next_dist_0u_w_5s._.js:1945
[   37301ms] [ERROR] ./src/app/globals.css:2486:8
Parsing CSS source code failed
  2484 |   }
  2485 | }
> 2486 | @import url('https://fonts.googleapis.com/css2?family=Playfair+Display:ital,wght@0,400;0...
       |        ^
  2487 | :root {
  2488 |   --background: #F5F0E8;
  2489 |   --background-dark: #0D1B2A;

@import rules must precede all rules aside from @charset and @layer statements

Generated code of PostCSS transform of file content of src/app/globals.css:
./src/app/globals.css:2486:8
  2484 |   }
  2485 | }
> 2486 | @import url('https://fonts.googleapis.com/css2?family=Playfair+Display:ital,wght@0,400;0...
       |        ^
  2487 | :root {
  2488 |   --background: #F5F0E8;
  2489 |   --background-dark: #0D1B2A;

Import trace:
  Client Component Browser:
    ./src/app/globals.css [Client Component Browser]
    ./src/app/(public)/layout.tsx [Server Component] @ http://localhost:3000/_next/static/chunks/node_modules_next_dist_0u_w_5s._.js:1945
[   37354ms] [ERROR] ./src/app/globals.css:2486:8
Parsing CSS source code failed
  2484 |   }
  2485 | }
> 2486 | @import url('https://fonts.googleapis.com/css2?family=Playfair+Display:ital,wght@0,400;0...
       |        ^
  2487 | :root {
  2488 |   --background: #F5F0E8;
  2489 |   --background-dark: #0D1B2A;

@import rules must precede all rules aside from @charset and @layer statements

Generated code of PostCSS transform of file content of src/app/globals.css:
./src/app/globals.css:2486:8
  2484 |   }
  2485 | }
> 2486 | @import url('https://fonts.googleapis.com/css2?family=Playfair+Display:ital,wght@0,400;0...
       |        ^
  2487 | :root {
  2488 |   --background: #F5F0E8;
  2489 |   --background-dark: #0D1B2A;

Import trace:
  Client Component Browser:
    ./src/app/globals.css [Client Component Browser]
    ./src/app/(public)/layout.tsx [Server Component] @ http://localhost:3000/_next/static/chunks/node_modules_next_dist_0u_w_5s._.js:1945
[   37403ms] [ERROR] ./src/app/globals.css:2486:8
Parsing CSS source code failed
  2484 |   }
  2485 | }
> 2486 | @import url('https://fonts.googleapis.com/css2?family=Playfair+Display:ital,wght@0,400;0...
       |        ^
  2487 | :root {
  2488 |   --background: #F5F0E8;
  2489 |   --background-dark: #0D1B2A;

@import rules must precede all rules aside from @charset and @layer statements

Generated code of PostCSS transform of file content of src/app/globals.css:
./src/app/globals.css:2486:8
  2484 |   }
  2485 | }
> 2486 | @import url('https://fonts.googleapis.com/css2?family=Playfair+Display:ital,wght@0,400;0...
       |        ^
  2487 | :root {
  2488 |   --background: #F5F0E8;
  2489 |   --background-dark: #0D1B2A;

Import trace:
  Client Component Browser:
    ./src/app/globals.css [Client Component Browser]
    ./src/app/(public)/layout.tsx [Server Component] @ http://localhost:3000/_next/static/chunks/node_modules_next_dist_0u_w_5s._.js:1945
[   37455ms] [ERROR] ./src/app/globals.css:2486:8
Parsing CSS source code failed
  2484 |   }
  2485 | }
> 2486 | @import url('https://fonts.googleapis.com/css2?family=Playfair+Display:ital,wght@0,400;0...
       |        ^
  2487 | :root {
  2488 |   --background: #F5F0E8;
  2489 |   --background-dark: #0D1B2A;

@import rules must precede all rules aside from @charset and @layer statements

Generated code of PostCSS transform of file content of src/app/globals.css:
./src/app/globals.css:2486:8
  2484 |   }
  2485 | }
> 2486 | @import url('https://fonts.googleapis.com/css2?family=Playfair+Display:ital,wght@0,400;0...
       |        ^
  2487 | :root {
  2488 |   --background: #F5F0E8;
  2489 |   --background-dark: #0D1B2A;

Import trace:
  Client Component Browser:
    ./src/app/globals.css [Client Component Browser]
    ./src/app/(public)/layout.tsx [Server Component] @ http://localhost:3000/_next/static/chunks/node_modules_next_dist_0u_w_5s._.js:1945
[   37508ms] [ERROR] ./src/app/globals.css:2486:8
Parsing CSS source code failed
  2484 |   }
  2485 | }
> 2486 | @import url('https://fonts.googleapis.com/css2?family=Playfair+Display:ital,wght@0,400;0...
       |        ^
  2487 | :root {
  2488 |   --background: #F5F0E8;
  2489 |   --background-dark: #0D1B2A;

@import rules must precede all rules aside from @charset and @layer statements

Generated code of PostCSS transform of file content of src/app/globals.css:
./src/app/globals.css:2486:8
  2484 |   }
  2485 | }
> 2486 | @import url('https://fonts.googleapis.com/css2?family=Playfair+Display:ital,wght@0,400;0...
       |        ^
  2487 | :root {
  2488 |   --background: #F5F0E8;
  2489 |   --background-dark: #0D1B2A;

Import trace:
  Client Component Browser:
    ./src/app/globals.css [Client Component Browser]
    ./src/app/(public)/layout.tsx [Server Component] @ http://localhost:3000/_next/static/chunks/node_modules_next_dist_0u_w_5s._.js:1945
[   37560ms] [ERROR] ./src/app/globals.css:2486:8
Parsing CSS source code failed
  2484 |   }
  2485 | }
> 2486 | @import url('https://fonts.googleapis.com/css2?family=Playfair+Display:ital,wght@0,400;0...
       |        ^
  2487 | :root {
  2488 |   --background: #F5F0E8;
  2489 |   --background-dark: #0D1B2A;

@import rules must precede all rules aside from @charset and @layer statements

Generated code of PostCSS transform of file content of src/app/globals.css:
./src/app/globals.css:2486:8
  2484 |   }
  2485 | }
> 2486 | @import url('https://fonts.googleapis.com/css2?family=Playfair+Display:ital,wght@0,400;0...
       |        ^
  2487 | :root {
  2488 |   --background: #F5F0E8;
  2489 |   --background-dark: #0D1B2A;

Import trace:
  Client Component Browser:
    ./src/app/globals.css [Client Component Browser]
    ./src/app/(public)/layout.tsx [Server Component] @ http://localhost:3000/_next/static/chunks/node_modules_next_dist_0u_w_5s._.js:1945
[   37610ms] [ERROR] ./src/app/globals.css:2486:8
Parsing CSS source code failed
  2484 |   }
  2485 | }
> 2486 | @import url('https://fonts.googleapis.com/css2?family=Playfair+Display:ital,wght@0,400;0...
       |        ^
  2487 | :root {
  2488 |   --background: #F5F0E8;
  2489 |   --background-dark: #0D1B2A;

@import rules must precede all rules aside from @charset and @layer statements

Generated code of PostCSS transform of file content of src/app/globals.css:
./src/app/globals.css:2486:8
  2484 |   }
  2485 | }
> 2486 | @import url('https://fonts.googleapis.com/css2?family=Playfair+Display:ital,wght@0,400;0...
       |        ^
  2487 | :root {
  2488 |   --background: #F5F0E8;
  2489 |   --background-dark: #0D1B2A;

Import trace:
  Client Component Browser:
    ./src/app/globals.css [Client Component Browser]
    ./src/app/(public)/layout.tsx [Server Component] @ http://localhost:3000/_next/static/chunks/node_modules_next_dist_0u_w_5s._.js:1945
[   37669ms] [ERROR] ./src/app/globals.css:2486:8
Parsing CSS source code failed
  2484 |   }
  2485 | }
> 2486 | @import url('https://fonts.googleapis.com/css2?family=Playfair+Display:ital,wght@0,400;0...
       |        ^
  2487 | :root {
  2488 |   --background: #F5F0E8;
  2489 |   --background-dark: #0D1B2A;

@import rules must precede all rules aside from @charset and @layer statements

Generated code of PostCSS transform of file content of src/app/globals.css:
./src/app/globals.css:2486:8
  2484 |   }
  2485 | }
> 2486 | @import url('https://fonts.googleapis.com/css2?family=Playfair+Display:ital,wght@0,400;0...
       |        ^
  2487 | :root {
  2488 |   --background: #F5F0E8;
  2489 |   --background-dark: #0D1B2A;

Import trace:
  Client Component Browser:
    ./src/app/globals.css [Client Component Browser]
    ./src/app/(public)/layout.tsx [Server Component] @ http://localhost:3000/_next/static/chunks/node_modules_next_dist_0u_w_5s._.js:1945
[   37720ms] [ERROR] ./src/app/globals.css:2486:8
Parsing CSS source code failed
  2484 |   }
  2485 | }
> 2486 | @import url('https://fonts.googleapis.com/css2?family=Playfair+Display:ital,wght@0,400;0...
       |        ^
  2487 | :root {
  2488 |   --background: #F5F0E8;
  2489 |   --background-dark: #0D1B2A;

@import rules must precede all rules aside from @charset and @layer statements

Generated code of PostCSS transform of file content of src/app/globals.css:
./src/app/globals.css:2486:8
  2484 |   }
  2485 | }
> 2486 | @import url('https://fonts.googleapis.com/css2?family=Playfair+Display:ital,wght@0,400;0...
       |        ^
  2487 | :root {
  2488 |   --background: #F5F0E8;
  2489 |   --background-dark: #0D1B2A;

Import trace:
  Client Component Browser:
    ./src/app/globals.css [Client Component Browser]
    ./src/app/(public)/layout.tsx [Server Component] @ http://localhost:3000/_next/static/chunks/node_modules_next_dist_0u_w_5s._.js:1945
[   37771ms] [ERROR] ./src/app/globals.css:2486:8
Parsing CSS source code failed
  2484 |   }
  2485 | }
> 2486 | @import url('https://fonts.googleapis.com/css2?family=Playfair+Display:ital,wght@0,400;0...
       |        ^
  2487 | :root {
  2488 |   --background: #F5F0E8;
  2489 |   --background-dark: #0D1B2A;

@import rules must precede all rules aside from @charset and @layer statements

Generated code of PostCSS transform of file content of src/app/globals.css:
./src/app/globals.css:2486:8
  2484 |   }
  2485 | }
> 2486 | @import url('https://fonts.googleapis.com/css2?family=Playfair+Display:ital,wght@0,400;0...
       |        ^
  2487 | :root {
  2488 |   --background: #F5F0E8;
  2489 |   --background-dark: #0D1B2A;

Import trace:
  Client Component Browser:
    ./src/app/globals.css [Client Component Browser]
    ./src/app/(public)/layout.tsx [Server Component] @ http://localhost:3000/_next/static/chunks/node_modules_next_dist_0u_w_5s._.js:1945
[   37820ms] [ERROR] ./src/app/globals.css:2486:8
Parsing CSS source code failed
  2484 |   }
  2485 | }
> 2486 | @import url('https://fonts.googleapis.com/css2?family=Playfair+Display:ital,wght@0,400;0...
       |        ^
  2487 | :root {
  2488 |   --background: #F5F0E8;
  2489 |   --background-dark: #0D1B2A;

@import rules must precede all rules aside from @charset and @layer statements

Generated code of PostCSS transform of file content of src/app/globals.css:
./src/app/globals.css:2486:8
  2484 |   }
  2485 | }
> 2486 | @import url('https://fonts.googleapis.com/css2?family=Playfair+Display:ital,wght@0,400;0...
       |        ^
  2487 | :root {
  2488 |   --background: #F5F0E8;
  2489 |   --background-dark: #0D1B2A;

Import trace:
  Client Component Browser:
    ./src/app/globals.css [Client Component Browser]
    ./src/app/(public)/layout.tsx [Server Component] @ http://localhost:3000/_next/static/chunks/node_modules_next_dist_0u_w_5s._.js:1945
[   37873ms] [ERROR] ./src/app/globals.css:2486:8
Parsing CSS source code failed
  2484 |   }
  2485 | }
> 2486 | @import url('https://fonts.googleapis.com/css2?family=Playfair+Display:ital,wght@0,400;0...
       |        ^
  2487 | :root {
  2488 |   --background: #F5F0E8;
  2489 |   --background-dark: #0D1B2A;

@import rules must precede all rules aside from @charset and @layer statements

Generated code of PostCSS transform of file content of src/app/globals.css:
./src/app/globals.css:2486:8
  2484 |   }
  2485 | }
> 2486 | @import url('https://fonts.googleapis.com/css2?family=Playfair+Display:ital,wght@0,400;0...
       |        ^
  2487 | :root {
  2488 |   --background: #F5F0E8;
  2489 |   --background-dark: #0D1B2A;

Import trace:
  Client Component Browser:
    ./src/app/globals.css [Client Component Browser]
    ./src/app/(public)/layout.tsx [Server Component] @ http://localhost:3000/_next/static/chunks/node_modules_next_dist_0u_w_5s._.js:1945
[   37925ms] [ERROR] ./src/app/globals.css:2486:8
Parsing CSS source code failed
  2484 |   }
  2485 | }
> 2486 | @import url('https://fonts.googleapis.com/css2?family=Playfair+Display:ital,wght@0,400;0...
       |        ^
  2487 | :root {
  2488 |   --background: #F5F0E8;
  2489 |   --background-dark: #0D1B2A;

@import rules must precede all rules aside from @charset and @layer statements

Generated code of PostCSS transform of file content of src/app/globals.css:
./src/app/globals.css:2486:8
  2484 |   }
  2485 | }
> 2486 | @import url('https://fonts.googleapis.com/css2?family=Playfair+Display:ital,wght@0,400;0...
       |        ^
  2487 | :root {
  2488 |   --background: #F5F0E8;
  2489 |   --background-dark: #0D1B2A;

Import trace:
  Client Component Browser:
    ./src/app/globals.css [Client Component Browser]
    ./src/app/(public)/layout.tsx [Server Component] @ http://localhost:3000/_next/static/chunks/node_modules_next_dist_0u_w_5s._.js:1945
[   37976ms] [ERROR] ./src/app/globals.css:2486:8
Parsing CSS source code failed
  2484 |   }
  2485 | }
> 2486 | @import url('https://fonts.googleapis.com/css2?family=Playfair+Display:ital,wght@0,400;0...
       |        ^
  2487 | :root {
  2488 |   --background: #F5F0E8;
  2489 |   --background-dark: #0D1B2A;

@import rules must precede all rules aside from @charset and @layer statements

Generated code of PostCSS transform of file content of src/app/globals.css:
./src/app/globals.css:2486:8
  2484 |   }
  2485 | }
> 2486 | @import url('https://fonts.googleapis.com/css2?family=Playfair+Display:ital,wght@0,400;0...
       |        ^
  2487 | :root {
  2488 |   --background: #F5F0E8;
  2489 |   --background-dark: #0D1B2A;

Import trace:
  Client Component Browser:
    ./src/app/globals.css [Client Component Browser]
    ./src/app/(public)/layout.tsx [Server Component] @ http://localhost:3000/_next/static/chunks/node_modules_next_dist_0u_w_5s._.js:1945
[   38035ms] [ERROR] ./src/app/globals.css:2486:8
Parsing CSS source code failed
  2484 |   }
  2485 | }
> 2486 | @import url('https://fonts.googleapis.com/css2?family=Playfair+Display:ital,wght@0,400;0...
       |        ^
  2487 | :root {
  2488 |   --background: #F5F0E8;
  2489 |   --background-dark: #0D1B2A;

@import rules must precede all rules aside from @charset and @layer statements

Generated code of PostCSS transform of file content of src/app/globals.css:
./src/app/globals.css:2486:8
  2484 |   }
  2485 | }
> 2486 | @import url('https://fonts.googleapis.com/css2?family=Playfair+Display:ital,wght@0,400;0...
       |        ^
  2487 | :root {
  2488 |   --background: #F5F0E8;
  2489 |   --background-dark: #0D1B2A;

Import trace:
  Client Component Browser:
    ./src/app/globals.css [Client Component Browser]
    ./src/app/(public)/layout.tsx [Server Component] @ http://localhost:3000/_next/static/chunks/node_modules_next_dist_0u_w_5s._.js:1945
[   38093ms] [ERROR] ./src/app/globals.css:2486:8
Parsing CSS source code failed
  2484 |   }
  2485 | }
> 2486 | @import url('https://fonts.googleapis.com/css2?family=Playfair+Display:ital,wght@0,400;0...
       |        ^
  2487 | :root {
  2488 |   --background: #F5F0E8;
  2489 |   --background-dark: #0D1B2A;

@import rules must precede all rules aside from @charset and @layer statements

Generated code of PostCSS transform of file content of src/app/globals.css:
./src/app/globals.css:2486:8
  2484 |   }
  2485 | }
> 2486 | @import url('https://fonts.googleapis.com/css2?family=Playfair+Display:ital,wght@0,400;0...
       |        ^
  2487 | :root {
  2488 |   --background: #F5F0E8;
  2489 |   --background-dark: #0D1B2A;

Import trace:
  Client Component Browser:
    ./src/app/globals.css [Client Component Browser]
    ./src/app/(public)/layout.tsx [Server Component] @ http://localhost:3000/_next/static/chunks/node_modules_next_dist_0u_w_5s._.js:1945
[   38169ms] [ERROR] ./src/app/globals.css:2486:8
Parsing CSS source code failed
  2484 |   }
  2485 | }
> 2486 | @import url('https://fonts.googleapis.com/css2?family=Playfair+Display:ital,wght@0,400;0...
       |        ^
  2487 | :root {
  2488 |   --background: #F5F0E8;
  2489 |   --background-dark: #0D1B2A;

@import rules must precede all rules aside from @charset and @layer statements

Generated code of PostCSS transform of file content of src/app/globals.css:
./src/app/globals.css:2486:8
  2484 |   }
  2485 | }
> 2486 | @import url('https://fonts.googleapis.com/css2?family=Playfair+Display:ital,wght@0,400;0...
       |        ^
  2487 | :root {
  2488 |   --background: #F5F0E8;
  2489 |   --background-dark: #0D1B2A;

Import trace:
  Client Component Browser:
    ./src/app/globals.css [Client Component Browser]
    ./src/app/(public)/layout.tsx [Server Component] @ http://localhost:3000/_next/static/chunks/node_modules_next_dist_0u_w_5s._.js:1945
[   38220ms] [ERROR] ./src/app/globals.css:2486:8
Parsing CSS source code failed
  2484 |   }
  2485 | }
> 2486 | @import url('https://fonts.googleapis.com/css2?family=Playfair+Display:ital,wght@0,400;0...
       |        ^
  2487 | :root {
  2488 |   --background: #F5F0E8;
  2489 |   --background-dark: #0D1B2A;

@import rules must precede all rules aside from @charset and @layer statements

Generated code of PostCSS transform of file content of src/app/globals.css:
./src/app/globals.css:2486:8
  2484 |   }
  2485 | }
> 2486 | @import url('https://fonts.googleapis.com/css2?family=Playfair+Display:ital,wght@0,400;0...
       |        ^
  2487 | :root {
  2488 |   --background: #F5F0E8;
  2489 |   --background-dark: #0D1B2A;

Import trace:
  Client Component Browser:
    ./src/app/globals.css [Client Component Browser]
    ./src/app/(public)/layout.tsx [Server Component] @ http://localhost:3000/_next/static/chunks/node_modules_next_dist_0u_w_5s._.js:1945
[   38273ms] [ERROR] ./src/app/globals.css:2486:8
Parsing CSS source code failed
  2484 |   }
  2485 | }
> 2486 | @import url('https://fonts.googleapis.com/css2?family=Playfair+Display:ital,wght@0,400;0...
       |        ^
  2487 | :root {
  2488 |   --background: #F5F0E8;
  2489 |   --background-dark: #0D1B2A;

@import rules must precede all rules aside from @charset and @layer statements

Generated code of PostCSS transform of file content of src/app/globals.css:
./src/app/globals.css:2486:8
  2484 |   }
  2485 | }
> 2486 | @import url('https://fonts.googleapis.com/css2?family=Playfair+Display:ital,wght@0,400;0...
       |        ^
  2487 | :root {
  2488 |   --background: #F5F0E8;
  2489 |   --background-dark: #0D1B2A;

Import trace:
  Client Component Browser:
    ./src/app/globals.css [Client Component Browser]
    ./src/app/(public)/layout.tsx [Server Component] @ http://localhost:3000/_next/static/chunks/node_modules_next_dist_0u_w_5s._.js:1945
[   38326ms] [ERROR] ./src/app/globals.css:2486:8
Parsing CSS source code failed
  2484 |   }
  2485 | }
> 2486 | @import url('https://fonts.googleapis.com/css2?family=Playfair+Display:ital,wght@0,400;0...
       |        ^
  2487 | :root {
  2488 |   --background: #F5F0E8;
  2489 |   --background-dark: #0D1B2A;

@import rules must precede all rules aside from @charset and @layer statements

Generated code of PostCSS transform of file content of src/app/globals.css:
./src/app/globals.css:2486:8
  2484 |   }
  2485 | }
> 2486 | @import url('https://fonts.googleapis.com/css2?family=Playfair+Display:ital,wght@0,400;0...
       |        ^
  2487 | :root {
  2488 |   --background: #F5F0E8;
  2489 |   --background-dark: #0D1B2A;

Import trace:
  Client Component Browser:
    ./src/app/globals.css [Client Component Browser]
    ./src/app/(public)/layout.tsx [Server Component] @ http://localhost:3000/_next/static/chunks/node_modules_next_dist_0u_w_5s._.js:1945
[   38379ms] [ERROR] ./src/app/globals.css:2486:8
Parsing CSS source code failed
  2484 |   }
  2485 | }
> 2486 | @import url('https://fonts.googleapis.com/css2?family=Playfair+Display:ital,wght@0,400;0...
       |        ^
  2487 | :root {
  2488 |   --background: #F5F0E8;
  2489 |   --background-dark: #0D1B2A;

@import rules must precede all rules aside from @charset and @layer statements

Generated code of PostCSS transform of file content of src/app/globals.css:
./src/app/globals.css:2486:8
  2484 |   }
  2485 | }
> 2486 | @import url('https://fonts.googleapis.com/css2?family=Playfair+Display:ital,wght@0,400;0...
       |        ^
  2487 | :root {
  2488 |   --background: #F5F0E8;
  2489 |   --background-dark: #0D1B2A;

Import trace:
  Client Component Browser:
    ./src/app/globals.css [Client Component Browser]
    ./src/app/(public)/layout.tsx [Server Component] @ http://localhost:3000/_next/static/chunks/node_modules_next_dist_0u_w_5s._.js:1945
[   38438ms] [ERROR] ./src/app/globals.css:2486:8
Parsing CSS source code failed
  2484 |   }
  2485 | }
> 2486 | @import url('https://fonts.googleapis.com/css2?family=Playfair+Display:ital,wght@0,400;0...
       |        ^
  2487 | :root {
  2488 |   --background: #F5F0E8;
  2489 |   --background-dark: #0D1B2A;

@import rules must precede all rules aside from @charset and @layer statements

Generated code of PostCSS transform of file content of src/app/globals.css:
./src/app/globals.css:2486:8
  2484 |   }
  2485 | }
> 2486 | @import url('https://fonts.googleapis.com/css2?family=Playfair+Display:ital,wght@0,400;0...
       |        ^
  2487 | :root {
  2488 |   --background: #F5F0E8;
  2489 |   --background-dark: #0D1B2A;

Import trace:
  Client Component Browser:
    ./src/app/globals.css [Client Component Browser]
    ./src/app/(public)/layout.tsx [Server Component] @ http://localhost:3000/_next/static/chunks/node_modules_next_dist_0u_w_5s._.js:1945
[   38493ms] [ERROR] ./src/app/globals.css:2486:8
Parsing CSS source code failed
  2484 |   }
  2485 | }
> 2486 | @import url('https://fonts.googleapis.com/css2?family=Playfair+Display:ital,wght@0,400;0...
       |        ^
  2487 | :root {
  2488 |   --background: #F5F0E8;
  2489 |   --background-dark: #0D1B2A;

@import rules must precede all rules aside from @charset and @layer statements

Generated code of PostCSS transform of file content of src/app/globals.css:
./src/app/globals.css:2486:8
  2484 |   }
  2485 | }
> 2486 | @import url('https://fonts.googleapis.com/css2?family=Playfair+Display:ital,wght@0,400;0...
       |        ^
  2487 | :root {
  2488 |   --background: #F5F0E8;
  2489 |   --background-dark: #0D1B2A;

Import trace:
  Client Component Browser:
    ./src/app/globals.css [Client Component Browser]
    ./src/app/(public)/layout.tsx [Server Component] @ http://localhost:3000/_next/static/chunks/node_modules_next_dist_0u_w_5s._.js:1945
[   38543ms] [ERROR] ./src/app/globals.css:2486:8
Parsing CSS source code failed
  2484 |   }
  2485 | }
> 2486 | @import url('https://fonts.googleapis.com/css2?family=Playfair+Display:ital,wght@0,400;0...
       |        ^
  2487 | :root {
  2488 |   --background: #F5F0E8;
  2489 |   --background-dark: #0D1B2A;

@import rules must precede all rules aside from @charset and @layer statements

Generated code of PostCSS transform of file content of src/app/globals.css:
./src/app/globals.css:2486:8
  2484 |   }
  2485 | }
> 2486 | @import url('https://fonts.googleapis.com/css2?family=Playfair+Display:ital,wght@0,400;0...
       |        ^
  2487 | :root {
  2488 |   --background: #F5F0E8;
  2489 |   --background-dark: #0D1B2A;

Import trace:
  Client Component Browser:
    ./src/app/globals.css [Client Component Browser]
    ./src/app/(public)/layout.tsx [Server Component] @ http://localhost:3000/_next/static/chunks/node_modules_next_dist_0u_w_5s._.js:1945
[   38604ms] [ERROR] ./src/app/globals.css:2486:8
Parsing CSS source code failed
  2484 |   }
  2485 | }
> 2486 | @import url('https://fonts.googleapis.com/css2?family=Playfair+Display:ital,wght@0,400;0...
       |        ^
  2487 | :root {
  2488 |   --background: #F5F0E8;
  2489 |   --background-dark: #0D1B2A;

@import rules must precede all rules aside from @charset and @layer statements

Generated code of PostCSS transform of file content of src/app/globals.css:
./src/app/globals.css:2486:8
  2484 |   }
  2485 | }
> 2486 | @import url('https://fonts.googleapis.com/css2?family=Playfair+Display:ital,wght@0,400;0...
       |        ^
  2487 | :root {
  2488 |   --background: #F5F0E8;
  2489 |   --background-dark: #0D1B2A;

Import trace:
  Client Component Browser:
    ./src/app/globals.css [Client Component Browser]
    ./src/app/(public)/layout.tsx [Server Component] @ http://localhost:3000/_next/static/chunks/node_modules_next_dist_0u_w_5s._.js:1945
[   38655ms] [ERROR] ./src/app/globals.css:2486:8
Parsing CSS source code failed
  2484 |   }
  2485 | }
> 2486 | @import url('https://fonts.googleapis.com/css2?family=Playfair+Display:ital,wght@0,400;0...
       |        ^
  2487 | :root {
  2488 |   --background: #F5F0E8;
  2489 |   --background-dark: #0D1B2A;

@import rules must precede all rules aside from @charset and @layer statements

Generated code of PostCSS transform of file content of src/app/globals.css:
./src/app/globals.css:2486:8
  2484 |   }
  2485 | }
> 2486 | @import url('https://fonts.googleapis.com/css2?family=Playfair+Display:ital,wght@0,400;0...
       |        ^
  2487 | :root {
  2488 |   --background: #F5F0E8;
  2489 |   --background-dark: #0D1B2A;

Import trace:
  Client Component Browser:
    ./src/app/globals.css [Client Component Browser]
    ./src/app/(public)/layout.tsx [Server Component] @ http://localhost:3000/_next/static/chunks/node_modules_next_dist_0u_w_5s._.js:1945
[   38709ms] [ERROR] ./src/app/globals.css:2486:8
Parsing CSS source code failed
  2484 |   }
  2485 | }
> 2486 | @import url('https://fonts.googleapis.com/css2?family=Playfair+Display:ital,wght@0,400;0...
       |        ^
  2487 | :root {
  2488 |   --background: #F5F0E8;
  2489 |   --background-dark: #0D1B2A;

@import rules must precede all rules aside from @charset and @layer statements

Generated code of PostCSS transform of file content of src/app/globals.css:
./src/app/globals.css:2486:8
  2484 |   }
  2485 | }
> 2486 | @import url('https://fonts.googleapis.com/css2?family=Playfair+Display:ital,wght@0,400;0...
       |        ^
  2487 | :root {
  2488 |   --background: #F5F0E8;
  2489 |   --background-dark: #0D1B2A;

Import trace:
  Client Component Browser:
    ./src/app/globals.css [Client Component Browser]
    ./src/app/(public)/layout.tsx [Server Component] @ http://localhost:3000/_next/static/chunks/node_modules_next_dist_0u_w_5s._.js:1945
[   38759ms] [ERROR] ./src/app/globals.css:2486:8
Parsing CSS source code failed
  2484 |   }
  2485 | }
> 2486 | @import url('https://fonts.googleapis.com/css2?family=Playfair+Display:ital,wght@0,400;0...
       |        ^
  2487 | :root {
  2488 |   --background: #F5F0E8;
  2489 |   --background-dark: #0D1B2A;

@import rules must precede all rules aside from @charset and @layer statements

Generated code of PostCSS transform of file content of src/app/globals.css:
./src/app/globals.css:2486:8
  2484 |   }
  2485 | }
> 2486 | @import url('https://fonts.googleapis.com/css2?family=Playfair+Display:ital,wght@0,400;0...
       |        ^
  2487 | :root {
  2488 |   --background: #F5F0E8;
  2489 |   --background-dark: #0D1B2A;

Import trace:
  Client Component Browser:
    ./src/app/globals.css [Client Component Browser]
    ./src/app/(public)/layout.tsx [Server Component] @ http://localhost:3000/_next/static/chunks/node_modules_next_dist_0u_w_5s._.js:1945
[   38809ms] [ERROR] ./src/app/globals.css:2486:8
Parsing CSS source code failed
  2484 |   }
  2485 | }
> 2486 | @import url('https://fonts.googleapis.com/css2?family=Playfair+Display:ital,wght@0,400;0...
       |        ^
  2487 | :root {
  2488 |   --background: #F5F0E8;
  2489 |   --background-dark: #0D1B2A;

@import rules must precede all rules aside from @charset and @layer statements

Generated code of PostCSS transform of file content of src/app/globals.css:
./src/app/globals.css:2486:8
  2484 |   }
  2485 | }
> 2486 | @import url('https://fonts.googleapis.com/css2?family=Playfair+Display:ital,wght@0,400;0...
       |        ^
  2487 | :root {
  2488 |   --background: #F5F0E8;
  2489 |   --background-dark: #0D1B2A;

Import trace:
  Client Component Browser:
    ./src/app/globals.css [Client Component Browser]
    ./src/app/(public)/layout.tsx [Server Component] @ http://localhost:3000/_next/static/chunks/node_modules_next_dist_0u_w_5s._.js:1945
[   38858ms] [ERROR] ./src/app/globals.css:2486:8
Parsing CSS source code failed
  2484 |   }
  2485 | }
> 2486 | @import url('https://fonts.googleapis.com/css2?family=Playfair+Display:ital,wght@0,400;0...
       |        ^
  2487 | :root {
  2488 |   --background: #F5F0E8;
  2489 |   --background-dark: #0D1B2A;

@import rules must precede all rules aside from @charset and @layer statements

Generated code of PostCSS transform of file content of src/app/globals.css:
./src/app/globals.css:2486:8
  2484 |   }
  2485 | }
> 2486 | @import url('https://fonts.googleapis.com/css2?family=Playfair+Display:ital,wght@0,400;0...
       |        ^
  2487 | :root {
  2488 |   --background: #F5F0E8;
  2489 |   --background-dark: #0D1B2A;

Import trace:
  Client Component Browser:
    ./src/app/globals.css [Client Component Browser]
    ./src/app/(public)/layout.tsx [Server Component] @ http://localhost:3000/_next/static/chunks/node_modules_next_dist_0u_w_5s._.js:1945
[   38909ms] [ERROR] ./src/app/globals.css:2486:8
Parsing CSS source code failed
  2484 |   }
  2485 | }
> 2486 | @import url('https://fonts.googleapis.com/css2?family=Playfair+Display:ital,wght@0,400;0...
       |        ^
  2487 | :root {
  2488 |   --background: #F5F0E8;
  2489 |   --background-dark: #0D1B2A;

@import rules must precede all rules aside from @charset and @layer statements

Generated code of PostCSS transform of file content of src/app/globals.css:
./src/app/globals.css:2486:8
  2484 |   }
  2485 | }
> 2486 | @import url('https://fonts.googleapis.com/css2?family=Playfair+Display:ital,wght@0,400;0...
       |        ^
  2487 | :root {
  2488 |   --background: #F5F0E8;
  2489 |   --background-dark: #0D1B2A;

Import trace:
  Client Component Browser:
    ./src/app/globals.css [Client Component Browser]
    ./src/app/(public)/layout.tsx [Server Component] @ http://localhost:3000/_next/static/chunks/node_modules_next_dist_0u_w_5s._.js:1945
[   38959ms] [ERROR] ./src/app/globals.css:2486:8
Parsing CSS source code failed
  2484 |   }
  2485 | }
> 2486 | @import url('https://fonts.googleapis.com/css2?family=Playfair+Display:ital,wght@0,400;0...
       |        ^
  2487 | :root {
  2488 |   --background: #F5F0E8;
  2489 |   --background-dark: #0D1B2A;

@import rules must precede all rules aside from @charset and @layer statements

Generated code of PostCSS transform of file content of src/app/globals.css:
./src/app/globals.css:2486:8
  2484 |   }
  2485 | }
> 2486 | @import url('https://fonts.googleapis.com/css2?family=Playfair+Display:ital,wght@0,400;0...
       |        ^
  2487 | :root {
  2488 |   --background: #F5F0E8;
  2489 |   --background-dark: #0D1B2A;

Import trace:
  Client Component Browser:
    ./src/app/globals.css [Client Component Browser]
    ./src/app/(public)/layout.tsx [Server Component] @ http://localhost:3000/_next/static/chunks/node_modules_next_dist_0u_w_5s._.js:1945
[   39038ms] [ERROR] ./src/app/globals.css:2486:8
Parsing CSS source code failed
  2484 |   }
  2485 | }
> 2486 | @import url('https://fonts.googleapis.com/css2?family=Playfair+Display:ital,wght@0,400;0...
       |        ^
  2487 | :root {
  2488 |   --background: #F5F0E8;
  2489 |   --background-dark: #0D1B2A;

@import rules must precede all rules aside from @charset and @layer statements

Generated code of PostCSS transform of file content of src/app/globals.css:
./src/app/globals.css:2486:8
  2484 |   }
  2485 | }
> 2486 | @import url('https://fonts.googleapis.com/css2?family=Playfair+Display:ital,wght@0,400;0...
       |        ^
  2487 | :root {
  2488 |   --background: #F5F0E8;
  2489 |   --background-dark: #0D1B2A;

Import trace:
  Client Component Browser:
    ./src/app/globals.css [Client Component Browser]
    ./src/app/(public)/layout.tsx [Server Component] @ http://localhost:3000/_next/static/chunks/node_modules_next_dist_0u_w_5s._.js:1945
[   39093ms] [ERROR] ./src/app/globals.css:2486:8
Parsing CSS source code failed
  2484 |   }
  2485 | }
> 2486 | @import url('https://fonts.googleapis.com/css2?family=Playfair+Display:ital,wght@0,400;0...
       |        ^
  2487 | :root {
  2488 |   --background: #F5F0E8;
  2489 |   --background-dark: #0D1B2A;

@import rules must precede all rules aside from @charset and @layer statements

Generated code of PostCSS transform of file content of src/app/globals.css:
./src/app/globals.css:2486:8
  2484 |   }
  2485 | }
> 2486 | @import url('https://fonts.googleapis.com/css2?family=Playfair+Display:ital,wght@0,400;0...
       |        ^
  2487 | :root {
  2488 |   --background: #F5F0E8;
  2489 |   --background-dark: #0D1B2A;

Import trace:
  Client Component Browser:
    ./src/app/globals.css [Client Component Browser]
    ./src/app/(public)/layout.tsx [Server Component] @ http://localhost:3000/_next/static/chunks/node_modules_next_dist_0u_w_5s._.js:1945
[   39143ms] [ERROR] ./src/app/globals.css:2486:8
Parsing CSS source code failed
  2484 |   }
  2485 | }
> 2486 | @import url('https://fonts.googleapis.com/css2?family=Playfair+Display:ital,wght@0,400;0...
       |        ^
  2487 | :root {
  2488 |   --background: #F5F0E8;
  2489 |   --background-dark: #0D1B2A;

@import rules must precede all rules aside from @charset and @layer statements

Generated code of PostCSS transform of file content of src/app/globals.css:
./src/app/globals.css:2486:8
  2484 |   }
  2485 | }
> 2486 | @import url('https://fonts.googleapis.com/css2?family=Playfair+Display:ital,wght@0,400;0...
       |        ^
  2487 | :root {
  2488 |   --background: #F5F0E8;
  2489 |   --background-dark: #0D1B2A;

Import trace:
  Client Component Browser:
    ./src/app/globals.css [Client Component Browser]
    ./src/app/(public)/layout.tsx [Server Component] @ http://localhost:3000/_next/static/chunks/node_modules_next_dist_0u_w_5s._.js:1945
[   39193ms] [ERROR] ./src/app/globals.css:2486:8
Parsing CSS source code failed
  2484 |   }
  2485 | }
> 2486 | @import url('https://fonts.googleapis.com/css2?family=Playfair+Display:ital,wght@0,400;0...
       |        ^
  2487 | :root {
  2488 |   --background: #F5F0E8;
  2489 |   --background-dark: #0D1B2A;

@import rules must precede all rules aside from @charset and @layer statements

Generated code of PostCSS transform of file content of src/app/globals.css:
./src/app/globals.css:2486:8
  2484 |   }
  2485 | }
> 2486 | @import url('https://fonts.googleapis.com/css2?family=Playfair+Display:ital,wght@0,400;0...
       |        ^
  2487 | :root {
  2488 |   --background: #F5F0E8;
  2489 |   --background-dark: #0D1B2A;

Import trace:
  Client Component Browser:
    ./src/app/globals.css [Client Component Browser]
    ./src/app/(public)/layout.tsx [Server Component] @ http://localhost:3000/_next/static/chunks/node_modules_next_dist_0u_w_5s._.js:1945
[   39242ms] [ERROR] ./src/app/globals.css:2486:8
Parsing CSS source code failed
  2484 |   }
  2485 | }
> 2486 | @import url('https://fonts.googleapis.com/css2?family=Playfair+Display:ital,wght@0,400;0...
       |        ^
  2487 | :root {
  2488 |   --background: #F5F0E8;
  2489 |   --background-dark: #0D1B2A;

@import rules must precede all rules aside from @charset and @layer statements

Generated code of PostCSS transform of file content of src/app/globals.css:
./src/app/globals.css:2486:8
  2484 |   }
  2485 | }
> 2486 | @import url('https://fonts.googleapis.com/css2?family=Playfair+Display:ital,wght@0,400;0...
       |        ^
  2487 | :root {
  2488 |   --background: #F5F0E8;
  2489 |   --background-dark: #0D1B2A;

Import trace:
  Client Component Browser:
    ./src/app/globals.css [Client Component Browser]
    ./src/app/(public)/layout.tsx [Server Component] @ http://localhost:3000/_next/static/chunks/node_modules_next_dist_0u_w_5s._.js:1945
[   39293ms] [ERROR] ./src/app/globals.css:2486:8
Parsing CSS source code failed
  2484 |   }
  2485 | }
> 2486 | @import url('https://fonts.googleapis.com/css2?family=Playfair+Display:ital,wght@0,400;0...
       |        ^
  2487 | :root {
  2488 |   --background: #F5F0E8;
  2489 |   --background-dark: #0D1B2A;

@import rules must precede all rules aside from @charset and @layer statements

Generated code of PostCSS transform of file content of src/app/globals.css:
./src/app/globals.css:2486:8
  2484 |   }
  2485 | }
> 2486 | @import url('https://fonts.googleapis.com/css2?family=Playfair+Display:ital,wght@0,400;0...
       |        ^
  2487 | :root {
  2488 |   --background: #F5F0E8;
  2489 |   --background-dark: #0D1B2A;

Import trace:
  Client Component Browser:
    ./src/app/globals.css [Client Component Browser]
    ./src/app/(public)/layout.tsx [Server Component] @ http://localhost:3000/_next/static/chunks/node_modules_next_dist_0u_w_5s._.js:1945
[   39343ms] [ERROR] ./src/app/globals.css:2486:8
Parsing CSS source code failed
  2484 |   }
  2485 | }
> 2486 | @import url('https://fonts.googleapis.com/css2?family=Playfair+Display:ital,wght@0,400;0...
       |        ^
  2487 | :root {
  2488 |   --background: #F5F0E8;
  2489 |   --background-dark: #0D1B2A;

@import rules must precede all rules aside from @charset and @layer statements

Generated code of PostCSS transform of file content of src/app/globals.css:
./src/app/globals.css:2486:8
  2484 |   }
  2485 | }
> 2486 | @import url('https://fonts.googleapis.com/css2?family=Playfair+Display:ital,wght@0,400;0...
       |        ^
  2487 | :root {
  2488 |   --background: #F5F0E8;
  2489 |   --background-dark: #0D1B2A;

Import trace:
  Client Component Browser:
    ./src/app/globals.css [Client Component Browser]
    ./src/app/(public)/layout.tsx [Server Component] @ http://localhost:3000/_next/static/chunks/node_modules_next_dist_0u_w_5s._.js:1945
[   39401ms] [ERROR] ./src/app/globals.css:2486:8
Parsing CSS source code failed
  2484 |   }
  2485 | }
> 2486 | @import url('https://fonts.googleapis.com/css2?family=Playfair+Display:ital,wght@0,400;0...
       |        ^
  2487 | :root {
  2488 |   --background: #F5F0E8;
  2489 |   --background-dark: #0D1B2A;

@import rules must precede all rules aside from @charset and @layer statements

Generated code of PostCSS transform of file content of src/app/globals.css:
./src/app/globals.css:2486:8
  2484 |   }
  2485 | }
> 2486 | @import url('https://fonts.googleapis.com/css2?family=Playfair+Display:ital,wght@0,400;0...
       |        ^
  2487 | :root {
  2488 |   --background: #F5F0E8;
  2489 |   --background-dark: #0D1B2A;

Import trace:
  Client Component Browser:
    ./src/app/globals.css [Client Component Browser]
    ./src/app/(public)/layout.tsx [Server Component] @ http://localhost:3000/_next/static/chunks/node_modules_next_dist_0u_w_5s._.js:1945
[   39454ms] [ERROR] ./src/app/globals.css:2486:8
Parsing CSS source code failed
  2484 |   }
  2485 | }
> 2486 | @import url('https://fonts.googleapis.com/css2?family=Playfair+Display:ital,wght@0,400;0...
       |        ^
  2487 | :root {
  2488 |   --background: #F5F0E8;
  2489 |   --background-dark: #0D1B2A;

@import rules must precede all rules aside from @charset and @layer statements

Generated code of PostCSS transform of file content of src/app/globals.css:
./src/app/globals.css:2486:8
  2484 |   }
  2485 | }
> 2486 | @import url('https://fonts.googleapis.com/css2?family=Playfair+Display:ital,wght@0,400;0...
       |        ^
  2487 | :root {
  2488 |   --background: #F5F0E8;
  2489 |   --background-dark: #0D1B2A;

Import trace:
  Client Component Browser:
    ./src/app/globals.css [Client Component Browser]
    ./src/app/(public)/layout.tsx [Server Component] @ http://localhost:3000/_next/static/chunks/node_modules_next_dist_0u_w_5s._.js:1945
[   39502ms] [ERROR] ./src/app/globals.css:2486:8
Parsing CSS source code failed
  2484 |   }
  2485 | }
> 2486 | @import url('https://fonts.googleapis.com/css2?family=Playfair+Display:ital,wght@0,400;0...
       |        ^
  2487 | :root {
  2488 |   --background: #F5F0E8;
  2489 |   --background-dark: #0D1B2A;

@import rules must precede all rules aside from @charset and @layer statements

Generated code of PostCSS transform of file content of src/app/globals.css:
./src/app/globals.css:2486:8
  2484 |   }
  2485 | }
> 2486 | @import url('https://fonts.googleapis.com/css2?family=Playfair+Display:ital,wght@0,400;0...
       |        ^
  2487 | :root {
  2488 |   --background: #F5F0E8;
  2489 |   --background-dark: #0D1B2A;

Import trace:
  Client Component Browser:
    ./src/app/globals.css [Client Component Browser]
    ./src/app/(public)/layout.tsx [Server Component] @ http://localhost:3000/_next/static/chunks/node_modules_next_dist_0u_w_5s._.js:1945
[   39562ms] [ERROR] ./src/app/globals.css:2486:8
Parsing CSS source code failed
  2484 |   }
  2485 | }
> 2486 | @import url('https://fonts.googleapis.com/css2?family=Playfair+Display:ital,wght@0,400;0...
       |        ^
  2487 | :root {
  2488 |   --background: #F5F0E8;
  2489 |   --background-dark: #0D1B2A;

@import rules must precede all rules aside from @charset and @layer statements

Generated code of PostCSS transform of file content of src/app/globals.css:
./src/app/globals.css:2486:8
  2484 |   }
  2485 | }
> 2486 | @import url('https://fonts.googleapis.com/css2?family=Playfair+Display:ital,wght@0,400;0...
       |        ^
  2487 | :root {
  2488 |   --background: #F5F0E8;
  2489 |   --background-dark: #0D1B2A;

Import trace:
  Client Component Browser:
    ./src/app/globals.css [Client Component Browser]
    ./src/app/(public)/layout.tsx [Server Component] @ http://localhost:3000/_next/static/chunks/node_modules_next_dist_0u_w_5s._.js:1945
[   39621ms] [ERROR] ./src/app/globals.css:2486:8
Parsing CSS source code failed
  2484 |   }
  2485 | }
> 2486 | @import url('https://fonts.googleapis.com/css2?family=Playfair+Display:ital,wght@0,400;0...
       |        ^
  2487 | :root {
  2488 |   --background: #F5F0E8;
  2489 |   --background-dark: #0D1B2A;

@import rules must precede all rules aside from @charset and @layer statements

Generated code of PostCSS transform of file content of src/app/globals.css:
./src/app/globals.css:2486:8
  2484 |   }
  2485 | }
> 2486 | @import url('https://fonts.googleapis.com/css2?family=Playfair+Display:ital,wght@0,400;0...
       |        ^
  2487 | :root {
  2488 |   --background: #F5F0E8;
  2489 |   --background-dark: #0D1B2A;

Import trace:
  Client Component Browser:
    ./src/app/globals.css [Client Component Browser]
    ./src/app/(public)/layout.tsx [Server Component] @ http://localhost:3000/_next/static/chunks/node_modules_next_dist_0u_w_5s._.js:1945
[   39671ms] [ERROR] ./src/app/globals.css:2486:8
Parsing CSS source code failed
  2484 |   }
  2485 | }
> 2486 | @import url('https://fonts.googleapis.com/css2?family=Playfair+Display:ital,wght@0,400;0...
       |        ^
  2487 | :root {
  2488 |   --background: #F5F0E8;
  2489 |   --background-dark: #0D1B2A;

@import rules must precede all rules aside from @charset and @layer statements

Generated code of PostCSS transform of file content of src/app/globals.css:
./src/app/globals.css:2486:8
  2484 |   }
  2485 | }
> 2486 | @import url('https://fonts.googleapis.com/css2?family=Playfair+Display:ital,wght@0,400;0...
       |        ^
  2487 | :root {
  2488 |   --background: #F5F0E8;
  2489 |   --background-dark: #0D1B2A;

Import trace:
  Client Component Browser:
    ./src/app/globals.css [Client Component Browser]
    ./src/app/(public)/layout.tsx [Server Component] @ http://localhost:3000/_next/static/chunks/node_modules_next_dist_0u_w_5s._.js:1945
[   39726ms] [ERROR] ./src/app/globals.css:2486:8
Parsing CSS source code failed
  2484 |   }
  2485 | }
> 2486 | @import url('https://fonts.googleapis.com/css2?family=Playfair+Display:ital,wght@0,400;0...
       |        ^
  2487 | :root {
  2488 |   --background: #F5F0E8;
  2489 |   --background-dark: #0D1B2A;

@import rules must precede all rules aside from @charset and @layer statements

Generated code of PostCSS transform of file content of src/app/globals.css:
./src/app/globals.css:2486:8
  2484 |   }
  2485 | }
> 2486 | @import url('https://fonts.googleapis.com/css2?family=Playfair+Display:ital,wght@0,400;0...
       |        ^
  2487 | :root {
  2488 |   --background: #F5F0E8;
  2489 |   --background-dark: #0D1B2A;

Import trace:
  Client Component Browser:
    ./src/app/globals.css [Client Component Browser]
    ./src/app/(public)/layout.tsx [Server Component] @ http://localhost:3000/_next/static/chunks/node_modules_next_dist_0u_w_5s._.js:1945
[   39776ms] [ERROR] ./src/app/globals.css:2486:8
Parsing CSS source code failed
  2484 |   }
  2485 | }
> 2486 | @import url('https://fonts.googleapis.com/css2?family=Playfair+Display:ital,wght@0,400;0...
       |        ^
  2487 | :root {
  2488 |   --background: #F5F0E8;
  2489 |   --background-dark: #0D1B2A;

@import rules must precede all rules aside from @charset and @layer statements

Generated code of PostCSS transform of file content of src/app/globals.css:
./src/app/globals.css:2486:8
  2484 |   }
  2485 | }
> 2486 | @import url('https://fonts.googleapis.com/css2?family=Playfair+Display:ital,wght@0,400;0...
       |        ^
  2487 | :root {
  2488 |   --background: #F5F0E8;
  2489 |   --background-dark: #0D1B2A;

Import trace:
  Client Component Browser:
    ./src/app/globals.css [Client Component Browser]
    ./src/app/(public)/layout.tsx [Server Component] @ http://localhost:3000/_next/static/chunks/node_modules_next_dist_0u_w_5s._.js:1945
[   39828ms] [ERROR] ./src/app/globals.css:2486:8
Parsing CSS source code failed
  2484 |   }
  2485 | }
> 2486 | @import url('https://fonts.googleapis.com/css2?family=Playfair+Display:ital,wght@0,400;0...
       |        ^
  2487 | :root {
  2488 |   --background: #F5F0E8;
  2489 |   --background-dark: #0D1B2A;

@import rules must precede all rules aside from @charset and @layer statements

Generated code of PostCSS transform of file content of src/app/globals.css:
./src/app/globals.css:2486:8
  2484 |   }
  2485 | }
> 2486 | @import url('https://fonts.googleapis.com/css2?family=Playfair+Display:ital,wght@0,400;0...
       |        ^
  2487 | :root {
  2488 |   --background: #F5F0E8;
  2489 |   --background-dark: #0D1B2A;

Import trace:
  Client Component Browser:
    ./src/app/globals.css [Client Component Browser]
    ./src/app/(public)/layout.tsx [Server Component] @ http://localhost:3000/_next/static/chunks/node_modules_next_dist_0u_w_5s._.js:1945
[   39886ms] [ERROR] ./src/app/globals.css:2486:8
Parsing CSS source code failed
  2484 |   }
  2485 | }
> 2486 | @import url('https://fonts.googleapis.com/css2?family=Playfair+Display:ital,wght@0,400;0...
       |        ^
  2487 | :root {
  2488 |   --background: #F5F0E8;
  2489 |   --background-dark: #0D1B2A;

@import rules must precede all rules aside from @charset and @layer statements

Generated code of PostCSS transform of file content of src/app/globals.css:
./src/app/globals.css:2486:8
  2484 |   }
  2485 | }
> 2486 | @import url('https://fonts.googleapis.com/css2?family=Playfair+Display:ital,wght@0,400;0...
       |        ^
  2487 | :root {
  2488 |   --background: #F5F0E8;
  2489 |   --background-dark: #0D1B2A;

Import trace:
  Client Component Browser:
    ./src/app/globals.css [Client Component Browser]
    ./src/app/(public)/layout.tsx [Server Component] @ http://localhost:3000/_next/static/chunks/node_modules_next_dist_0u_w_5s._.js:1945
[   39944ms] [ERROR] ./src/app/globals.css:2486:8
Parsing CSS source code failed
  2484 |   }
  2485 | }
> 2486 | @import url('https://fonts.googleapis.com/css2?family=Playfair+Display:ital,wght@0,400;0...
       |        ^
  2487 | :root {
  2488 |   --background: #F5F0E8;
  2489 |   --background-dark: #0D1B2A;

@import rules must precede all rules aside from @charset and @layer statements

Generated code of PostCSS transform of file content of src/app/globals.css:
./src/app/globals.css:2486:8
  2484 |   }
  2485 | }
> 2486 | @import url('https://fonts.googleapis.com/css2?family=Playfair+Display:ital,wght@0,400;0...
       |        ^
  2487 | :root {
  2488 |   --background: #F5F0E8;
  2489 |   --background-dark: #0D1B2A;

Import trace:
  Client Component Browser:
    ./src/app/globals.css [Client Component Browser]
    ./src/app/(public)/layout.tsx [Server Component] @ http://localhost:3000/_next/static/chunks/node_modules_next_dist_0u_w_5s._.js:1945
[   39993ms] [ERROR] ./src/app/globals.css:2486:8
Parsing CSS source code failed
  2484 |   }
  2485 | }
> 2486 | @import url('https://fonts.googleapis.com/css2?family=Playfair+Display:ital,wght@0,400;0...
       |        ^
  2487 | :root {
  2488 |   --background: #F5F0E8;
  2489 |   --background-dark: #0D1B2A;

@import rules must precede all rules aside from @charset and @layer statements

Generated code of PostCSS transform of file content of src/app/globals.css:
./src/app/globals.css:2486:8
  2484 |   }
  2485 | }
> 2486 | @import url('https://fonts.googleapis.com/css2?family=Playfair+Display:ital,wght@0,400;0...
       |        ^
  2487 | :root {
  2488 |   --background: #F5F0E8;
  2489 |   --background-dark: #0D1B2A;

Import trace:
  Client Component Browser:
    ./src/app/globals.css [Client Component Browser]
    ./src/app/(public)/layout.tsx [Server Component] @ http://localhost:3000/_next/static/chunks/node_modules_next_dist_0u_w_5s._.js:1945
[   40047ms] [ERROR] ./src/app/globals.css:2486:8
Parsing CSS source code failed
  2484 |   }
  2485 | }
> 2486 | @import url('https://fonts.googleapis.com/css2?family=Playfair+Display:ital,wght@0,400;0...
       |        ^
  2487 | :root {
  2488 |   --background: #F5F0E8;
  2489 |   --background-dark: #0D1B2A;

@import rules must precede all rules aside from @charset and @layer statements

Generated code of PostCSS transform of file content of src/app/globals.css:
./src/app/globals.css:2486:8
  2484 |   }
  2485 | }
> 2486 | @import url('https://fonts.googleapis.com/css2?family=Playfair+Display:ital,wght@0,400;0...
       |        ^
  2487 | :root {
  2488 |   --background: #F5F0E8;
  2489 |   --background-dark: #0D1B2A;

Import trace:
  Client Component Browser:
    ./src/app/globals.css [Client Component Browser]
    ./src/app/(public)/layout.tsx [Server Component] @ http://localhost:3000/_next/static/chunks/node_modules_next_dist_0u_w_5s._.js:1945
[   40105ms] [ERROR] ./src/app/globals.css:2486:8
Parsing CSS source code failed
  2484 |   }
  2485 | }
> 2486 | @import url('https://fonts.googleapis.com/css2?family=Playfair+Display:ital,wght@0,400;0...
       |        ^
  2487 | :root {
  2488 |   --background: #F5F0E8;
  2489 |   --background-dark: #0D1B2A;

@import rules must precede all rules aside from @charset and @layer statements

Generated code of PostCSS transform of file content of src/app/globals.css:
./src/app/globals.css:2486:8
  2484 |   }
  2485 | }
> 2486 | @import url('https://fonts.googleapis.com/css2?family=Playfair+Display:ital,wght@0,400;0...
       |        ^
  2487 | :root {
  2488 |   --background: #F5F0E8;
  2489 |   --background-dark: #0D1B2A;

Import trace:
  Client Component Browser:
    ./src/app/globals.css [Client Component Browser]
    ./src/app/(public)/layout.tsx [Server Component] @ http://localhost:3000/_next/static/chunks/node_modules_next_dist_0u_w_5s._.js:1945
[   40154ms] [ERROR] ./src/app/globals.css:2486:8
Parsing CSS source code failed
  2484 |   }
  2485 | }
> 2486 | @import url('https://fonts.googleapis.com/css2?family=Playfair+Display:ital,wght@0,400;0...
       |        ^
  2487 | :root {
  2488 |   --background: #F5F0E8;
  2489 |   --background-dark: #0D1B2A;

@import rules must precede all rules aside from @charset and @layer statements

Generated code of PostCSS transform of file content of src/app/globals.css:
./src/app/globals.css:2486:8
  2484 |   }
  2485 | }
> 2486 | @import url('https://fonts.googleapis.com/css2?family=Playfair+Display:ital,wght@0,400;0...
       |        ^
  2487 | :root {
  2488 |   --background: #F5F0E8;
  2489 |   --background-dark: #0D1B2A;

Import trace:
  Client Component Browser:
    ./src/app/globals.css [Client Component Browser]
    ./src/app/(public)/layout.tsx [Server Component] @ http://localhost:3000/_next/static/chunks/node_modules_next_dist_0u_w_5s._.js:1945
[   40205ms] [ERROR] ./src/app/globals.css:2486:8
Parsing CSS source code failed
  2484 |   }
  2485 | }
> 2486 | @import url('https://fonts.googleapis.com/css2?family=Playfair+Display:ital,wght@0,400;0...
       |        ^
  2487 | :root {
  2488 |   --background: #F5F0E8;
  2489 |   --background-dark: #0D1B2A;

@import rules must precede all rules aside from @charset and @layer statements

Generated code of PostCSS transform of file content of src/app/globals.css:
./src/app/globals.css:2486:8
  2484 |   }
  2485 | }
> 2486 | @import url('https://fonts.googleapis.com/css2?family=Playfair+Display:ital,wght@0,400;0...
       |        ^
  2487 | :root {
  2488 |   --background: #F5F0E8;
  2489 |   --background-dark: #0D1B2A;

Import trace:
  Client Component Browser:
    ./src/app/globals.css [Client Component Browser]
    ./src/app/(public)/layout.tsx [Server Component] @ http://localhost:3000/_next/static/chunks/node_modules_next_dist_0u_w_5s._.js:1945
[   40258ms] [ERROR] ./src/app/globals.css:2486:8
Parsing CSS source code failed
  2484 |   }
  2485 | }
> 2486 | @import url('https://fonts.googleapis.com/css2?family=Playfair+Display:ital,wght@0,400;0...
       |        ^
  2487 | :root {
  2488 |   --background: #F5F0E8;
  2489 |   --background-dark: #0D1B2A;

@import rules must precede all rules aside from @charset and @layer statements

Generated code of PostCSS transform of file content of src/app/globals.css:
./src/app/globals.css:2486:8
  2484 |   }
  2485 | }
> 2486 | @import url('https://fonts.googleapis.com/css2?family=Playfair+Display:ital,wght@0,400;0...
       |        ^
  2487 | :root {
  2488 |   --background: #F5F0E8;
  2489 |   --background-dark: #0D1B2A;

Import trace:
  Client Component Browser:
    ./src/app/globals.css [Client Component Browser]
    ./src/app/(public)/layout.tsx [Server Component] @ http://localhost:3000/_next/static/chunks/node_modules_next_dist_0u_w_5s._.js:1945
[   40319ms] [ERROR] ./src/app/globals.css:2486:8
Parsing CSS source code failed
  2484 |   }
  2485 | }
> 2486 | @import url('https://fonts.googleapis.com/css2?family=Playfair+Display:ital,wght@0,400;0...
       |        ^
  2487 | :root {
  2488 |   --background: #F5F0E8;
  2489 |   --background-dark: #0D1B2A;

@import rules must precede all rules aside from @charset and @layer statements

Generated code of PostCSS transform of file content of src/app/globals.css:
./src/app/globals.css:2486:8
  2484 |   }
  2485 | }
> 2486 | @import url('https://fonts.googleapis.com/css2?family=Playfair+Display:ital,wght@0,400;0...
       |        ^
  2487 | :root {
  2488 |   --background: #F5F0E8;
  2489 |   --background-dark: #0D1B2A;

Import trace:
  Client Component Browser:
    ./src/app/globals.css [Client Component Browser]
    ./src/app/(public)/layout.tsx [Server Component] @ http://localhost:3000/_next/static/chunks/node_modules_next_dist_0u_w_5s._.js:1945
[   40368ms] [ERROR] ./src/app/globals.css:2486:8
Parsing CSS source code failed
  2484 |   }
  2485 | }
> 2486 | @import url('https://fonts.googleapis.com/css2?family=Playfair+Display:ital,wght@0,400;0...
       |        ^
  2487 | :root {
  2488 |   --background: #F5F0E8;
  2489 |   --background-dark: #0D1B2A;

@import rules must precede all rules aside from @charset and @layer statements

Generated code of PostCSS transform of file content of src/app/globals.css:
./src/app/globals.css:2486:8
  2484 |   }
  2485 | }
> 2486 | @import url('https://fonts.googleapis.com/css2?family=Playfair+Display:ital,wght@0,400;0...
       |        ^
  2487 | :root {
  2488 |   --background: #F5F0E8;
  2489 |   --background-dark: #0D1B2A;

Import trace:
  Client Component Browser:
    ./src/app/globals.css [Client Component Browser]
    ./src/app/(public)/layout.tsx [Server Component] @ http://localhost:3000/_next/static/chunks/node_modules_next_dist_0u_w_5s._.js:1945
[   40421ms] [ERROR] ./src/app/globals.css:2486:8
Parsing CSS source code failed
  2484 |   }
  2485 | }
> 2486 | @import url('https://fonts.googleapis.com/css2?family=Playfair+Display:ital,wght@0,400;0...
       |        ^
  2487 | :root {
  2488 |   --background: #F5F0E8;
  2489 |   --background-dark: #0D1B2A;

@import rules must precede all rules aside from @charset and @layer statements

Generated code of PostCSS transform of file content of src/app/globals.css:
./src/app/globals.css:2486:8
  2484 |   }
  2485 | }
> 2486 | @import url('https://fonts.googleapis.com/css2?family=Playfair+Display:ital,wght@0,400;0...
       |        ^
  2487 | :root {
  2488 |   --background: #F5F0E8;
  2489 |   --background-dark: #0D1B2A;

Import trace:
  Client Component Browser:
    ./src/app/globals.css [Client Component Browser]
    ./src/app/(public)/layout.tsx [Server Component] @ http://localhost:3000/_next/static/chunks/node_modules_next_dist_0u_w_5s._.js:1945
[   40476ms] [ERROR] ./src/app/globals.css:2486:8
Parsing CSS source code failed
  2484 |   }
  2485 | }
> 2486 | @import url('https://fonts.googleapis.com/css2?family=Playfair+Display:ital,wght@0,400;0...
       |        ^
  2487 | :root {
  2488 |   --background: #F5F0E8;
  2489 |   --background-dark: #0D1B2A;

@import rules must precede all rules aside from @charset and @layer statements

Generated code of PostCSS transform of file content of src/app/globals.css:
./src/app/globals.css:2486:8
  2484 |   }
  2485 | }
> 2486 | @import url('https://fonts.googleapis.com/css2?family=Playfair+Display:ital,wght@0,400;0...
       |        ^
  2487 | :root {
  2488 |   --background: #F5F0E8;
  2489 |   --background-dark: #0D1B2A;

Import trace:
  Client Component Browser:
    ./src/app/globals.css [Client Component Browser]
    ./src/app/(public)/layout.tsx [Server Component] @ http://localhost:3000/_next/static/chunks/node_modules_next_dist_0u_w_5s._.js:1945
[   40527ms] [ERROR] ./src/app/globals.css:2486:8
Parsing CSS source code failed
  2484 |   }
  2485 | }
> 2486 | @import url('https://fonts.googleapis.com/css2?family=Playfair+Display:ital,wght@0,400;0...
       |        ^
  2487 | :root {
  2488 |   --background: #F5F0E8;
  2489 |   --background-dark: #0D1B2A;

@import rules must precede all rules aside from @charset and @layer statements

Generated code of PostCSS transform of file content of src/app/globals.css:
./src/app/globals.css:2486:8
  2484 |   }
  2485 | }
> 2486 | @import url('https://fonts.googleapis.com/css2?family=Playfair+Display:ital,wght@0,400;0...
       |        ^
  2487 | :root {
  2488 |   --background: #F5F0E8;
  2489 |   --background-dark: #0D1B2A;

Import trace:
  Client Component Browser:
    ./src/app/globals.css [Client Component Browser]
    ./src/app/(public)/layout.tsx [Server Component] @ http://localhost:3000/_next/static/chunks/node_modules_next_dist_0u_w_5s._.js:1945
[   40586ms] [ERROR] ./src/app/globals.css:2486:8
Parsing CSS source code failed
  2484 |   }
  2485 | }
> 2486 | @import url('https://fonts.googleapis.com/css2?family=Playfair+Display:ital,wght@0,400;0...
       |        ^
  2487 | :root {
  2488 |   --background: #F5F0E8;
  2489 |   --background-dark: #0D1B2A;

@import rules must precede all rules aside from @charset and @layer statements

Generated code of PostCSS transform of file content of src/app/globals.css:
./src/app/globals.css:2486:8
  2484 |   }
  2485 | }
> 2486 | @import url('https://fonts.googleapis.com/css2?family=Playfair+Display:ital,wght@0,400;0...
       |        ^
  2487 | :root {
  2488 |   --background: #F5F0E8;
  2489 |   --background-dark: #0D1B2A;

Import trace:
  Client Component Browser:
    ./src/app/globals.css [Client Component Browser]
    ./src/app/(public)/layout.tsx [Server Component] @ http://localhost:3000/_next/static/chunks/node_modules_next_dist_0u_w_5s._.js:1945
[   40639ms] [ERROR] ./src/app/globals.css:2486:8
Parsing CSS source code failed
  2484 |   }
  2485 | }
> 2486 | @import url('https://fonts.googleapis.com/css2?family=Playfair+Display:ital,wght@0,400;0...
       |        ^
  2487 | :root {
  2488 |   --background: #F5F0E8;
  2489 |   --background-dark: #0D1B2A;

@import rules must precede all rules aside from @charset and @layer statements

Generated code of PostCSS transform of file content of src/app/globals.css:
./src/app/globals.css:2486:8
  2484 |   }
  2485 | }
> 2486 | @import url('https://fonts.googleapis.com/css2?family=Playfair+Display:ital,wght@0,400;0...
       |        ^
  2487 | :root {
  2488 |   --background: #F5F0E8;
  2489 |   --background-dark: #0D1B2A;

Import trace:
  Client Component Browser:
    ./src/app/globals.css [Client Component Browser]
    ./src/app/(public)/layout.tsx [Server Component] @ http://localhost:3000/_next/static/chunks/node_modules_next_dist_0u_w_5s._.js:1945
[   40693ms] [ERROR] ./src/app/globals.css:2486:8
Parsing CSS source code failed
  2484 |   }
  2485 | }
> 2486 | @import url('https://fonts.googleapis.com/css2?family=Playfair+Display:ital,wght@0,400;0...
       |        ^
  2487 | :root {
  2488 |   --background: #F5F0E8;
  2489 |   --background-dark: #0D1B2A;

@import rules must precede all rules aside from @charset and @layer statements

Generated code of PostCSS transform of file content of src/app/globals.css:
./src/app/globals.css:2486:8
  2484 |   }
  2485 | }
> 2486 | @import url('https://fonts.googleapis.com/css2?family=Playfair+Display:ital,wght@0,400;0...
       |        ^
  2487 | :root {
  2488 |   --background: #F5F0E8;
  2489 |   --background-dark: #0D1B2A;

Import trace:
  Client Component Browser:
    ./src/app/globals.css [Client Component Browser]
    ./src/app/(public)/layout.tsx [Server Component] @ http://localhost:3000/_next/static/chunks/node_modules_next_dist_0u_w_5s._.js:1945
[   40748ms] [ERROR] ./src/app/globals.css:2486:8
Parsing CSS source code failed
  2484 |   }
  2485 | }
> 2486 | @import url('https://fonts.googleapis.com/css2?family=Playfair+Display:ital,wght@0,400;0...
       |        ^
  2487 | :root {
  2488 |   --background: #F5F0E8;
  2489 |   --background-dark: #0D1B2A;

@import rules must precede all rules aside from @charset and @layer statements

Generated code of PostCSS transform of file content of src/app/globals.css:
./src/app/globals.css:2486:8
  2484 |   }
  2485 | }
> 2486 | @import url('https://fonts.googleapis.com/css2?family=Playfair+Display:ital,wght@0,400;0...
       |        ^
  2487 | :root {
  2488 |   --background: #F5F0E8;
  2489 |   --background-dark: #0D1B2A;

Import trace:
  Client Component Browser:
    ./src/app/globals.css [Client Component Browser]
    ./src/app/(public)/layout.tsx [Server Component] @ http://localhost:3000/_next/static/chunks/node_modules_next_dist_0u_w_5s._.js:1945
[   40803ms] [ERROR] ./src/app/globals.css:2486:8
Parsing CSS source code failed
  2484 |   }
  2485 | }
> 2486 | @import url('https://fonts.googleapis.com/css2?family=Playfair+Display:ital,wght@0,400;0...
       |        ^
  2487 | :root {
  2488 |   --background: #F5F0E8;
  2489 |   --background-dark: #0D1B2A;

@import rules must precede all rules aside from @charset and @layer statements

Generated code of PostCSS transform of file content of src/app/globals.css:
./src/app/globals.css:2486:8
  2484 |   }
  2485 | }
> 2486 | @import url('https://fonts.googleapis.com/css2?family=Playfair+Display:ital,wght@0,400;0...
       |        ^
  2487 | :root {
  2488 |   --background: #F5F0E8;
  2489 |   --background-dark: #0D1B2A;

Import trace:
  Client Component Browser:
    ./src/app/globals.css [Client Component Browser]
    ./src/app/(public)/layout.tsx [Server Component] @ http://localhost:3000/_next/static/chunks/node_modules_next_dist_0u_w_5s._.js:1945
[   40854ms] [ERROR] ./src/app/globals.css:2486:8
Parsing CSS source code failed
  2484 |   }
  2485 | }
> 2486 | @import url('https://fonts.googleapis.com/css2?family=Playfair+Display:ital,wght@0,400;0...
       |        ^
  2487 | :root {
  2488 |   --background: #F5F0E8;
  2489 |   --background-dark: #0D1B2A;

@import rules must precede all rules aside from @charset and @layer statements

Generated code of PostCSS transform of file content of src/app/globals.css:
./src/app/globals.css:2486:8
  2484 |   }
  2485 | }
> 2486 | @import url('https://fonts.googleapis.com/css2?family=Playfair+Display:ital,wght@0,400;0...
       |        ^
  2487 | :root {
  2488 |   --background: #F5F0E8;
  2489 |   --background-dark: #0D1B2A;

Import trace:
  Client Component Browser:
    ./src/app/globals.css [Client Component Browser]
    ./src/app/(public)/layout.tsx [Server Component] @ http://localhost:3000/_next/static/chunks/node_modules_next_dist_0u_w_5s._.js:1945
[   40904ms] [ERROR] ./src/app/globals.css:2486:8
Parsing CSS source code failed
  2484 |   }
  2485 | }
> 2486 | @import url('https://fonts.googleapis.com/css2?family=Playfair+Display:ital,wght@0,400;0...
       |        ^
  2487 | :root {
  2488 |   --background: #F5F0E8;
  2489 |   --background-dark: #0D1B2A;

@import rules must precede all rules aside from @charset and @layer statements

Generated code of PostCSS transform of file content of src/app/globals.css:
./src/app/globals.css:2486:8
  2484 |   }
  2485 | }
> 2486 | @import url('https://fonts.googleapis.com/css2?family=Playfair+Display:ital,wght@0,400;0...
       |        ^
  2487 | :root {
  2488 |   --background: #F5F0E8;
  2489 |   --background-dark: #0D1B2A;

Import trace:
  Client Component Browser:
    ./src/app/globals.css [Client Component Browser]
    ./src/app/(public)/layout.tsx [Server Component] @ http://localhost:3000/_next/static/chunks/node_modules_next_dist_0u_w_5s._.js:1945
[   40961ms] [ERROR] ./src/app/globals.css:2486:8
Parsing CSS source code failed
  2484 |   }
  2485 | }
> 2486 | @import url('https://fonts.googleapis.com/css2?family=Playfair+Display:ital,wght@0,400;0...
       |        ^
  2487 | :root {
  2488 |   --background: #F5F0E8;
  2489 |   --background-dark: #0D1B2A;

@import rules must precede all rules aside from @charset and @layer statements

Generated code of PostCSS transform of file content of src/app/globals.css:
./src/app/globals.css:2486:8
  2484 |   }
  2485 | }
> 2486 | @import url('https://fonts.googleapis.com/css2?family=Playfair+Display:ital,wght@0,400;0...
       |        ^
  2487 | :root {
  2488 |   --background: #F5F0E8;
  2489 |   --background-dark: #0D1B2A;

Import trace:
  Client Component Browser:
    ./src/app/globals.css [Client Component Browser]
    ./src/app/(public)/layout.tsx [Server Component] @ http://localhost:3000/_next/static/chunks/node_modules_next_dist_0u_w_5s._.js:1945
[   41113ms] [LOG] [Fast Refresh] rebuilding @ http://localhost:3000/_next/static/chunks/node_modules_next_dist_0u_w_5s._.js:1226
[   41216ms] [LOG] [Fast Refresh] done in 174ms @ http://localhost:3000/_next/static/chunks/node_modules_next_dist_0u_w_5s._.js:1226
[   41576ms] [LOG] [Fast Refresh] rebuilding @ http://localhost:3000/_next/static/chunks/node_modules_next_dist_0u_w_5s._.js:1226
[   49036ms] [LOG] [Fast Refresh] done in 7561ms @ http://localhost:3000/_next/static/chunks/node_modules_next_dist_0u_w_5s._.js:1226
